province,type_property,property_url,property_id,subtype_property,type_of_contract,postal_code,city
brussels,House,https://immovlan.be/en/detail/residence/for-sale/1150/sint-pieters-woluwe/vbe35189,vbe35189,residence,for-sale,1150,sint-pieters-woluwe
brussels,Apartment,https://immovlan.be/en/detail/duplex/for-sale/1000/brussels/vbe35095,vbe35095,duplex,for-sale,1000,brussels
brussels,Apartment,https://immovlan.be/en/detail/apartment/for-sale/1210/sint-joost-ten-node/vbe35094,vbe35094,apartment,for-sale,1210,sint-joost-ten-node
brussels,Apartment,https://immovlan.be/en/detail/apartment/for-sale/1050/elsene/vbe35040,vbe35040,apartment,for-sale,1050,elsene
brussels,Apartment,https://immovlan.be/en/detail/apartment/for-sale/1080/sint-jans-molenbeek/vbe34837,vbe34837,apartment,for-sale,1080,sint-jans-molenbeek
brussels,Apartment,https://immovlan.be/en/detail/studio/for-sale/1210/sint-joost-ten-node/vbe34652,vbe34652,studio,for-sale,1210,sint-joost-ten-node
brussels,Apartment,https://immovlan.be/en/detail/apartment/for-sale/1180/ukkel/vbe34650,vbe34650,apartment,for-sale,1180,ukkel
brussels,Apartment,https://immovlan.be/en/detail/studio/for-sale/1180/ukkel/rbw19605,rbw19605,studio,for-sale,1180,ukkel
brussels,Apartment,https://immovlan.be/en/detail/duplex/for-sale/1070/anderlecht/vbe34263,vbe34263,duplex,for-sale,1070,anderlecht
brussels,House,https://immovlan.be/en/detail/mixed-building/for-sale/1160/oudergem/vbe34034,vbe34034,mixed-building,for-sale,1160,oudergem
brussels,Apartment,https://immovlan.be/en/detail/apartment/for-sale/1030/schaarbeek/vbe34000,vbe34000,apartment,for-sale,1030,schaarbeek
brussels,Apartment,https://immovlan.be/en/detail/apartment/for-sale/1000/brussels/vbe33925,vbe33925,apartment,for-sale,1000,brussels
brussels,House,https://immovlan.be/en/detail/mixed-building/for-sale/1080/sint-jans-molenbeek/vbe33924,vbe33924,mixed-building,for-sale,1080,sint-jans-molenbeek
brussels,Apartment,https://immovlan.be/en/detail/apartment/for-sale/1050/elsene/rbw17015,rbw17015,apartment,for-sale,1050,elsene
brussels,Apartment,https://immovlan.be/en/detail/apartment/for-sale/1160/oudergem/vbe32723,vbe32723,apartment,for-sale,1160,oudergem
brussels,Apartment,https://immovlan.be/en/detail/studio/for-sale/1000/brussels/vbe32699,vbe32699,studio,for-sale,1000,brussels
brussels,Apartment,https://immovlan.be/en/detail/ground-floor/for-sale/1050/elsene/vbe32440,vbe32440,ground-floor,for-sale,1050,elsene
brussels,Apartment,https://immovlan.be/en/detail/apartment/for-sale/1083/ganshoren/vbe32420,vbe32420,apartment,for-sale,1083,ganshoren
brussels,Apartment,https://immovlan.be/en/detail/apartment/for-sale/1140/evere/vbe32350,vbe32350,apartment,for-sale,1140,evere
brussels,House,https://immovlan.be/en/detail/master-house/for-sale/1000/brussels/vbe31984,vbe31984,master-house,for-sale,1000,brussels
brussels,House,https://immovlan.be/en/detail/mixed-building/for-sale/1060/sint-gillis/vbe31787,vbe31787,mixed-building,for-sale,1060,sint-gillis
brussels,Apartment,https://immovlan.be/en/detail/apartment/for-sale/1030/schaarbeek/rbw12367,rbw12367,apartment,for-sale,1030,schaarbeek
brussels,House,https://immovlan.be/en/detail/residence/for-sale/1180/ukkel/vbe30998,vbe30998,residence,for-sale,1180,ukkel
brussels,Apartment,https://immovlan.be/en/detail/apartment/for-sale/1060/sint-gillis/vbe30906,vbe30906,apartment,for-sale,1060,sint-gillis
brussels,Apartment,https://immovlan.be/en/detail/apartment/for-sale/1140/evere/vbe30735,vbe30735,apartment,for-sale,1140,evere
brussels,House,https://immovlan.be/en/detail/mixed-building/for-sale/1080/sint-jans-molenbeek/vbe09500,vbe09500,mixed-building,for-sale,1080,sint-jans-molenbeek
brussels,Apartment,https://immovlan.be/en/detail/apartment/for-sale/1000/brussels/vbe29392,vbe29392,apartment,for-sale,1000,brussels
brussels,Apartment,https://immovlan.be/en/detail/apartment/for-sale/1080/sint-jans-molenbeek/vbe24737,vbe24737,apartment,for-sale,1080,sint-jans-molenbeek
brussels,House,https://immovlan.be/en/detail/residence/for-sale/1180/ukkel/vbd80920,vbd80920,residence,for-sale,1180,ukkel
brussels,House,https://immovlan.be/en/detail/residence/for-sale/1210/sint-joost-ten-node/vbe35488,vbe35488,residence,for-sale,1210,sint-joost-ten-node
brussels,Apartment,https://immovlan.be/en/detail/apartment/for-sale/1020/laken/vbe35487,vbe35487,apartment,for-sale,1020,laken
brussels,Apartment,https://immovlan.be/en/detail/apartment/for-sale/1090/jette/vbe35485,vbe35485,apartment,for-sale,1090,jette
brussels,House,https://immovlan.be/en/detail/villa/for-sale/1070/anderlecht/vbe35484,vbe35484,villa,for-sale,1070,anderlecht
brussels,Apartment,https://immovlan.be/en/detail/studio/for-sale/1190/vorst/vbe35475,vbe35475,studio,for-sale,1190,vorst
brussels,House,https://immovlan.be/en/detail/mixed-building/for-sale/1090/jette/vbe35474,vbe35474,mixed-building,for-sale,1090,jette
brussels,Apartment,https://immovlan.be/en/detail/apartment/for-sale/1000/brussels/vbe35471,vbe35471,apartment,for-sale,1000,brussels
brussels,Apartment,https://immovlan.be/en/detail/apartment/for-sale/1081/koekelberg/vbe35439,vbe35439,apartment,for-sale,1081,koekelberg
brussels,Apartment,https://immovlan.be/en/detail/apartment/for-sale/1030/schaarbeek/vbe35435,vbe35435,apartment,for-sale,1030,schaarbeek
brussels,Apartment,https://immovlan.be/en/detail/apartment/for-sale/1140/evere/rwc42806,rwc42806,apartment,for-sale,1140,evere
brussels,House,https://immovlan.be/en/detail/residence/for-sale/1160/oudergem/vbe35426,vbe35426,residence,for-sale,1160,oudergem
brussels,Apartment,https://immovlan.be/en/detail/apartment/for-sale/1170/watermaal-bosvoorde/vbe35418,vbe35418,apartment,for-sale,1170,watermaal-bosvoorde
brussels,Apartment,https://immovlan.be/en/detail/apartment/for-sale/1200/sint-lambrechts-woluwe/vbe35417,vbe35417,apartment,for-sale,1200,sint-lambrechts-woluwe
brussels,Apartment,https://immovlan.be/en/detail/apartment/for-sale/1180/ukkel/vbe35413,vbe35413,apartment,for-sale,1180,ukkel
brussels,Apartment,https://immovlan.be/en/detail/penthouse/for-sale/1050/elsene/vbe35411,vbe35411,penthouse,for-sale,1050,elsene
brussels,House,https://immovlan.be/en/detail/residence/for-sale/1150/sint-pieters-woluwe/vbe35410,vbe35410,residence,for-sale,1150,sint-pieters-woluwe
brussels,Apartment,https://immovlan.be/en/detail/apartment/for-sale/1200/sint-lambrechts-woluwe/vbe35409,vbe35409,apartment,for-sale,1200,sint-lambrechts-woluwe
brussels,House,https://immovlan.be/en/detail/mixed-building/for-sale/1040/etterbeek/vbe35398,vbe35398,mixed-building,for-sale,1040,etterbeek
brussels,Apartment,https://immovlan.be/en/detail/apartment/for-sale/1000/brussels/vbe35392,vbe35392,apartment,for-sale,1000,brussels
brussels,Apartment,https://immovlan.be/en/detail/apartment/for-sale/1050/elsene/vbe35391,vbe35391,apartment,for-sale,1050,elsene
brussels,Apartment,https://immovlan.be/en/detail/apartment/for-sale/1050/elsene/vbe35389,vbe35389,apartment,for-sale,1050,elsene
brussels,Apartment,https://immovlan.be/en/detail/apartment/for-sale/1000/brussels/vbe35388,vbe35388,apartment,for-sale,1000,brussels
brussels,House,https://immovlan.be/en/detail/residence/for-sale/1060/sint-gillis/vbe35387,vbe35387,residence,for-sale,1060,sint-gillis
brussels,Apartment,https://immovlan.be/en/detail/apartment/for-sale/1070/anderlecht/vbe35377,vbe35377,apartment,for-sale,1070,anderlecht
brussels,House,https://immovlan.be/en/detail/residence/for-sale/1180/ukkel/vbe35376,vbe35376,residence,for-sale,1180,ukkel
brussels,Apartment,https://immovlan.be/en/detail/apartment/for-sale/1000/brussels/vbe35375,vbe35375,apartment,for-sale,1000,brussels
brussels,Apartment,https://immovlan.be/en/detail/apartment/for-sale/1180/ukkel/vbe35371,vbe35371,apartment,for-sale,1180,ukkel
brussels,Apartment,https://immovlan.be/en/detail/apartment/for-sale/1200/sint-lambrechts-woluwe/vbe35356,vbe35356,apartment,for-sale,1200,sint-lambrechts-woluwe
brussels,House,https://immovlan.be/en/detail/residence/for-sale/1040/etterbeek/vbe35351,vbe35351,residence,for-sale,1040,etterbeek
brussels,Apartment,https://immovlan.be/en/detail/apartment/for-sale/1080/sint-jans-molenbeek/vbe35341,vbe35341,apartment,for-sale,1080,sint-jans-molenbeek
brussels,House,https://immovlan.be/en/detail/residence/for-sale/1150/sint-pieters-woluwe/vbe35339,vbe35339,residence,for-sale,1150,sint-pieters-woluwe
brussels,Apartment,https://immovlan.be/en/detail/penthouse/for-sale/1000/brussels/vbe35323,vbe35323,penthouse,for-sale,1000,brussels
brussels,Apartment,https://immovlan.be/en/detail/apartment/for-sale/1000/brussels/vbe35319,vbe35319,apartment,for-sale,1000,brussels
brussels,Apartment,https://immovlan.be/en/detail/apartment/for-sale/1180/ukkel/vbe35308,vbe35308,apartment,for-sale,1180,ukkel
brussels,Apartment,https://immovlan.be/en/detail/apartment/for-sale/1050/elsene/vbe35306,vbe35306,apartment,for-sale,1050,elsene
brussels,Apartment,https://immovlan.be/en/detail/apartment/for-sale/1200/sint-lambrechts-woluwe/vbe35282,vbe35282,apartment,for-sale,1200,sint-lambrechts-woluwe
brussels,Apartment,https://immovlan.be/en/detail/apartment/for-sale/1050/elsene/vbe35281,vbe35281,apartment,for-sale,1050,elsene
brussels,Apartment,https://immovlan.be/en/detail/apartment/for-sale/1180/ukkel/vbe35280,vbe35280,apartment,for-sale,1180,ukkel
brussels,Apartment,https://immovlan.be/en/detail/apartment/for-sale/1090/jette/vbe35277,vbe35277,apartment,for-sale,1090,jette
brussels,House,https://immovlan.be/en/detail/residence/for-sale/1090/jette/vbe35276,vbe35276,residence,for-sale,1090,jette
brussels,House,https://immovlan.be/en/detail/residence/for-sale/1200/sint-lambrechts-woluwe/vbe35275,vbe35275,residence,for-sale,1200,sint-lambrechts-woluwe
brussels,Apartment,https://immovlan.be/en/detail/apartment/for-sale/1200/sint-lambrechts-woluwe/vbe35274,vbe35274,apartment,for-sale,1200,sint-lambrechts-woluwe
brussels,House,https://immovlan.be/en/detail/residence/for-sale/1200/sint-lambrechts-woluwe/vbe35271,vbe35271,residence,for-sale,1200,sint-lambrechts-woluwe
brussels,Apartment,https://immovlan.be/en/detail/ground-floor/for-sale/1190/vorst/vbe35265,vbe35265,ground-floor,for-sale,1190,vorst
brussels,Apartment,https://immovlan.be/en/detail/apartment/for-sale/1000/brussels/vbe35264,vbe35264,apartment,for-sale,1000,brussels
brussels,Apartment,https://immovlan.be/en/detail/apartment/for-sale/1180/ukkel/vbe35263,vbe35263,apartment,for-sale,1180,ukkel
brussels,House,https://immovlan.be/en/detail/residence/for-sale/1120/neder-over-heembeek/vbe35262,vbe35262,residence,for-sale,1120,neder-over-heembeek
brussels,Apartment,https://immovlan.be/en/detail/apartment/for-sale/1000/brussels/vbe35261,vbe35261,apartment,for-sale,1000,brussels
brussels,House,https://immovlan.be/en/detail/residence/for-sale/1070/anderlecht/vbe35256,vbe35256,residence,for-sale,1070,anderlecht
brussels,Apartment,https://immovlan.be/en/detail/apartment/for-sale/1190/vorst/vbe35252,vbe35252,apartment,for-sale,1190,vorst
brussels,Apartment,https://immovlan.be/en/detail/apartment/for-sale/1190/vorst/vbe35242,vbe35242,apartment,for-sale,1190,vorst
brussels,Apartment,https://immovlan.be/en/detail/duplex/for-sale/1090/jette/vbe35234,vbe35234,duplex,for-sale,1090,jette
brussels,Apartment,https://immovlan.be/en/detail/apartment/for-sale/1050/elsene/vbe35215,vbe35215,apartment,for-sale,1050,elsene
brussels,Apartment,https://immovlan.be/en/detail/apartment/for-sale/1080/sint-jans-molenbeek/vbe35192,vbe35192,apartment,for-sale,1080,sint-jans-molenbeek
brussels,House,https://immovlan.be/en/detail/residence/for-sale/1190/vorst/vbe35188,vbe35188,residence,for-sale,1190,vorst
brussels,Apartment,https://immovlan.be/en/detail/apartment/for-sale/1140/evere/rbw20468,rbw20468,apartment,for-sale,1140,evere
brussels,Apartment,https://immovlan.be/en/detail/apartment/for-sale/1030/schaarbeek/vwd17841,vwd17841,apartment,for-sale,1030,schaarbeek
brussels,Apartment,https://immovlan.be/en/detail/duplex/for-sale/1050/elsene/vbe35134,vbe35134,duplex,for-sale,1050,elsene
brussels,Apartment,https://immovlan.be/en/detail/penthouse/for-sale/1050/elsene/vbe35129,vbe35129,penthouse,for-sale,1050,elsene
brussels,Apartment,https://immovlan.be/en/detail/duplex/for-sale/1050/elsene/vbe35126,vbe35126,duplex,for-sale,1050,elsene
brussels,Apartment,https://immovlan.be/en/detail/apartment/for-sale/1180/ukkel/vwd17836,vwd17836,apartment,for-sale,1180,ukkel
brussels,House,https://immovlan.be/en/detail/villa/for-sale/1180/ukkel/vbe35098,vbe35098,villa,for-sale,1180,ukkel
brussels,Apartment,https://immovlan.be/en/detail/apartment/for-sale/1200/sint-lambrechts-woluwe/vbe35097,vbe35097,apartment,for-sale,1200,sint-lambrechts-woluwe
brussels,Apartment,https://immovlan.be/en/detail/apartment/for-sale/1050/elsene/vwd17832,vwd17832,apartment,for-sale,1050,elsene
brussels,Apartment,https://immovlan.be/en/detail/apartment/for-sale/1180/ukkel/vbe35086,vbe35086,apartment,for-sale,1180,ukkel
brussels,Apartment,https://immovlan.be/en/detail/apartment/for-sale/1050/elsene/vbe35064,vbe35064,apartment,for-sale,1050,elsene
brussels,Apartment,https://immovlan.be/en/detail/apartment/for-sale/1060/sint-gillis/vbe35060,vbe35060,apartment,for-sale,1060,sint-gillis
brussels,Apartment,https://immovlan.be/en/detail/apartment/for-sale/1081/koekelberg/vbe35051,vbe35051,apartment,for-sale,1081,koekelberg
brussels,Apartment,https://immovlan.be/en/detail/apartment/for-sale/1000/brussels/vbe35047,vbe35047,apartment,for-sale,1000,brussels
brussels,Apartment,https://immovlan.be/en/detail/apartment/for-sale/1070/anderlecht/vbe35043,vbe35043,apartment,for-sale,1070,anderlecht
brussels,House,https://immovlan.be/en/detail/residence/for-sale/1030/schaarbeek/vbe35042,vbe35042,residence,for-sale,1030,schaarbeek
brussels,Apartment,https://immovlan.be/en/detail/apartment/for-sale/1050/elsene/vbe35041,vbe35041,apartment,for-sale,1050,elsene
brussels,Apartment,https://immovlan.be/en/detail/duplex/for-sale/1060/sint-gillis/vbe35039,vbe35039,duplex,for-sale,1060,sint-gillis
brussels,House,https://immovlan.be/en/detail/residence/for-sale/1050/elsene/vbe35038,vbe35038,residence,for-sale,1050,elsene
brussels,Apartment,https://immovlan.be/en/detail/apartment/for-sale/1050/elsene/vbe35037,vbe35037,apartment,for-sale,1050,elsene
brussels,Apartment,https://immovlan.be/en/detail/apartment/for-sale/1160/oudergem/vbe35035,vbe35035,apartment,for-sale,1160,oudergem
brussels,House,https://immovlan.be/en/detail/residence/for-sale/1160/oudergem/vbe35032,vbe35032,residence,for-sale,1160,oudergem
brussels,Apartment,https://immovlan.be/en/detail/apartment/for-sale/1180/ukkel/vbe35029,vbe35029,apartment,for-sale,1180,ukkel
brussels,Apartment,https://immovlan.be/en/detail/apartment/for-sale/1150/sint-pieters-woluwe/vbe35028,vbe35028,apartment,for-sale,1150,sint-pieters-woluwe
brussels,Apartment,https://immovlan.be/en/detail/apartment/for-sale/1180/ukkel/vbe35026,vbe35026,apartment,for-sale,1180,ukkel
brussels,Apartment,https://immovlan.be/en/detail/apartment/for-sale/1080/sint-jans-molenbeek/vbe35023,vbe35023,apartment,for-sale,1080,sint-jans-molenbeek
brussels,Apartment,https://immovlan.be/en/detail/apartment/for-sale/1050/elsene/vbe35022,vbe35022,apartment,for-sale,1050,elsene
brussels,Apartment,https://immovlan.be/en/detail/apartment/for-sale/1150/sint-pieters-woluwe/vbe35017,vbe35017,apartment,for-sale,1150,sint-pieters-woluwe
brussels,Apartment,https://immovlan.be/en/detail/apartment/for-sale/1050/elsene/vbe35015,vbe35015,apartment,for-sale,1050,elsene
brussels,Apartment,https://immovlan.be/en/detail/duplex/for-sale/1050/elsene/vbe35014,vbe35014,duplex,for-sale,1050,elsene
brussels,Apartment,https://immovlan.be/en/detail/apartment/for-sale/1090/jette/vbe35011,vbe35011,apartment,for-sale,1090,jette
brussels,Apartment,https://immovlan.be/en/detail/apartment/for-sale/1080/sint-jans-molenbeek/vbe35007,vbe35007,apartment,for-sale,1080,sint-jans-molenbeek
brussels,Apartment,https://immovlan.be/en/detail/apartment/for-sale/1050/elsene/rbw20293,rbw20293,apartment,for-sale,1050,elsene
brussels,House,https://immovlan.be/en/detail/residence/for-sale/1150/sint-pieters-woluwe/vbe34963,vbe34963,residence,for-sale,1150,sint-pieters-woluwe
brussels,Apartment,https://immovlan.be/en/detail/apartment/for-sale/1080/sint-jans-molenbeek/vbe34962,vbe34962,apartment,for-sale,1080,sint-jans-molenbeek
brussels,Apartment,https://immovlan.be/en/detail/apartment/for-sale/1083/ganshoren/vbe34961,vbe34961,apartment,for-sale,1083,ganshoren
brussels,Apartment,https://immovlan.be/en/detail/apartment/for-sale/1070/anderlecht/rbw20152,rbw20152,apartment,for-sale,1070,anderlecht
brussels,Apartment,https://immovlan.be/en/detail/apartment/for-sale/1081/koekelberg/rbw19785,rbw19785,apartment,for-sale,1081,koekelberg
brussels,Apartment,https://immovlan.be/en/detail/apartment/for-sale/1080/sint-jans-molenbeek/vbe34937,vbe34937,apartment,for-sale,1080,sint-jans-molenbeek
brussels,Apartment,https://immovlan.be/en/detail/apartment/for-sale/1080/sint-jans-molenbeek/rbw19762,rbw19762,apartment,for-sale,1080,sint-jans-molenbeek
brussels,Apartment,https://immovlan.be/en/detail/apartment/for-sale/1090/jette/vbe34927,vbe34927,apartment,for-sale,1090,jette
brussels,Apartment,https://immovlan.be/en/detail/apartment/for-sale/1070/anderlecht/rbw19760,rbw19760,apartment,for-sale,1070,anderlecht
brussels,Apartment,https://immovlan.be/en/detail/apartment/for-sale/1000/brussels/vbe34911,vbe34911,apartment,for-sale,1000,brussels
brussels,Apartment,https://immovlan.be/en/detail/penthouse/for-sale/1060/sint-gillis/vbe34906,vbe34906,penthouse,for-sale,1060,sint-gillis
brussels,Apartment,https://immovlan.be/en/detail/apartment/for-sale/1083/ganshoren/vbe34885,vbe34885,apartment,for-sale,1083,ganshoren
brussels,House,https://immovlan.be/en/detail/residence/for-sale/1050/elsene/vbe34879,vbe34879,residence,for-sale,1050,elsene
brussels,Apartment,https://immovlan.be/en/detail/apartment/for-sale/1180/ukkel/vbe34878,vbe34878,apartment,for-sale,1180,ukkel
brussels,Apartment,https://immovlan.be/en/detail/penthouse/for-sale/1000/brussels/vbe34872,vbe34872,penthouse,for-sale,1000,brussels
brussels,Apartment,https://immovlan.be/en/detail/apartment/for-sale/1080/sint-jans-molenbeek/vbe34861,vbe34861,apartment,for-sale,1080,sint-jans-molenbeek
brussels,Apartment,https://immovlan.be/en/detail/penthouse/for-sale/1030/schaarbeek/vbe34859,vbe34859,penthouse,for-sale,1030,schaarbeek
brussels,Apartment,https://immovlan.be/en/detail/penthouse/for-sale/1030/schaarbeek/vbe34858,vbe34858,penthouse,for-sale,1030,schaarbeek
brussels,Apartment,https://immovlan.be/en/detail/apartment/for-sale/1030/schaarbeek/vbe34857,vbe34857,apartment,for-sale,1030,schaarbeek
brussels,Apartment,https://immovlan.be/en/detail/apartment/for-sale/1030/schaarbeek/vbe34856,vbe34856,apartment,for-sale,1030,schaarbeek
brussels,Apartment,https://immovlan.be/en/detail/apartment/for-sale/1030/schaarbeek/vbe34855,vbe34855,apartment,for-sale,1030,schaarbeek
brussels,Apartment,https://immovlan.be/en/detail/duplex/for-sale/1030/schaarbeek/vbe34854,vbe34854,duplex,for-sale,1030,schaarbeek
brussels,Apartment,https://immovlan.be/en/detail/apartment/for-sale/1200/sint-lambrechts-woluwe/vbe34851,vbe34851,apartment,for-sale,1200,sint-lambrechts-woluwe
brussels,Apartment,https://immovlan.be/en/detail/apartment/for-sale/1030/schaarbeek/rbw19735,rbw19735,apartment,for-sale,1030,schaarbeek
brussels,Apartment,https://immovlan.be/en/detail/apartment/for-sale/1050/elsene/rbw19734,rbw19734,apartment,for-sale,1050,elsene
brussels,House,https://immovlan.be/en/detail/residence/for-sale/1050/elsene/rbw19733,rbw19733,residence,for-sale,1050,elsene
brussels,House,https://immovlan.be/en/detail/residence/for-sale/1050/elsene/rbw19732,rbw19732,residence,for-sale,1050,elsene
brussels,Apartment,https://immovlan.be/en/detail/apartment/for-sale/1030/schaarbeek/vbe34834,vbe34834,apartment,for-sale,1030,schaarbeek
brussels,Apartment,https://immovlan.be/en/detail/apartment/for-sale/1070/anderlecht/vbe34831,vbe34831,apartment,for-sale,1070,anderlecht
brussels,Apartment,https://immovlan.be/en/detail/loft/for-sale/1210/sint-joost-ten-node/vbe34823,vbe34823,loft,for-sale,1210,sint-joost-ten-node
brussels,Apartment,https://immovlan.be/en/detail/apartment/for-sale/1150/sint-pieters-woluwe/vbe34822,vbe34822,apartment,for-sale,1150,sint-pieters-woluwe
brussels,Apartment,https://immovlan.be/en/detail/apartment/for-sale/1030/schaarbeek/vbe34818,vbe34818,apartment,for-sale,1030,schaarbeek
brussels,Apartment,https://immovlan.be/en/detail/apartment/for-sale/1030/schaarbeek/vbe34817,vbe34817,apartment,for-sale,1030,schaarbeek
brussels,Apartment,https://immovlan.be/en/detail/apartment/for-sale/1030/schaarbeek/vbe34816,vbe34816,apartment,for-sale,1030,schaarbeek
brussels,Apartment,https://immovlan.be/en/detail/duplex/for-sale/1030/schaarbeek/vbe34815,vbe34815,duplex,for-sale,1030,schaarbeek
brussels,Apartment,https://immovlan.be/en/detail/apartment/for-sale/1180/ukkel/vbe34813,vbe34813,apartment,for-sale,1180,ukkel
brussels,Apartment,https://immovlan.be/en/detail/apartment/for-sale/1180/ukkel/vbe34811,vbe34811,apartment,for-sale,1180,ukkel
brussels,House,https://immovlan.be/en/detail/residence/for-sale/1160/oudergem/vbe34796,vbe34796,residence,for-sale,1160,oudergem
brussels,Apartment,https://immovlan.be/en/detail/studio/for-sale/1070/anderlecht/vbe34795,vbe34795,studio,for-sale,1070,anderlecht
brussels,Apartment,https://immovlan.be/en/detail/apartment/for-sale/1070/anderlecht/vbe34794,vbe34794,apartment,for-sale,1070,anderlecht
brussels,Apartment,https://immovlan.be/en/detail/apartment/for-sale/1070/anderlecht/vbe34793,vbe34793,apartment,for-sale,1070,anderlecht
brussels,Apartment,https://immovlan.be/en/detail/apartment/for-sale/1070/anderlecht/vbe34792,vbe34792,apartment,for-sale,1070,anderlecht
brussels,Apartment,https://immovlan.be/en/detail/studio/for-sale/1070/anderlecht/vbe34791,vbe34791,studio,for-sale,1070,anderlecht
brussels,Apartment,https://immovlan.be/en/detail/apartment/for-sale/1070/anderlecht/vbe34790,vbe34790,apartment,for-sale,1070,anderlecht
brussels,House,https://immovlan.be/en/detail/residence/for-sale/1180/ukkel/vbe34784,vbe34784,residence,for-sale,1180,ukkel
brussels,Apartment,https://immovlan.be/en/detail/loft/for-sale/1082/berchem-sainte-agathe/vbe34782,vbe34782,loft,for-sale,1082,berchem-sainte-agathe
brussels,Apartment,https://immovlan.be/en/detail/loft/for-sale/1082/berchem-sainte-agathe/vbe34781,vbe34781,loft,for-sale,1082,berchem-sainte-agathe
brussels,Apartment,https://immovlan.be/en/detail/apartment/for-sale/1030/schaarbeek/vbe34768,vbe34768,apartment,for-sale,1030,schaarbeek
brussels,Apartment,https://immovlan.be/en/detail/apartment/for-sale/1070/anderlecht/vbe34767,vbe34767,apartment,for-sale,1070,anderlecht
brussels,Apartment,https://immovlan.be/en/detail/apartment/for-sale/1030/schaarbeek/vbe34764,vbe34764,apartment,for-sale,1030,schaarbeek
brussels,Apartment,https://immovlan.be/en/detail/apartment/for-sale/1180/ukkel/vbe34750,vbe34750,apartment,for-sale,1180,ukkel
brussels,Apartment,https://immovlan.be/en/detail/triplex/for-sale/1200/sint-lambrechts-woluwe/vbe34698,vbe34698,triplex,for-sale,1200,sint-lambrechts-woluwe
brussels,Apartment,https://immovlan.be/en/detail/apartment/for-sale/1180/ukkel/vbe34651,vbe34651,apartment,for-sale,1180,ukkel
brussels,Apartment,https://immovlan.be/en/detail/apartment/for-sale/1082/berchem-sainte-agathe/vbe34649,vbe34649,apartment,for-sale,1082,berchem-sainte-agathe
brussels,House,https://immovlan.be/en/detail/residence/for-sale/1080/sint-jans-molenbeek/vbe34646,vbe34646,residence,for-sale,1080,sint-jans-molenbeek
brussels,Apartment,https://immovlan.be/en/detail/apartment/for-sale/1000/brussels/vbe34632,vbe34632,apartment,for-sale,1000,brussels
brussels,Apartment,https://immovlan.be/en/detail/apartment/for-sale/1030/schaarbeek/vbe34631,vbe34631,apartment,for-sale,1030,schaarbeek
brussels,Apartment,https://immovlan.be/en/detail/apartment/for-sale/1180/ukkel/vbe34628,vbe34628,apartment,for-sale,1180,ukkel
brussels,House,https://immovlan.be/en/detail/villa/in-public-sale/1020/laken/vbe34623,vbe34623,villa,in-public-sale,1020,laken
brussels,House,https://immovlan.be/en/detail/mixed-building/for-sale/1020/laken/vbe34615,vbe34615,mixed-building,for-sale,1020,laken
brussels,House,https://immovlan.be/en/detail/residence/for-sale/1150/sint-pieters-woluwe/vbe34614,vbe34614,residence,for-sale,1150,sint-pieters-woluwe
brussels,House,https://immovlan.be/en/detail/residence/for-sale/1190/vorst/rbw19604,rbw19604,residence,for-sale,1190,vorst
brussels,House,https://immovlan.be/en/detail/mixed-building/for-sale/1020/laken/vbe34613,vbe34613,mixed-building,for-sale,1020,laken
brussels,House,https://immovlan.be/en/detail/villa/for-sale/1180/ukkel/vbe34588,vbe34588,villa,for-sale,1180,ukkel
brussels,Apartment,https://immovlan.be/en/detail/apartment/for-sale/1030/schaarbeek/vbe34587,vbe34587,apartment,for-sale,1030,schaarbeek
brussels,House,https://immovlan.be/en/detail/residence/for-sale/1050/elsene/vbe34569,vbe34569,residence,for-sale,1050,elsene
brussels,Apartment,https://immovlan.be/en/detail/apartment/for-sale/1200/sint-lambrechts-woluwe/vbe34568,vbe34568,apartment,for-sale,1200,sint-lambrechts-woluwe
brussels,House,https://immovlan.be/en/detail/residence/for-sale/1082/berchem-sainte-agathe/rbw19591,rbw19591,residence,for-sale,1082,berchem-sainte-agathe
brussels,Apartment,https://immovlan.be/en/detail/apartment/for-sale/1000/brussels/vbe34567,vbe34567,apartment,for-sale,1000,brussels
brussels,Apartment,https://immovlan.be/en/detail/apartment/for-sale/1090/jette/vbe34560,vbe34560,apartment,for-sale,1090,jette
brussels,Apartment,https://immovlan.be/en/detail/apartment/for-sale/1083/ganshoren/vbe34556,vbe34556,apartment,for-sale,1083,ganshoren
brussels,House,https://immovlan.be/en/detail/master-house/for-sale/1210/sint-joost-ten-node/vbe34551,vbe34551,master-house,for-sale,1210,sint-joost-ten-node
brussels,Apartment,https://immovlan.be/en/detail/apartment/for-sale/1030/schaarbeek/vbe34547,vbe34547,apartment,for-sale,1030,schaarbeek
brussels,Apartment,https://immovlan.be/en/detail/apartment/for-sale/1000/brussels/vbe34540,vbe34540,apartment,for-sale,1000,brussels
brussels,House,https://immovlan.be/en/detail/residence/in-public-sale/1160/oudergem/vbe34539,vbe34539,residence,in-public-sale,1160,oudergem
brussels,Apartment,https://immovlan.be/en/detail/apartment/for-sale/1000/brussels/vbe34535,vbe34535,apartment,for-sale,1000,brussels
brussels,Apartment,https://immovlan.be/en/detail/apartment/for-sale/1000/brussels/vwd17818,vwd17818,apartment,for-sale,1000,brussels
brussels,Apartment,https://immovlan.be/en/detail/apartment/for-sale/1160/oudergem/vbe34516,vbe34516,apartment,for-sale,1160,oudergem
brussels,Apartment,https://immovlan.be/en/detail/apartment/for-sale/1082/berchem-sainte-agathe/rbw19528,rbw19528,apartment,for-sale,1082,berchem-sainte-agathe
brussels,House,https://immovlan.be/en/detail/residence/for-sale/1160/oudergem/vbe34504,vbe34504,residence,for-sale,1160,oudergem
brussels,Apartment,https://immovlan.be/en/detail/apartment/for-sale/1070/anderlecht/vbe34436,vbe34436,apartment,for-sale,1070,anderlecht
brussels,Apartment,https://immovlan.be/en/detail/triplex/for-sale/1170/watermaal-bosvoorde/vbe34432,vbe34432,triplex,for-sale,1170,watermaal-bosvoorde
brussels,House,https://immovlan.be/en/detail/residence/for-sale/1170/watermaal-bosvoorde/vbe34431,vbe34431,residence,for-sale,1170,watermaal-bosvoorde
brussels,Apartment,https://immovlan.be/en/detail/apartment/for-sale/1180/ukkel/rbw19480,rbw19480,apartment,for-sale,1180,ukkel
brussels,Apartment,https://immovlan.be/en/detail/apartment/for-sale/1200/sint-lambrechts-woluwe/vbe34424,vbe34424,apartment,for-sale,1200,sint-lambrechts-woluwe
brussels,Apartment,https://immovlan.be/en/detail/penthouse/for-sale/1000/brussels/rwc42784,rwc42784,penthouse,for-sale,1000,brussels
brussels,Apartment,https://immovlan.be/en/detail/apartment/for-sale/1190/vorst/vbe34417,vbe34417,apartment,for-sale,1190,vorst
brussels,Apartment,https://immovlan.be/en/detail/apartment/for-sale/1050/elsene/vbe34412,vbe34412,apartment,for-sale,1050,elsene
brussels,Apartment,https://immovlan.be/en/detail/apartment/for-sale/1050/elsene/rbw19250,rbw19250,apartment,for-sale,1050,elsene
brussels,Apartment,https://immovlan.be/en/detail/apartment/for-sale/1050/elsene/rbw19249,rbw19249,apartment,for-sale,1050,elsene
brussels,Apartment,https://immovlan.be/en/detail/apartment/for-sale/1050/elsene/rbw19248,rbw19248,apartment,for-sale,1050,elsene
brussels,House,https://immovlan.be/en/detail/residence/for-sale/1020/laken/vbe34352,vbe34352,residence,for-sale,1020,laken
brussels,Apartment,https://immovlan.be/en/detail/triplex/for-sale/1090/jette/vbe34325,vbe34325,triplex,for-sale,1090,jette
brussels,House,https://immovlan.be/en/detail/mixed-building/for-sale/1040/etterbeek/vbe34322,vbe34322,mixed-building,for-sale,1040,etterbeek
brussels,Apartment,https://immovlan.be/en/detail/apartment/for-sale/1000/brussels/vbe34320,vbe34320,apartment,for-sale,1000,brussels
brussels,Apartment,https://immovlan.be/en/detail/duplex/for-sale/1000/brussels/rbw19210,rbw19210,duplex,for-sale,1000,brussels
brussels,Apartment,https://immovlan.be/en/detail/apartment/for-sale/1090/jette/vbe34302,vbe34302,apartment,for-sale,1090,jette
brussels,Apartment,https://immovlan.be/en/detail/apartment/for-sale/1000/brussels/vbe34298,vbe34298,apartment,for-sale,1000,brussels
brussels,House,https://immovlan.be/en/detail/villa/for-sale/1180/ukkel/vbe34297,vbe34297,villa,for-sale,1180,ukkel
brussels,Apartment,https://immovlan.be/en/detail/apartment/for-sale/1081/koekelberg/vbe34285,vbe34285,apartment,for-sale,1081,koekelberg
brussels,Apartment,https://immovlan.be/en/detail/apartment/for-sale/1000/brussels/vbe34281,vbe34281,apartment,for-sale,1000,brussels
brussels,House,https://immovlan.be/en/detail/residence/for-sale/1160/oudergem/vbe34276,vbe34276,residence,for-sale,1160,oudergem
brussels,Apartment,https://immovlan.be/en/detail/apartment/for-sale/1160/oudergem/vbe34275,vbe34275,apartment,for-sale,1160,oudergem
brussels,Apartment,https://immovlan.be/en/detail/triplex/for-sale/1050/elsene/vbe34269,vbe34269,triplex,for-sale,1050,elsene
brussels,Apartment,https://immovlan.be/en/detail/apartment/for-sale/1180/ukkel/vbe34268,vbe34268,apartment,for-sale,1180,ukkel
brussels,Apartment,https://immovlan.be/en/detail/penthouse/for-sale/1040/etterbeek/vbe34246,vbe34246,penthouse,for-sale,1040,etterbeek
brussels,Apartment,https://immovlan.be/en/detail/apartment/for-sale/1000/brussels/vbe34245,vbe34245,apartment,for-sale,1000,brussels
brussels,House,https://immovlan.be/en/detail/residence/for-sale/1000/brussels/vbe34236,vbe34236,residence,for-sale,1000,brussels
brussels,Apartment,https://immovlan.be/en/detail/apartment/for-sale/1050/elsene/vbe34233,vbe34233,apartment,for-sale,1050,elsene
brussels,House,https://immovlan.be/en/detail/residence/for-sale/1150/sint-pieters-woluwe/vbe34227,vbe34227,residence,for-sale,1150,sint-pieters-woluwe
brussels,Apartment,https://immovlan.be/en/detail/apartment/for-sale/1050/elsene/vbe34224,vbe34224,apartment,for-sale,1050,elsene
brussels,Apartment,https://immovlan.be/en/detail/apartment/for-sale/1180/ukkel/vbe34221,vbe34221,apartment,for-sale,1180,ukkel
brussels,Apartment,https://immovlan.be/en/detail/ground-floor/for-sale/1030/schaarbeek/vbe34197,vbe34197,ground-floor,for-sale,1030,schaarbeek
brussels,Apartment,https://immovlan.be/en/detail/ground-floor/for-sale/1210/sint-joost-ten-node/vbe34195,vbe34195,ground-floor,for-sale,1210,sint-joost-ten-node
brussels,House,https://immovlan.be/en/detail/mixed-building/for-sale/1200/sint-lambrechts-woluwe/vbe34194,vbe34194,mixed-building,for-sale,1200,sint-lambrechts-woluwe
brussels,Apartment,https://immovlan.be/en/detail/apartment/for-sale/1090/jette/rbw19089,rbw19089,apartment,for-sale,1090,jette
brussels,House,https://immovlan.be/en/detail/residence/for-sale/1030/schaarbeek/vbe34101,vbe34101,residence,for-sale,1030,schaarbeek
brussels,Apartment,https://immovlan.be/en/detail/penthouse/for-sale/1200/sint-lambrechts-woluwe/vbe34100,vbe34100,penthouse,for-sale,1200,sint-lambrechts-woluwe
brussels,Apartment,https://immovlan.be/en/detail/apartment/for-sale/1050/elsene/rbw19088,rbw19088,apartment,for-sale,1050,elsene
brussels,Apartment,https://immovlan.be/en/detail/apartment/for-sale/1180/ukkel/vbe34090,vbe34090,apartment,for-sale,1180,ukkel
brussels,Apartment,https://immovlan.be/en/detail/apartment/for-sale/1060/sint-gillis/vbe34083,vbe34083,apartment,for-sale,1060,sint-gillis
brussels,Apartment,https://immovlan.be/en/detail/apartment/for-sale/1070/anderlecht/rbw19083,rbw19083,apartment,for-sale,1070,anderlecht
brussels,House,https://immovlan.be/en/detail/residence/for-sale/1083/ganshoren/rbw19082,rbw19082,residence,for-sale,1083,ganshoren
brussels,Apartment,https://immovlan.be/en/detail/apartment/for-sale/1080/sint-jans-molenbeek/rbw19081,rbw19081,apartment,for-sale,1080,sint-jans-molenbeek
brussels,House,https://immovlan.be/en/detail/residence/for-sale/1082/berchem-sainte-agathe/vbe34073,vbe34073,residence,for-sale,1082,berchem-sainte-agathe
brussels,House,https://immovlan.be/en/detail/residence/for-sale/1180/ukkel/vbe34056,vbe34056,residence,for-sale,1180,ukkel
brussels,Apartment,https://immovlan.be/en/detail/apartment/for-sale/1070/anderlecht/vbe34050,vbe34050,apartment,for-sale,1070,anderlecht
brussels,Apartment,https://immovlan.be/en/detail/apartment/for-sale/1040/etterbeek/rbw19073,rbw19073,apartment,for-sale,1040,etterbeek
brussels,Apartment,https://immovlan.be/en/detail/apartment/for-sale/1020/laken/vbe34042,vbe34042,apartment,for-sale,1020,laken
brussels,Apartment,https://immovlan.be/en/detail/apartment/for-sale/1040/etterbeek/vbe34036,vbe34036,apartment,for-sale,1040,etterbeek
brussels,Apartment,https://immovlan.be/en/detail/apartment/for-sale/1050/elsene/vbe34030,vbe34030,apartment,for-sale,1050,elsene
brussels,Apartment,https://immovlan.be/en/detail/apartment/for-sale/1200/sint-lambrechts-woluwe/vbe34027,vbe34027,apartment,for-sale,1200,sint-lambrechts-woluwe
brussels,Apartment,https://immovlan.be/en/detail/apartment/for-sale/1200/sint-lambrechts-woluwe/vbe34026,vbe34026,apartment,for-sale,1200,sint-lambrechts-woluwe
brussels,Apartment,https://immovlan.be/en/detail/duplex/for-sale/1160/oudergem/vbe34023,vbe34023,duplex,for-sale,1160,oudergem
brussels,Apartment,https://immovlan.be/en/detail/apartment/for-sale/1160/oudergem/vbe34022,vbe34022,apartment,for-sale,1160,oudergem
brussels,Apartment,https://immovlan.be/en/detail/penthouse/for-sale/1160/oudergem/vbe34021,vbe34021,penthouse,for-sale,1160,oudergem
brussels,House,https://immovlan.be/en/detail/mixed-building/for-sale/1083/ganshoren/vbe34010,vbe34010,mixed-building,for-sale,1083,ganshoren
brussels,Apartment,https://immovlan.be/en/detail/duplex/for-sale/1200/sint-lambrechts-woluwe/vbe34006,vbe34006,duplex,for-sale,1200,sint-lambrechts-woluwe
brussels,House,https://immovlan.be/en/detail/villa/for-sale/1180/ukkel/vbe33997,vbe33997,villa,for-sale,1180,ukkel
brussels,Apartment,https://immovlan.be/en/detail/penthouse/for-sale/1070/anderlecht/vbe33985,vbe33985,penthouse,for-sale,1070,anderlecht
brussels,Apartment,https://immovlan.be/en/detail/apartment/for-sale/1050/elsene/vbe33965,vbe33965,apartment,for-sale,1050,elsene
brussels,Apartment,https://immovlan.be/en/detail/apartment/for-sale/1080/sint-jans-molenbeek/vbe33964,vbe33964,apartment,for-sale,1080,sint-jans-molenbeek
brussels,Apartment,https://immovlan.be/en/detail/apartment/for-sale/1090/jette/vbe33961,vbe33961,apartment,for-sale,1090,jette
brussels,Apartment,https://immovlan.be/en/detail/ground-floor/for-sale/1050/elsene/rwc42767,rwc42767,ground-floor,for-sale,1050,elsene
brussels,Apartment,https://immovlan.be/en/detail/apartment/for-sale/1160/oudergem/vbe33953,vbe33953,apartment,for-sale,1160,oudergem
brussels,Apartment,https://immovlan.be/en/detail/apartment/for-sale/1030/schaarbeek/vbe33951,vbe33951,apartment,for-sale,1030,schaarbeek
brussels,Apartment,https://immovlan.be/en/detail/apartment/for-sale/1210/sint-joost-ten-node/vbe33950,vbe33950,apartment,for-sale,1210,sint-joost-ten-node
brussels,Apartment,https://immovlan.be/en/detail/apartment/for-sale/1180/ukkel/vbe33944,vbe33944,apartment,for-sale,1180,ukkel
brussels,Apartment,https://immovlan.be/en/detail/apartment/for-sale/1180/ukkel/vbe33929,vbe33929,apartment,for-sale,1180,ukkel
brussels,Apartment,https://immovlan.be/en/detail/apartment/for-sale/1180/ukkel/vbe33928,vbe33928,apartment,for-sale,1180,ukkel
brussels,Apartment,https://immovlan.be/en/detail/apartment/for-sale/1020/laken/vbe33922,vbe33922,apartment,for-sale,1020,laken
brussels,House,https://immovlan.be/en/detail/residence/for-sale/1070/anderlecht/vbe33917,vbe33917,residence,for-sale,1070,anderlecht
brussels,Apartment,https://immovlan.be/en/detail/apartment/for-sale/1050/elsene/vbe33914,vbe33914,apartment,for-sale,1050,elsene
brussels,Apartment,https://immovlan.be/en/detail/studio/for-sale/1070/anderlecht/vbe33875,vbe33875,studio,for-sale,1070,anderlecht
brussels,Apartment,https://immovlan.be/en/detail/studio/for-sale/1070/anderlecht/vbe33874,vbe33874,studio,for-sale,1070,anderlecht
brussels,Apartment,https://immovlan.be/en/detail/studio/for-sale/1070/anderlecht/vbe33873,vbe33873,studio,for-sale,1070,anderlecht
brussels,Apartment,https://immovlan.be/en/detail/apartment/for-sale/1070/anderlecht/vbe33871,vbe33871,apartment,for-sale,1070,anderlecht
brussels,Apartment,https://immovlan.be/en/detail/apartment/for-sale/1070/anderlecht/vbe33870,vbe33870,apartment,for-sale,1070,anderlecht
brussels,Apartment,https://immovlan.be/en/detail/apartment/for-sale/1000/brussels/vbe33869,vbe33869,apartment,for-sale,1000,brussels
brussels,Apartment,https://immovlan.be/en/detail/apartment/for-sale/1000/brussels/vbe33868,vbe33868,apartment,for-sale,1000,brussels
brussels,Apartment,https://immovlan.be/en/detail/apartment/for-sale/1000/brussels/vbe33867,vbe33867,apartment,for-sale,1000,brussels
brussels,Apartment,https://immovlan.be/en/detail/apartment/for-sale/1000/brussels/vbe33866,vbe33866,apartment,for-sale,1000,brussels
brussels,Apartment,https://immovlan.be/en/detail/apartment/for-sale/1050/elsene/vbe33862,vbe33862,apartment,for-sale,1050,elsene
brussels,House,https://immovlan.be/en/detail/villa/for-sale/1180/ukkel/vbe33858,vbe33858,villa,for-sale,1180,ukkel
brussels,Apartment,https://immovlan.be/en/detail/apartment/for-sale/1000/brussels/vbe33857,vbe33857,apartment,for-sale,1000,brussels
brussels,Apartment,https://immovlan.be/en/detail/apartment/for-sale/1040/etterbeek/vbe33856,vbe33856,apartment,for-sale,1040,etterbeek
brussels,Apartment,https://immovlan.be/en/detail/apartment/for-sale/1080/sint-jans-molenbeek/vbe33848,vbe33848,apartment,for-sale,1080,sint-jans-molenbeek
brussels,House,https://immovlan.be/en/detail/residence/for-sale/1080/sint-jans-molenbeek/vbe33844,vbe33844,residence,for-sale,1080,sint-jans-molenbeek
brussels,Apartment,https://immovlan.be/en/detail/apartment/for-sale/1080/sint-jans-molenbeek/vbe33841,vbe33841,apartment,for-sale,1080,sint-jans-molenbeek
brussels,Apartment,https://immovlan.be/en/detail/apartment/for-sale/1080/sint-jans-molenbeek/vbe33840,vbe33840,apartment,for-sale,1080,sint-jans-molenbeek
brussels,Apartment,https://immovlan.be/en/detail/apartment/for-sale/1082/berchem-sainte-agathe/vbe33836,vbe33836,apartment,for-sale,1082,berchem-sainte-agathe
brussels,Apartment,https://immovlan.be/en/detail/apartment/for-sale/1081/koekelberg/vbe33835,vbe33835,apartment,for-sale,1081,koekelberg
brussels,Apartment,https://immovlan.be/en/detail/apartment/for-sale/1080/sint-jans-molenbeek/vbe33834,vbe33834,apartment,for-sale,1080,sint-jans-molenbeek
brussels,Apartment,https://immovlan.be/en/detail/apartment/for-sale/1080/sint-jans-molenbeek/vbe33833,vbe33833,apartment,for-sale,1080,sint-jans-molenbeek
brussels,Apartment,https://immovlan.be/en/detail/apartment/for-sale/1082/berchem-sainte-agathe/vbe33831,vbe33831,apartment,for-sale,1082,berchem-sainte-agathe
brussels,Apartment,https://immovlan.be/en/detail/apartment/for-sale/1080/sint-jans-molenbeek/vbe33829,vbe33829,apartment,for-sale,1080,sint-jans-molenbeek
brussels,Apartment,https://immovlan.be/en/detail/apartment/for-sale/1080/sint-jans-molenbeek/vbe33828,vbe33828,apartment,for-sale,1080,sint-jans-molenbeek
brussels,Apartment,https://immovlan.be/en/detail/apartment/for-sale/1080/sint-jans-molenbeek/vbe33827,vbe33827,apartment,for-sale,1080,sint-jans-molenbeek
brussels,Apartment,https://immovlan.be/en/detail/apartment/for-sale/1080/sint-jans-molenbeek/vbe33826,vbe33826,apartment,for-sale,1080,sint-jans-molenbeek
brussels,Apartment,https://immovlan.be/en/detail/apartment/for-sale/1080/sint-jans-molenbeek/vbe33825,vbe33825,apartment,for-sale,1080,sint-jans-molenbeek
brussels,Apartment,https://immovlan.be/en/detail/apartment/for-sale/1160/oudergem/vbe33823,vbe33823,apartment,for-sale,1160,oudergem
brussels,House,https://immovlan.be/en/detail/residence/for-sale/1070/anderlecht/vbe33822,vbe33822,residence,for-sale,1070,anderlecht
brussels,Apartment,https://immovlan.be/en/detail/apartment/for-sale/1000/brussels/rbw18785,rbw18785,apartment,for-sale,1000,brussels
brussels,Apartment,https://immovlan.be/en/detail/apartment/for-sale/1050/elsene/vbe33812,vbe33812,apartment,for-sale,1050,elsene
brussels,Apartment,https://immovlan.be/en/detail/apartment/for-sale/1180/ukkel/vbe33794,vbe33794,apartment,for-sale,1180,ukkel
brussels,House,https://immovlan.be/en/detail/residence/for-sale/1200/sint-lambrechts-woluwe/vbe33793,vbe33793,residence,for-sale,1200,sint-lambrechts-woluwe
brussels,Apartment,https://immovlan.be/en/detail/apartment/for-sale/1040/etterbeek/vbe33792,vbe33792,apartment,for-sale,1040,etterbeek
brussels,Apartment,https://immovlan.be/en/detail/studio/for-sale/1060/sint-gillis/vbe33789,vbe33789,studio,for-sale,1060,sint-gillis
brussels,Apartment,https://immovlan.be/en/detail/apartment/for-sale/1180/ukkel/vbe33788,vbe33788,apartment,for-sale,1180,ukkel
brussels,House,https://immovlan.be/en/detail/villa/for-sale/1050/elsene/vbe33778,vbe33778,villa,for-sale,1050,elsene
brussels,Apartment,https://immovlan.be/en/detail/ground-floor/for-sale/1030/schaarbeek/vbe33777,vbe33777,ground-floor,for-sale,1030,schaarbeek
brussels,Apartment,https://immovlan.be/en/detail/apartment/for-sale/1050/elsene/vbe33770,vbe33770,apartment,for-sale,1050,elsene
brussels,House,https://immovlan.be/en/detail/residence/for-sale/1180/ukkel/vbe33750,vbe33750,residence,for-sale,1180,ukkel
brussels,Apartment,https://immovlan.be/en/detail/apartment/for-sale/1020/laken/vbe33748,vbe33748,apartment,for-sale,1020,laken
brussels,Apartment,https://immovlan.be/en/detail/penthouse/for-sale/1050/elsene/vbe33743,vbe33743,penthouse,for-sale,1050,elsene
brussels,House,https://immovlan.be/en/detail/mixed-building/for-sale/1190/vorst/vbe33740,vbe33740,mixed-building,for-sale,1190,vorst
brussels,Apartment,https://immovlan.be/en/detail/studio/for-sale/1081/koekelberg/vbe33737,vbe33737,studio,for-sale,1081,koekelberg
brussels,Apartment,https://immovlan.be/en/detail/apartment/for-sale/1083/ganshoren/rbw18357,rbw18357,apartment,for-sale,1083,ganshoren
brussels,Apartment,https://immovlan.be/en/detail/apartment/for-sale/1200/sint-lambrechts-woluwe/vbe33715,vbe33715,apartment,for-sale,1200,sint-lambrechts-woluwe
brussels,Apartment,https://immovlan.be/en/detail/penthouse/for-sale/1040/etterbeek/vbe33690,vbe33690,penthouse,for-sale,1040,etterbeek
brussels,Apartment,https://immovlan.be/en/detail/apartment/for-sale/1050/elsene/vbe33687,vbe33687,apartment,for-sale,1050,elsene
brussels,Apartment,https://immovlan.be/en/detail/studio/for-sale/1081/koekelberg/vbe33684,vbe33684,studio,for-sale,1081,koekelberg
brussels,Apartment,https://immovlan.be/en/detail/apartment/for-sale/1081/koekelberg/vbe33670,vbe33670,apartment,for-sale,1081,koekelberg
brussels,Apartment,https://immovlan.be/en/detail/apartment/for-sale/1070/anderlecht/vbe33650,vbe33650,apartment,for-sale,1070,anderlecht
brussels,Apartment,https://immovlan.be/en/detail/apartment/for-sale/1080/sint-jans-molenbeek/vbe33646,vbe33646,apartment,for-sale,1080,sint-jans-molenbeek
brussels,Apartment,https://immovlan.be/en/detail/apartment/for-sale/1070/anderlecht/rwc42760,rwc42760,apartment,for-sale,1070,anderlecht
brussels,Apartment,https://immovlan.be/en/detail/ground-floor/for-sale/1070/anderlecht/vbe33643,vbe33643,ground-floor,for-sale,1070,anderlecht
brussels,House,https://immovlan.be/en/detail/residence/for-sale/1000/brussels/rbw18290,rbw18290,residence,for-sale,1000,brussels
brussels,Apartment,https://immovlan.be/en/detail/apartment/for-sale/1083/ganshoren/vbe33629,vbe33629,apartment,for-sale,1083,ganshoren
brussels,Apartment,https://immovlan.be/en/detail/apartment/for-sale/1000/brussels/vbe33613,vbe33613,apartment,for-sale,1000,brussels
brussels,Apartment,https://immovlan.be/en/detail/duplex/for-sale/1000/brussels/vbe33599,vbe33599,duplex,for-sale,1000,brussels
brussels,Apartment,https://immovlan.be/en/detail/apartment/for-sale/1200/sint-lambrechts-woluwe/vbe33595,vbe33595,apartment,for-sale,1200,sint-lambrechts-woluwe
brussels,Apartment,https://immovlan.be/en/detail/duplex/for-sale/1090/jette/vbe33571,vbe33571,duplex,for-sale,1090,jette
brussels,Apartment,https://immovlan.be/en/detail/apartment/for-sale/1090/jette/vbe33570,vbe33570,apartment,for-sale,1090,jette
brussels,Apartment,https://immovlan.be/en/detail/apartment/for-sale/1090/jette/vbe33569,vbe33569,apartment,for-sale,1090,jette
brussels,Apartment,https://immovlan.be/en/detail/duplex/for-sale/1090/jette/vbe33568,vbe33568,duplex,for-sale,1090,jette
brussels,Apartment,https://immovlan.be/en/detail/apartment/for-sale/1081/koekelberg/vbe33546,vbe33546,apartment,for-sale,1081,koekelberg
brussels,Apartment,https://immovlan.be/en/detail/apartment/for-sale/1150/sint-pieters-woluwe/rbw18074,rbw18074,apartment,for-sale,1150,sint-pieters-woluwe
brussels,Apartment,https://immovlan.be/en/detail/apartment/for-sale/1050/elsene/vbe33525,vbe33525,apartment,for-sale,1050,elsene
brussels,Apartment,https://immovlan.be/en/detail/apartment/for-sale/1050/elsene/vbe33524,vbe33524,apartment,for-sale,1050,elsene
brussels,Apartment,https://immovlan.be/en/detail/apartment/for-sale/1050/elsene/vbe33509,vbe33509,apartment,for-sale,1050,elsene
brussels,Apartment,https://immovlan.be/en/detail/apartment/for-sale/1082/berchem-sainte-agathe/vbe33507,vbe33507,apartment,for-sale,1082,berchem-sainte-agathe
brussels,Apartment,https://immovlan.be/en/detail/apartment/for-sale/1020/laken/vbe33506,vbe33506,apartment,for-sale,1020,laken
brussels,House,https://immovlan.be/en/detail/residence/for-sale/1050/elsene/vbe33496,vbe33496,residence,for-sale,1050,elsene
brussels,House,https://immovlan.be/en/detail/residence/for-sale/1030/schaarbeek/vbe33494,vbe33494,residence,for-sale,1030,schaarbeek
brussels,House,https://immovlan.be/en/detail/residence/for-sale/1140/evere/vbe33493,vbe33493,residence,for-sale,1140,evere
brussels,Apartment,https://immovlan.be/en/detail/apartment/for-sale/1170/watermaal-bosvoorde/vbe33485,vbe33485,apartment,for-sale,1170,watermaal-bosvoorde
brussels,Apartment,https://immovlan.be/en/detail/apartment/for-sale/1170/watermaal-bosvoorde/vbe33484,vbe33484,apartment,for-sale,1170,watermaal-bosvoorde
brussels,Apartment,https://immovlan.be/en/detail/apartment/for-sale/1170/watermaal-bosvoorde/vbe33483,vbe33483,apartment,for-sale,1170,watermaal-bosvoorde
brussels,Apartment,https://immovlan.be/en/detail/apartment/for-sale/1160/oudergem/rbw18050,rbw18050,apartment,for-sale,1160,oudergem
brussels,House,https://immovlan.be/en/detail/residence/for-sale/1180/ukkel/vbe33458,vbe33458,residence,for-sale,1180,ukkel
brussels,House,https://immovlan.be/en/detail/residence/for-sale/1190/vorst/vbe33457,vbe33457,residence,for-sale,1190,vorst
brussels,House,https://immovlan.be/en/detail/mixed-building/for-sale/1190/vorst/vbe33456,vbe33456,mixed-building,for-sale,1190,vorst
brussels,Apartment,https://immovlan.be/en/detail/apartment/for-sale/1050/elsene/vbe33454,vbe33454,apartment,for-sale,1050,elsene
brussels,House,https://immovlan.be/en/detail/residence/for-sale/1030/schaarbeek/vbe33445,vbe33445,residence,for-sale,1030,schaarbeek
brussels,House,https://immovlan.be/en/detail/residence/for-sale/1000/brussels/vbe33438,vbe33438,residence,for-sale,1000,brussels
brussels,House,https://immovlan.be/en/detail/master-house/for-sale/1030/schaarbeek/vbe33437,vbe33437,master-house,for-sale,1030,schaarbeek
brussels,House,https://immovlan.be/en/detail/residence/for-sale/1000/brussels/vbe33417,vbe33417,residence,for-sale,1000,brussels
brussels,House,https://immovlan.be/en/detail/residence/for-sale/1050/elsene/vbe33416,vbe33416,residence,for-sale,1050,elsene
brussels,Apartment,https://immovlan.be/en/detail/apartment/for-sale/1170/watermaal-bosvoorde/vbe33412,vbe33412,apartment,for-sale,1170,watermaal-bosvoorde
brussels,Apartment,https://immovlan.be/en/detail/apartment/for-sale/1050/elsene/vbe33401,vbe33401,apartment,for-sale,1050,elsene
brussels,House,https://immovlan.be/en/detail/residence/for-sale/1170/watermaal-bosvoorde/vbe33399,vbe33399,residence,for-sale,1170,watermaal-bosvoorde
brussels,Apartment,https://immovlan.be/en/detail/apartment/for-sale/1050/elsene/vbe33391,vbe33391,apartment,for-sale,1050,elsene
brussels,House,https://immovlan.be/en/detail/residence/for-sale/1200/sint-lambrechts-woluwe/vbe33390,vbe33390,residence,for-sale,1200,sint-lambrechts-woluwe
brussels,Apartment,https://immovlan.be/en/detail/apartment/for-sale/1070/anderlecht/vbe33386,vbe33386,apartment,for-sale,1070,anderlecht
brussels,House,https://immovlan.be/en/detail/residence/for-sale/1050/elsene/vbe33385,vbe33385,residence,for-sale,1050,elsene
brussels,Apartment,https://immovlan.be/en/detail/apartment/for-sale/1000/brussels/vbe33373,vbe33373,apartment,for-sale,1000,brussels
brussels,Apartment,https://immovlan.be/en/detail/apartment/for-sale/1081/koekelberg/vbe33372,vbe33372,apartment,for-sale,1081,koekelberg
brussels,House,https://immovlan.be/en/detail/residence/for-sale/1150/sint-pieters-woluwe/vbe33370,vbe33370,residence,for-sale,1150,sint-pieters-woluwe
brussels,Apartment,https://immovlan.be/en/detail/apartment/for-sale/1082/berchem-sainte-agathe/rbw17966,rbw17966,apartment,for-sale,1082,berchem-sainte-agathe
brussels,House,https://immovlan.be/en/detail/residence/for-sale/1180/ukkel/vbe33357,vbe33357,residence,for-sale,1180,ukkel
brussels,Apartment,https://immovlan.be/en/detail/apartment/for-sale/1050/elsene/vbe33290,vbe33290,apartment,for-sale,1050,elsene
brussels,Apartment,https://immovlan.be/en/detail/apartment/for-sale/1180/ukkel/vbe33289,vbe33289,apartment,for-sale,1180,ukkel
brussels,Apartment,https://immovlan.be/en/detail/apartment/for-sale/1000/brussels/rbw17483,rbw17483,apartment,for-sale,1000,brussels
brussels,Apartment,https://immovlan.be/en/detail/apartment/for-sale/1050/elsene/rbw17400,rbw17400,apartment,for-sale,1050,elsene
brussels,Apartment,https://immovlan.be/en/detail/apartment/for-sale/1050/elsene/rbw17398,rbw17398,apartment,for-sale,1050,elsene
brussels,Apartment,https://immovlan.be/en/detail/apartment/for-sale/1050/elsene/rbw17397,rbw17397,apartment,for-sale,1050,elsene
brussels,Apartment,https://immovlan.be/en/detail/apartment/for-sale/1050/elsene/rbw17396,rbw17396,apartment,for-sale,1050,elsene
brussels,Apartment,https://immovlan.be/en/detail/apartment/for-sale/1050/elsene/rbw17395,rbw17395,apartment,for-sale,1050,elsene
brussels,Apartment,https://immovlan.be/en/detail/penthouse/for-sale/1050/elsene/rbw17394,rbw17394,penthouse,for-sale,1050,elsene
brussels,Apartment,https://immovlan.be/en/detail/penthouse/for-sale/1180/ukkel/rbw17393,rbw17393,penthouse,for-sale,1180,ukkel
brussels,Apartment,https://immovlan.be/en/detail/apartment/for-sale/1180/ukkel/rbw17392,rbw17392,apartment,for-sale,1180,ukkel
brussels,Apartment,https://immovlan.be/en/detail/apartment/for-sale/1180/ukkel/rbw17391,rbw17391,apartment,for-sale,1180,ukkel
brussels,Apartment,https://immovlan.be/en/detail/apartment/for-sale/1150/sint-pieters-woluwe/vbe33243,vbe33243,apartment,for-sale,1150,sint-pieters-woluwe
brussels,House,https://immovlan.be/en/detail/residence/for-sale/1180/ukkel/vbe33228,vbe33228,residence,for-sale,1180,ukkel
brussels,Apartment,https://immovlan.be/en/detail/loft/for-sale/1050/elsene/vbe33227,vbe33227,loft,for-sale,1050,elsene
brussels,House,https://immovlan.be/en/detail/residence/for-sale/1030/schaarbeek/vbe33216,vbe33216,residence,for-sale,1030,schaarbeek
brussels,House,https://immovlan.be/en/detail/villa/for-sale/1150/sint-pieters-woluwe/rbw17362,rbw17362,villa,for-sale,1150,sint-pieters-woluwe
brussels,House,https://immovlan.be/en/detail/mixed-building/for-sale/1040/etterbeek/vbe33193,vbe33193,mixed-building,for-sale,1040,etterbeek
brussels,Apartment,https://immovlan.be/en/detail/apartment/for-sale/1040/etterbeek/vbe33180,vbe33180,apartment,for-sale,1040,etterbeek
brussels,Apartment,https://immovlan.be/en/detail/apartment/for-sale/1050/elsene/vbe33177,vbe33177,apartment,for-sale,1050,elsene
brussels,Apartment,https://immovlan.be/en/detail/apartment/for-sale/1050/elsene/vbe33176,vbe33176,apartment,for-sale,1050,elsene
brussels,Apartment,https://immovlan.be/en/detail/apartment/for-sale/1050/elsene/vbe33174,vbe33174,apartment,for-sale,1050,elsene
brussels,Apartment,https://immovlan.be/en/detail/apartment/for-sale/1020/laken/vbe33172,vbe33172,apartment,for-sale,1020,laken
brussels,House,https://immovlan.be/en/detail/residence/for-sale/1030/schaarbeek/vbe33168,vbe33168,residence,for-sale,1030,schaarbeek
brussels,Apartment,https://immovlan.be/en/detail/apartment/for-sale/1180/ukkel/vbe33164,vbe33164,apartment,for-sale,1180,ukkel
brussels,Apartment,https://immovlan.be/en/detail/duplex/for-sale/1160/oudergem/vbe33161,vbe33161,duplex,for-sale,1160,oudergem
brussels,Apartment,https://immovlan.be/en/detail/apartment/for-sale/1160/oudergem/vbe33160,vbe33160,apartment,for-sale,1160,oudergem
brussels,Apartment,https://immovlan.be/en/detail/duplex/for-sale/1000/brussels/vbe33157,vbe33157,duplex,for-sale,1000,brussels
brussels,Apartment,https://immovlan.be/en/detail/studio/for-sale/1000/brussels/vbe33156,vbe33156,studio,for-sale,1000,brussels
brussels,Apartment,https://immovlan.be/en/detail/studio/for-sale/1040/etterbeek/vwd17767,vwd17767,studio,for-sale,1040,etterbeek
brussels,House,https://immovlan.be/en/detail/mixed-building/for-sale/1040/etterbeek/vbe33097,vbe33097,mixed-building,for-sale,1040,etterbeek
brussels,Apartment,https://immovlan.be/en/detail/apartment/for-sale/1020/laken/vbe33091,vbe33091,apartment,for-sale,1020,laken
brussels,Apartment,https://immovlan.be/en/detail/apartment/for-sale/1020/laken/vbe33090,vbe33090,apartment,for-sale,1020,laken
brussels,House,https://immovlan.be/en/detail/residence/for-sale/1180/ukkel/vbe33077,vbe33077,residence,for-sale,1180,ukkel
brussels,House,https://immovlan.be/en/detail/residence/for-sale/1070/anderlecht/vbe33072,vbe33072,residence,for-sale,1070,anderlecht
brussels,Apartment,https://immovlan.be/en/detail/triplex/for-sale/1150/sint-pieters-woluwe/vbe33071,vbe33071,triplex,for-sale,1150,sint-pieters-woluwe
brussels,House,https://immovlan.be/en/detail/mixed-building/for-sale/1190/vorst/rbw17282,rbw17282,mixed-building,for-sale,1190,vorst
brussels,House,https://immovlan.be/en/detail/residence/for-sale/1190/vorst/rbw17281,rbw17281,residence,for-sale,1190,vorst
brussels,Apartment,https://immovlan.be/en/detail/apartment/for-sale/1180/ukkel/vbe33057,vbe33057,apartment,for-sale,1180,ukkel
brussels,Apartment,https://immovlan.be/en/detail/apartment/for-sale/1060/sint-gillis/vbe33053,vbe33053,apartment,for-sale,1060,sint-gillis
brussels,Apartment,https://immovlan.be/en/detail/apartment/for-sale/1070/anderlecht/vbe33052,vbe33052,apartment,for-sale,1070,anderlecht
brussels,Apartment,https://immovlan.be/en/detail/apartment/for-sale/1070/anderlecht/vbe33051,vbe33051,apartment,for-sale,1070,anderlecht
brussels,House,https://immovlan.be/en/detail/villa/for-sale/1170/watermaal-bosvoorde/vbe33049,vbe33049,villa,for-sale,1170,watermaal-bosvoorde
brussels,Apartment,https://immovlan.be/en/detail/studio/for-sale/1080/sint-jans-molenbeek/vbe33044,vbe33044,studio,for-sale,1080,sint-jans-molenbeek
brussels,Apartment,https://immovlan.be/en/detail/apartment/for-sale/1050/elsene/vbe33043,vbe33043,apartment,for-sale,1050,elsene
brussels,House,https://immovlan.be/en/detail/residence/for-sale/1150/sint-pieters-woluwe/vbe33038,vbe33038,residence,for-sale,1150,sint-pieters-woluwe
brussels,Apartment,https://immovlan.be/en/detail/apartment/for-sale/1090/jette/vbe33035,vbe33035,apartment,for-sale,1090,jette
brussels,Apartment,https://immovlan.be/en/detail/apartment/for-sale/1190/vorst/vbe33015,vbe33015,apartment,for-sale,1190,vorst
brussels,Apartment,https://immovlan.be/en/detail/apartment/for-sale/1030/schaarbeek/vbe33013,vbe33013,apartment,for-sale,1030,schaarbeek
brussels,Apartment,https://immovlan.be/en/detail/apartment/for-sale/1000/brussels/vbe32990,vbe32990,apartment,for-sale,1000,brussels
brussels,House,https://immovlan.be/en/detail/residence/for-sale/1030/schaarbeek/vbe32989,vbe32989,residence,for-sale,1030,schaarbeek
brussels,Apartment,https://immovlan.be/en/detail/apartment/for-sale/1070/anderlecht/vbe32982,vbe32982,apartment,for-sale,1070,anderlecht
brussels,Apartment,https://immovlan.be/en/detail/apartment/for-sale/1090/jette/rbw17025,rbw17025,apartment,for-sale,1090,jette
brussels,Apartment,https://immovlan.be/en/detail/apartment/for-sale/1180/ukkel/vbe32837,vbe32837,apartment,for-sale,1180,ukkel
brussels,Apartment,https://immovlan.be/en/detail/triplex/for-sale/1210/sint-joost-ten-node/vbe32836,vbe32836,triplex,for-sale,1210,sint-joost-ten-node
brussels,Apartment,https://immovlan.be/en/detail/apartment/for-sale/1210/sint-joost-ten-node/vbe32835,vbe32835,apartment,for-sale,1210,sint-joost-ten-node
brussels,House,https://immovlan.be/en/detail/residence/for-sale/1120/neder-over-heembeek/vbe32834,vbe32834,residence,for-sale,1120,neder-over-heembeek
brussels,Apartment,https://immovlan.be/en/detail/apartment/for-sale/1030/schaarbeek/vbe32833,vbe32833,apartment,for-sale,1030,schaarbeek
brussels,Apartment,https://immovlan.be/en/detail/apartment/for-sale/1030/schaarbeek/vbe32832,vbe32832,apartment,for-sale,1030,schaarbeek
brussels,Apartment,https://immovlan.be/en/detail/studio/for-sale/1180/ukkel/vbe32830,vbe32830,studio,for-sale,1180,ukkel
brussels,Apartment,https://immovlan.be/en/detail/ground-floor/for-sale/1083/ganshoren/rbw17013,rbw17013,ground-floor,for-sale,1083,ganshoren
brussels,Apartment,https://immovlan.be/en/detail/apartment/for-sale/1180/ukkel/vbe32798,vbe32798,apartment,for-sale,1180,ukkel
brussels,Apartment,https://immovlan.be/en/detail/apartment/for-sale/1050/elsene/vbe32795,vbe32795,apartment,for-sale,1050,elsene
brussels,Apartment,https://immovlan.be/en/detail/apartment/for-sale/1200/sint-lambrechts-woluwe/vbe32794,vbe32794,apartment,for-sale,1200,sint-lambrechts-woluwe
brussels,Apartment,https://immovlan.be/en/detail/apartment/for-sale/1030/schaarbeek/vbe32790,vbe32790,apartment,for-sale,1030,schaarbeek
brussels,Apartment,https://immovlan.be/en/detail/apartment/for-sale/1050/elsene/vbe32784,vbe32784,apartment,for-sale,1050,elsene
brussels,Apartment,https://immovlan.be/en/detail/apartment/for-sale/1150/sint-pieters-woluwe/vbe32766,vbe32766,apartment,for-sale,1150,sint-pieters-woluwe
brussels,Apartment,https://immovlan.be/en/detail/apartment/for-sale/1030/schaarbeek/vbe32764,vbe32764,apartment,for-sale,1030,schaarbeek
brussels,Apartment,https://immovlan.be/en/detail/apartment/for-sale/1050/elsene/vbe32748,vbe32748,apartment,for-sale,1050,elsene
brussels,Apartment,https://immovlan.be/en/detail/apartment/for-sale/1030/schaarbeek/vwd17761,vwd17761,apartment,for-sale,1030,schaarbeek
brussels,House,https://immovlan.be/en/detail/residence/for-sale/1070/anderlecht/vbe32717,vbe32717,residence,for-sale,1070,anderlecht
brussels,Apartment,https://immovlan.be/en/detail/apartment/in-public-sale/1070/anderlecht/vbe32714,vbe32714,apartment,in-public-sale,1070,anderlecht
brussels,Apartment,https://immovlan.be/en/detail/apartment/for-sale/1020/laken/vbe32707,vbe32707,apartment,for-sale,1020,laken
brussels,House,https://immovlan.be/en/detail/master-house/for-sale/1083/ganshoren/vbe32703,vbe32703,master-house,for-sale,1083,ganshoren
brussels,House,https://immovlan.be/en/detail/villa/for-sale/1180/ukkel/vbe32700,vbe32700,villa,for-sale,1180,ukkel
brussels,Apartment,https://immovlan.be/en/detail/apartment/for-sale/1020/laken/rbw16916,rbw16916,apartment,for-sale,1020,laken
brussels,Apartment,https://immovlan.be/en/detail/ground-floor/for-sale/1050/elsene/vbe32682,vbe32682,ground-floor,for-sale,1050,elsene
brussels,Apartment,https://immovlan.be/en/detail/apartment/for-sale/1190/vorst/vbe32680,vbe32680,apartment,for-sale,1190,vorst
brussels,House,https://immovlan.be/en/detail/residence/for-sale/1050/elsene/vbe32679,vbe32679,residence,for-sale,1050,elsene
brussels,Apartment,https://immovlan.be/en/detail/ground-floor/for-sale/1030/schaarbeek/vbe32673,vbe32673,ground-floor,for-sale,1030,schaarbeek
brussels,Apartment,https://immovlan.be/en/detail/apartment/for-sale/1180/ukkel/vbe32672,vbe32672,apartment,for-sale,1180,ukkel
brussels,Apartment,https://immovlan.be/en/detail/apartment/for-sale/1040/etterbeek/vbe32670,vbe32670,apartment,for-sale,1040,etterbeek
brussels,Apartment,https://immovlan.be/en/detail/apartment/for-sale/1180/ukkel/vbe32664,vbe32664,apartment,for-sale,1180,ukkel
brussels,House,https://immovlan.be/en/detail/residence/for-sale/1040/etterbeek/vbe32618,vbe32618,residence,for-sale,1040,etterbeek
brussels,House,https://immovlan.be/en/detail/residence/for-sale/1060/sint-gillis/vwd17758,vwd17758,residence,for-sale,1060,sint-gillis
brussels,Apartment,https://immovlan.be/en/detail/apartment/for-sale/1050/elsene/rbw16713,rbw16713,apartment,for-sale,1050,elsene
brussels,House,https://immovlan.be/en/detail/residence/for-sale/1070/anderlecht/vbe32609,vbe32609,residence,for-sale,1070,anderlecht
brussels,Apartment,https://immovlan.be/en/detail/apartment/for-sale/1090/jette/vbe32607,vbe32607,apartment,for-sale,1090,jette
brussels,Apartment,https://immovlan.be/en/detail/apartment/for-sale/1000/brussels/vbe32593,vbe32593,apartment,for-sale,1000,brussels
brussels,Apartment,https://immovlan.be/en/detail/apartment/for-sale/1060/sint-gillis/vbe32592,vbe32592,apartment,for-sale,1060,sint-gillis
brussels,Apartment,https://immovlan.be/en/detail/apartment/for-sale/1083/ganshoren/vbe32585,vbe32585,apartment,for-sale,1083,ganshoren
brussels,Apartment,https://immovlan.be/en/detail/apartment/for-sale/1080/sint-jans-molenbeek/vbe32575,vbe32575,apartment,for-sale,1080,sint-jans-molenbeek
brussels,Apartment,https://immovlan.be/en/detail/apartment/for-sale/1090/jette/vbe32574,vbe32574,apartment,for-sale,1090,jette
brussels,Apartment,https://immovlan.be/en/detail/apartment/for-sale/1090/jette/vbe32567,vbe32567,apartment,for-sale,1090,jette
brussels,Apartment,https://immovlan.be/en/detail/apartment/for-sale/1050/elsene/vbe32536,vbe32536,apartment,for-sale,1050,elsene
brussels,Apartment,https://immovlan.be/en/detail/studio/for-sale/1050/elsene/vbe32529,vbe32529,studio,for-sale,1050,elsene
brussels,Apartment,https://immovlan.be/en/detail/apartment/for-sale/1180/ukkel/vbe32497,vbe32497,apartment,for-sale,1180,ukkel
brussels,Apartment,https://immovlan.be/en/detail/apartment/for-sale/1140/evere/vbe32464,vbe32464,apartment,for-sale,1140,evere
brussels,Apartment,https://immovlan.be/en/detail/apartment/for-sale/1200/sint-lambrechts-woluwe/vbe32441,vbe32441,apartment,for-sale,1200,sint-lambrechts-woluwe
brussels,Apartment,https://immovlan.be/en/detail/apartment/for-sale/1050/elsene/vbe32438,vbe32438,apartment,for-sale,1050,elsene
brussels,Apartment,https://immovlan.be/en/detail/apartment/for-sale/1200/sint-lambrechts-woluwe/vbe32435,vbe32435,apartment,for-sale,1200,sint-lambrechts-woluwe
brussels,Apartment,https://immovlan.be/en/detail/studio/for-sale/1190/vorst/vbe32434,vbe32434,studio,for-sale,1190,vorst
brussels,Apartment,https://immovlan.be/en/detail/duplex/for-sale/1000/brussels/vbe32433,vbe32433,duplex,for-sale,1000,brussels
brussels,Apartment,https://immovlan.be/en/detail/apartment/for-sale/1000/brussels/vbe32432,vbe32432,apartment,for-sale,1000,brussels
brussels,Apartment,https://immovlan.be/en/detail/apartment/for-sale/1180/ukkel/vbe32431,vbe32431,apartment,for-sale,1180,ukkel
brussels,Apartment,https://immovlan.be/en/detail/apartment/for-sale/1190/vorst/vbe32421,vbe32421,apartment,for-sale,1190,vorst
brussels,House,https://immovlan.be/en/detail/residence/for-sale/1150/sint-pieters-woluwe/rbw16255,rbw16255,residence,for-sale,1150,sint-pieters-woluwe
brussels,House,https://immovlan.be/en/detail/villa/for-sale/1180/ukkel/rbw16254,rbw16254,villa,for-sale,1180,ukkel
brussels,Apartment,https://immovlan.be/en/detail/apartment/for-sale/1050/elsene/vbe32412,vbe32412,apartment,for-sale,1050,elsene
brussels,Apartment,https://immovlan.be/en/detail/apartment/for-sale/1000/brussels/vbe32411,vbe32411,apartment,for-sale,1000,brussels
brussels,Apartment,https://immovlan.be/en/detail/apartment/for-sale/1083/ganshoren/vbe32410,vbe32410,apartment,for-sale,1083,ganshoren
brussels,House,https://immovlan.be/en/detail/mixed-building/for-sale/1180/ukkel/vbe32391,vbe32391,mixed-building,for-sale,1180,ukkel
brussels,Apartment,https://immovlan.be/en/detail/apartment/for-sale/1070/anderlecht/vbe32374,vbe32374,apartment,for-sale,1070,anderlecht
brussels,Apartment,https://immovlan.be/en/detail/apartment/for-sale/1050/elsene/vbe32352,vbe32352,apartment,for-sale,1050,elsene
brussels,Apartment,https://immovlan.be/en/detail/apartment/for-sale/1210/sint-joost-ten-node/vbe32347,vbe32347,apartment,for-sale,1210,sint-joost-ten-node
brussels,Apartment,https://immovlan.be/en/detail/triplex/for-sale/1050/elsene/vbe32340,vbe32340,triplex,for-sale,1050,elsene
brussels,Apartment,https://immovlan.be/en/detail/apartment/for-sale/1180/ukkel/vbe32339,vbe32339,apartment,for-sale,1180,ukkel
brussels,Apartment,https://immovlan.be/en/detail/apartment/for-sale/1060/sint-gillis/vbe32336,vbe32336,apartment,for-sale,1060,sint-gillis
brussels,Apartment,https://immovlan.be/en/detail/apartment/for-sale/1090/jette/vbe32333,vbe32333,apartment,for-sale,1090,jette
brussels,Apartment,https://immovlan.be/en/detail/apartment/for-sale/1080/sint-jans-molenbeek/vbe32307,vbe32307,apartment,for-sale,1080,sint-jans-molenbeek
brussels,Apartment,https://immovlan.be/en/detail/apartment/for-sale/1000/brussels/vbe32295,vbe32295,apartment,for-sale,1000,brussels
brussels,Apartment,https://immovlan.be/en/detail/apartment/for-sale/1000/brussels/vbe32294,vbe32294,apartment,for-sale,1000,brussels
brussels,Apartment,https://immovlan.be/en/detail/apartment/for-sale/1000/brussels/vbe32293,vbe32293,apartment,for-sale,1000,brussels
brussels,House,https://immovlan.be/en/detail/residence/for-sale/1030/schaarbeek/vbe32284,vbe32284,residence,for-sale,1030,schaarbeek
brussels,Apartment,https://immovlan.be/en/detail/apartment/in-public-sale/1030/schaarbeek/vbe32283,vbe32283,apartment,in-public-sale,1030,schaarbeek
brussels,Apartment,https://immovlan.be/en/detail/apartment/for-sale/1070/anderlecht/vbe32279,vbe32279,apartment,for-sale,1070,anderlecht
brussels,Apartment,https://immovlan.be/en/detail/apartment/for-sale/1070/anderlecht/rbw16212,rbw16212,apartment,for-sale,1070,anderlecht
brussels,Apartment,https://immovlan.be/en/detail/apartment/for-sale/1060/sint-gillis/vbe32276,vbe32276,apartment,for-sale,1060,sint-gillis
brussels,House,https://immovlan.be/en/detail/residence/for-sale/1060/sint-gillis/vbe32266,vbe32266,residence,for-sale,1060,sint-gillis
brussels,Apartment,https://immovlan.be/en/detail/apartment/for-sale/1120/neder-over-heembeek/vbe32257,vbe32257,apartment,for-sale,1120,neder-over-heembeek
brussels,House,https://immovlan.be/en/detail/master-house/for-sale/1050/elsene/vbe32233,vbe32233,master-house,for-sale,1050,elsene
brussels,Apartment,https://immovlan.be/en/detail/apartment/for-sale/1180/ukkel/vbe32217,vbe32217,apartment,for-sale,1180,ukkel
brussels,House,https://immovlan.be/en/detail/residence/for-sale/1180/ukkel/vbe32190,vbe32190,residence,for-sale,1180,ukkel
brussels,Apartment,https://immovlan.be/en/detail/apartment/for-sale/1180/ukkel/vbe32187,vbe32187,apartment,for-sale,1180,ukkel
brussels,Apartment,https://immovlan.be/en/detail/apartment/for-sale/1200/sint-lambrechts-woluwe/vbe32182,vbe32182,apartment,for-sale,1200,sint-lambrechts-woluwe
brussels,Apartment,https://immovlan.be/en/detail/penthouse/for-sale/1200/sint-lambrechts-woluwe/vbe32176,vbe32176,penthouse,for-sale,1200,sint-lambrechts-woluwe
brussels,Apartment,https://immovlan.be/en/detail/apartment/for-sale/1050/elsene/vbe32175,vbe32175,apartment,for-sale,1050,elsene
brussels,Apartment,https://immovlan.be/en/detail/apartment/for-sale/1050/elsene/vbe32170,vbe32170,apartment,for-sale,1050,elsene
brussels,Apartment,https://immovlan.be/en/detail/apartment/for-sale/1180/ukkel/vbe32157,vbe32157,apartment,for-sale,1180,ukkel
brussels,Apartment,https://immovlan.be/en/detail/apartment/for-sale/1180/ukkel/vbe32152,vbe32152,apartment,for-sale,1180,ukkel
brussels,Apartment,https://immovlan.be/en/detail/apartment/for-sale/1050/elsene/vbe32150,vbe32150,apartment,for-sale,1050,elsene
brussels,Apartment,https://immovlan.be/en/detail/apartment/for-sale/1030/schaarbeek/vbe32148,vbe32148,apartment,for-sale,1030,schaarbeek
brussels,Apartment,https://immovlan.be/en/detail/apartment/for-sale/1180/ukkel/vbe32143,vbe32143,apartment,for-sale,1180,ukkel
brussels,Apartment,https://immovlan.be/en/detail/ground-floor/for-sale/1080/sint-jans-molenbeek/vwd17745,vwd17745,ground-floor,for-sale,1080,sint-jans-molenbeek
brussels,Apartment,https://immovlan.be/en/detail/apartment/for-sale/1060/sint-gillis/vbe32135,vbe32135,apartment,for-sale,1060,sint-gillis
brussels,Apartment,https://immovlan.be/en/detail/apartment/for-sale/1030/schaarbeek/vbe32130,vbe32130,apartment,for-sale,1030,schaarbeek
brussels,Apartment,https://immovlan.be/en/detail/apartment/for-sale/1030/schaarbeek/vbe32129,vbe32129,apartment,for-sale,1030,schaarbeek
brussels,Apartment,https://immovlan.be/en/detail/apartment/for-sale/1030/schaarbeek/vbe32128,vbe32128,apartment,for-sale,1030,schaarbeek
brussels,Apartment,https://immovlan.be/en/detail/studio/for-sale/1050/elsene/vbe32118,vbe32118,studio,for-sale,1050,elsene
brussels,Apartment,https://immovlan.be/en/detail/apartment/for-sale/1070/anderlecht/rbw15977,rbw15977,apartment,for-sale,1070,anderlecht
brussels,Apartment,https://immovlan.be/en/detail/apartment/for-sale/1050/elsene/vwd17743,vwd17743,apartment,for-sale,1050,elsene
brussels,Apartment,https://immovlan.be/en/detail/apartment/for-sale/1050/elsene/vbe32107,vbe32107,apartment,for-sale,1050,elsene
brussels,Apartment,https://immovlan.be/en/detail/apartment/for-sale/1000/brussels/vbe32106,vbe32106,apartment,for-sale,1000,brussels
brussels,Apartment,https://immovlan.be/en/detail/apartment/for-sale/1170/watermaal-bosvoorde/vbe32104,vbe32104,apartment,for-sale,1170,watermaal-bosvoorde
brussels,Apartment,https://immovlan.be/en/detail/apartment/for-sale/1081/koekelberg/vbe32102,vbe32102,apartment,for-sale,1081,koekelberg
brussels,Apartment,https://immovlan.be/en/detail/apartment/for-sale/1083/ganshoren/vbe32101,vbe32101,apartment,for-sale,1083,ganshoren
brussels,Apartment,https://immovlan.be/en/detail/apartment/for-sale/1140/evere/vbe32097,vbe32097,apartment,for-sale,1140,evere
brussels,Apartment,https://immovlan.be/en/detail/apartment/for-sale/1080/sint-jans-molenbeek/vbe32096,vbe32096,apartment,for-sale,1080,sint-jans-molenbeek
brussels,House,https://immovlan.be/en/detail/residence/for-sale/1170/watermaal-bosvoorde/vbe32091,vbe32091,residence,for-sale,1170,watermaal-bosvoorde
brussels,House,https://immovlan.be/en/detail/residence/for-sale/1081/koekelberg/vbe32045,vbe32045,residence,for-sale,1081,koekelberg
brussels,Apartment,https://immovlan.be/en/detail/apartment/for-sale/1020/laken/vbe32037,vbe32037,apartment,for-sale,1020,laken
brussels,Apartment,https://immovlan.be/en/detail/apartment/for-sale/1000/brussels/vbe32035,vbe32035,apartment,for-sale,1000,brussels
brussels,Apartment,https://immovlan.be/en/detail/apartment/for-sale/1000/brussels/vbe32034,vbe32034,apartment,for-sale,1000,brussels
brussels,Apartment,https://immovlan.be/en/detail/apartment/for-sale/1000/brussels/rbw13656,rbw13656,apartment,for-sale,1000,brussels
brussels,House,https://immovlan.be/en/detail/residence/for-sale/1040/etterbeek/vbe31981,vbe31981,residence,for-sale,1040,etterbeek
brussels,Apartment,https://immovlan.be/en/detail/apartment/for-sale/1082/berchem-sainte-agathe/vbe31950,vbe31950,apartment,for-sale,1082,berchem-sainte-agathe
brussels,Apartment,https://immovlan.be/en/detail/ground-floor/for-sale/1080/sint-jans-molenbeek/vbe31947,vbe31947,ground-floor,for-sale,1080,sint-jans-molenbeek
brussels,Apartment,https://immovlan.be/en/detail/apartment/for-sale/1090/jette/rbw13650,rbw13650,apartment,for-sale,1090,jette
brussels,Apartment,https://immovlan.be/en/detail/apartment/for-sale/1170/watermaal-bosvoorde/vwd17734,vwd17734,apartment,for-sale,1170,watermaal-bosvoorde
brussels,Apartment,https://immovlan.be/en/detail/duplex/for-sale/1000/brussels/rwc42731,rwc42731,duplex,for-sale,1000,brussels
brussels,Apartment,https://immovlan.be/en/detail/apartment/for-sale/1140/evere/vbe31936,vbe31936,apartment,for-sale,1140,evere
brussels,Apartment,https://immovlan.be/en/detail/apartment/for-sale/1000/brussels/vbe31929,vbe31929,apartment,for-sale,1000,brussels
brussels,Apartment,https://immovlan.be/en/detail/apartment/for-sale/1000/brussels/vbe31928,vbe31928,apartment,for-sale,1000,brussels
brussels,Apartment,https://immovlan.be/en/detail/apartment/for-sale/1140/evere/vbe31927,vbe31927,apartment,for-sale,1140,evere
brussels,Apartment,https://immovlan.be/en/detail/apartment/for-sale/1210/sint-joost-ten-node/vbe31923,vbe31923,apartment,for-sale,1210,sint-joost-ten-node
brussels,Apartment,https://immovlan.be/en/detail/penthouse/for-sale/1120/neder-over-heembeek/vbe31922,vbe31922,penthouse,for-sale,1120,neder-over-heembeek
brussels,Apartment,https://immovlan.be/en/detail/apartment/for-sale/1040/etterbeek/vbe31920,vbe31920,apartment,for-sale,1040,etterbeek
brussels,House,https://immovlan.be/en/detail/residence/for-sale/1000/brussels/vbe31919,vbe31919,residence,for-sale,1000,brussels
brussels,Apartment,https://immovlan.be/en/detail/apartment/for-sale/1083/ganshoren/vwd17732,vwd17732,apartment,for-sale,1083,ganshoren
brussels,House,https://immovlan.be/en/detail/residence/for-sale/1030/schaarbeek/rbw13382,rbw13382,residence,for-sale,1030,schaarbeek
brussels,Apartment,https://immovlan.be/en/detail/apartment/for-sale/1000/brussels/rbw13380,rbw13380,apartment,for-sale,1000,brussels
brussels,Apartment,https://immovlan.be/en/detail/apartment/for-sale/1000/brussels/rbw13378,rbw13378,apartment,for-sale,1000,brussels
brussels,Apartment,https://immovlan.be/en/detail/studio/for-sale/1000/brussels/vbe31875,vbe31875,studio,for-sale,1000,brussels
brussels,Apartment,https://immovlan.be/en/detail/studio/for-sale/1050/elsene/vbe31874,vbe31874,studio,for-sale,1050,elsene
brussels,Apartment,https://immovlan.be/en/detail/apartment/for-sale/1030/schaarbeek/vbe31845,vbe31845,apartment,for-sale,1030,schaarbeek
brussels,House,https://immovlan.be/en/detail/mixed-building/for-sale/1000/brussels/vbe31836,vbe31836,mixed-building,for-sale,1000,brussels
brussels,Apartment,https://immovlan.be/en/detail/apartment/for-sale/1083/ganshoren/rbw13347,rbw13347,apartment,for-sale,1083,ganshoren
brussels,Apartment,https://immovlan.be/en/detail/ground-floor/for-sale/1180/ukkel/vbe31813,vbe31813,ground-floor,for-sale,1180,ukkel
brussels,Apartment,https://immovlan.be/en/detail/studio/for-sale/1180/ukkel/vbe31810,vbe31810,studio,for-sale,1180,ukkel
brussels,House,https://immovlan.be/en/detail/mixed-building/for-sale/1030/schaarbeek/vbe31799,vbe31799,mixed-building,for-sale,1030,schaarbeek
brussels,Apartment,https://immovlan.be/en/detail/apartment/for-sale/1180/ukkel/vbe31794,vbe31794,apartment,for-sale,1180,ukkel
brussels,Apartment,https://immovlan.be/en/detail/apartment/for-sale/1190/vorst/vbe31778,vbe31778,apartment,for-sale,1190,vorst
brussels,Apartment,https://immovlan.be/en/detail/ground-floor/for-sale/1190/vorst/vbe31762,vbe31762,ground-floor,for-sale,1190,vorst
brussels,Apartment,https://immovlan.be/en/detail/apartment/for-sale/1180/ukkel/vbe31761,vbe31761,apartment,for-sale,1180,ukkel
brussels,Apartment,https://immovlan.be/en/detail/apartment/for-sale/1000/brussels/vbe31760,vbe31760,apartment,for-sale,1000,brussels
brussels,Apartment,https://immovlan.be/en/detail/studio/for-sale/1000/brussels/vbe31759,vbe31759,studio,for-sale,1000,brussels
brussels,Apartment,https://immovlan.be/en/detail/apartment/for-sale/1050/elsene/vbe31755,vbe31755,apartment,for-sale,1050,elsene
brussels,Apartment,https://immovlan.be/en/detail/apartment/for-sale/1050/elsene/vbe31746,vbe31746,apartment,for-sale,1050,elsene
brussels,Apartment,https://immovlan.be/en/detail/apartment/for-sale/1190/vorst/vbe31745,vbe31745,apartment,for-sale,1190,vorst
brussels,Apartment,https://immovlan.be/en/detail/apartment/for-sale/1190/vorst/vbe31744,vbe31744,apartment,for-sale,1190,vorst
brussels,Apartment,https://immovlan.be/en/detail/apartment/for-sale/1000/brussels/vbe31738,vbe31738,apartment,for-sale,1000,brussels
brussels,Apartment,https://immovlan.be/en/detail/apartment/for-sale/1210/sint-joost-ten-node/vbe31737,vbe31737,apartment,for-sale,1210,sint-joost-ten-node
brussels,Apartment,https://immovlan.be/en/detail/loft/for-sale/1030/schaarbeek/vbe31736,vbe31736,loft,for-sale,1030,schaarbeek
brussels,Apartment,https://immovlan.be/en/detail/studio/for-sale/1180/ukkel/vbe31735,vbe31735,studio,for-sale,1180,ukkel
brussels,Apartment,https://immovlan.be/en/detail/studio/for-sale/1180/ukkel/vbe31733,vbe31733,studio,for-sale,1180,ukkel
brussels,Apartment,https://immovlan.be/en/detail/apartment/for-sale/1040/etterbeek/vbe31731,vbe31731,apartment,for-sale,1040,etterbeek
brussels,Apartment,https://immovlan.be/en/detail/apartment/for-sale/1180/ukkel/vbe31699,vbe31699,apartment,for-sale,1180,ukkel
brussels,House,https://immovlan.be/en/detail/residence/for-sale/1050/elsene/vbe31696,vbe31696,residence,for-sale,1050,elsene
brussels,Apartment,https://immovlan.be/en/detail/apartment/for-sale/1030/schaarbeek/rbw12763,rbw12763,apartment,for-sale,1030,schaarbeek
brussels,Apartment,https://immovlan.be/en/detail/apartment/for-sale/1000/brussels/vbe31654,vbe31654,apartment,for-sale,1000,brussels
brussels,House,https://immovlan.be/en/detail/residence/for-sale/1050/elsene/vbe31648,vbe31648,residence,for-sale,1050,elsene
brussels,House,https://immovlan.be/en/detail/residence/for-sale/1070/anderlecht/vbe31645,vbe31645,residence,for-sale,1070,anderlecht
brussels,Apartment,https://immovlan.be/en/detail/apartment/for-sale/1030/schaarbeek/rbw12698,rbw12698,apartment,for-sale,1030,schaarbeek
brussels,House,https://immovlan.be/en/detail/residence/for-sale/1030/schaarbeek/rbw12697,rbw12697,residence,for-sale,1030,schaarbeek
brussels,House,https://immovlan.be/en/detail/villa/for-sale/1180/ukkel/vbe31636,vbe31636,villa,for-sale,1180,ukkel
brussels,Apartment,https://immovlan.be/en/detail/apartment/for-sale/1200/sint-lambrechts-woluwe/vbe31633,vbe31633,apartment,for-sale,1200,sint-lambrechts-woluwe
brussels,Apartment,https://immovlan.be/en/detail/duplex/for-sale/1000/brussels/vbe31616,vbe31616,duplex,for-sale,1000,brussels
brussels,House,https://immovlan.be/en/detail/residence/for-sale/1050/elsene/vbe31609,vbe31609,residence,for-sale,1050,elsene
brussels,Apartment,https://immovlan.be/en/detail/apartment/for-sale/1080/sint-jans-molenbeek/vbe31600,vbe31600,apartment,for-sale,1080,sint-jans-molenbeek
brussels,House,https://immovlan.be/en/detail/residence/for-sale/1180/ukkel/vbe31586,vbe31586,residence,for-sale,1180,ukkel
brussels,Apartment,https://immovlan.be/en/detail/apartment/for-sale/1000/brussels/rbw12650,rbw12650,apartment,for-sale,1000,brussels
brussels,Apartment,https://immovlan.be/en/detail/apartment/for-sale/1050/elsene/rbw12649,rbw12649,apartment,for-sale,1050,elsene
brussels,Apartment,https://immovlan.be/en/detail/apartment/in-public-sale/1000/brussels/vbe31578,vbe31578,apartment,in-public-sale,1000,brussels
brussels,Apartment,https://immovlan.be/en/detail/duplex/for-sale/1000/brussels/vbe31569,vbe31569,duplex,for-sale,1000,brussels
brussels,Apartment,https://immovlan.be/en/detail/apartment/for-sale/1000/brussels/vbe31568,vbe31568,apartment,for-sale,1000,brussels
brussels,Apartment,https://immovlan.be/en/detail/apartment/for-sale/1090/jette/vbe31567,vbe31567,apartment,for-sale,1090,jette
brussels,Apartment,https://immovlan.be/en/detail/apartment/for-sale/1020/laken/vbe31557,vbe31557,apartment,for-sale,1020,laken
brussels,Apartment,https://immovlan.be/en/detail/apartment/for-sale/1082/berchem-sainte-agathe/vbe31555,vbe31555,apartment,for-sale,1082,berchem-sainte-agathe
brussels,Apartment,https://immovlan.be/en/detail/apartment/for-sale/1080/sint-jans-molenbeek/vbe31554,vbe31554,apartment,for-sale,1080,sint-jans-molenbeek
brussels,Apartment,https://immovlan.be/en/detail/apartment/for-sale/1070/anderlecht/vbe31548,vbe31548,apartment,for-sale,1070,anderlecht
brussels,Apartment,https://immovlan.be/en/detail/penthouse/for-sale/1050/elsene/vbe31524,vbe31524,penthouse,for-sale,1050,elsene
brussels,Apartment,https://immovlan.be/en/detail/apartment/for-sale/1050/elsene/vbe31523,vbe31523,apartment,for-sale,1050,elsene
brussels,Apartment,https://immovlan.be/en/detail/apartment/for-sale/1200/sint-lambrechts-woluwe/rbw12573,rbw12573,apartment,for-sale,1200,sint-lambrechts-woluwe
brussels,Apartment,https://immovlan.be/en/detail/apartment/for-sale/1070/anderlecht/vbe31507,vbe31507,apartment,for-sale,1070,anderlecht
brussels,Apartment,https://immovlan.be/en/detail/apartment/for-sale/1070/anderlecht/vbe31506,vbe31506,apartment,for-sale,1070,anderlecht
brussels,Apartment,https://immovlan.be/en/detail/apartment/for-sale/1070/anderlecht/rbw12550,rbw12550,apartment,for-sale,1070,anderlecht
brussels,Apartment,https://immovlan.be/en/detail/duplex/for-sale/1160/oudergem/vbe31495,vbe31495,duplex,for-sale,1160,oudergem
brussels,House,https://immovlan.be/en/detail/residence/for-sale/1160/oudergem/vbe31494,vbe31494,residence,for-sale,1160,oudergem
brussels,House,https://immovlan.be/en/detail/mixed-building/in-public-sale/1082/berchem-sainte-agathe/vbe31490,vbe31490,mixed-building,in-public-sale,1082,berchem-sainte-agathe
brussels,House,https://immovlan.be/en/detail/residence/for-sale/1140/evere/vbe31487,vbe31487,residence,for-sale,1140,evere
brussels,Apartment,https://immovlan.be/en/detail/apartment/for-sale/1200/sint-lambrechts-woluwe/rbw12496,rbw12496,apartment,for-sale,1200,sint-lambrechts-woluwe
brussels,Apartment,https://immovlan.be/en/detail/apartment/for-sale/1180/ukkel/vbe31450,vbe31450,apartment,for-sale,1180,ukkel
brussels,Apartment,https://immovlan.be/en/detail/duplex/for-sale/1090/jette/vbe31449,vbe31449,duplex,for-sale,1090,jette
brussels,Apartment,https://immovlan.be/en/detail/apartment/for-sale/1030/schaarbeek/vbe31428,vbe31428,apartment,for-sale,1030,schaarbeek
brussels,Apartment,https://immovlan.be/en/detail/apartment/for-sale/1030/schaarbeek/vbe31427,vbe31427,apartment,for-sale,1030,schaarbeek
brussels,Apartment,https://immovlan.be/en/detail/apartment/for-sale/1030/schaarbeek/vbe31426,vbe31426,apartment,for-sale,1030,schaarbeek
brussels,Apartment,https://immovlan.be/en/detail/apartment/for-sale/1030/schaarbeek/vbe31425,vbe31425,apartment,for-sale,1030,schaarbeek
brussels,Apartment,https://immovlan.be/en/detail/apartment/for-sale/1030/schaarbeek/vbe31424,vbe31424,apartment,for-sale,1030,schaarbeek
brussels,Apartment,https://immovlan.be/en/detail/apartment/for-sale/1030/schaarbeek/vbe31416,vbe31416,apartment,for-sale,1030,schaarbeek
brussels,Apartment,https://immovlan.be/en/detail/apartment/for-sale/1060/sint-gillis/rbw12486,rbw12486,apartment,for-sale,1060,sint-gillis
brussels,Apartment,https://immovlan.be/en/detail/apartment/for-sale/1060/sint-gillis/rbw12485,rbw12485,apartment,for-sale,1060,sint-gillis
brussels,Apartment,https://immovlan.be/en/detail/apartment/for-sale/1060/sint-gillis/rbw12484,rbw12484,apartment,for-sale,1060,sint-gillis
brussels,Apartment,https://immovlan.be/en/detail/apartment/for-sale/1060/sint-gillis/rbw12483,rbw12483,apartment,for-sale,1060,sint-gillis
brussels,House,https://immovlan.be/en/detail/residence/for-sale/1000/brussels/rbw12461,rbw12461,residence,for-sale,1000,brussels
brussels,House,https://immovlan.be/en/detail/master-house/for-sale/1050/elsene/vbe31403,vbe31403,master-house,for-sale,1050,elsene
brussels,Apartment,https://immovlan.be/en/detail/apartment/for-sale/1180/ukkel/vbe31382,vbe31382,apartment,for-sale,1180,ukkel
brussels,Apartment,https://immovlan.be/en/detail/penthouse/for-sale/1070/anderlecht/rbw12430,rbw12430,penthouse,for-sale,1070,anderlecht
brussels,Apartment,https://immovlan.be/en/detail/apartment/for-sale/1000/brussels/rbw12394,rbw12394,apartment,for-sale,1000,brussels
brussels,Apartment,https://immovlan.be/en/detail/duplex/for-sale/1050/elsene/vbe31343,vbe31343,duplex,for-sale,1050,elsene
brussels,Apartment,https://immovlan.be/en/detail/apartment/for-sale/1000/brussels/vbe31340,vbe31340,apartment,for-sale,1000,brussels
brussels,Apartment,https://immovlan.be/en/detail/apartment/for-sale/1180/ukkel/vbe31339,vbe31339,apartment,for-sale,1180,ukkel
brussels,Apartment,https://immovlan.be/en/detail/apartment/for-sale/1160/oudergem/vbe31332,vbe31332,apartment,for-sale,1160,oudergem
brussels,Apartment,https://immovlan.be/en/detail/apartment/for-sale/1170/watermaal-bosvoorde/vbe31331,vbe31331,apartment,for-sale,1170,watermaal-bosvoorde
brussels,Apartment,https://immovlan.be/en/detail/apartment/in-public-sale/1080/sint-jans-molenbeek/vbe31329,vbe31329,apartment,in-public-sale,1080,sint-jans-molenbeek
brussels,House,https://immovlan.be/en/detail/residence/for-sale/1170/watermaal-bosvoorde/vbe31327,vbe31327,residence,for-sale,1170,watermaal-bosvoorde
brussels,Apartment,https://immovlan.be/en/detail/duplex/for-sale/1050/elsene/vbe31321,vbe31321,duplex,for-sale,1050,elsene
brussels,Apartment,https://immovlan.be/en/detail/duplex/for-sale/1050/elsene/vbe31320,vbe31320,duplex,for-sale,1050,elsene
brussels,Apartment,https://immovlan.be/en/detail/studio/for-sale/1050/elsene/vbe31319,vbe31319,studio,for-sale,1050,elsene
brussels,Apartment,https://immovlan.be/en/detail/apartment/for-sale/1050/elsene/vbe31318,vbe31318,apartment,for-sale,1050,elsene
brussels,Apartment,https://immovlan.be/en/detail/apartment/for-sale/1050/elsene/vbe31316,vbe31316,apartment,for-sale,1050,elsene
brussels,House,https://immovlan.be/en/detail/residence/for-sale/1040/etterbeek/vbe31313,vbe31313,residence,for-sale,1040,etterbeek
brussels,Apartment,https://immovlan.be/en/detail/apartment/for-sale/1200/sint-lambrechts-woluwe/vbe31312,vbe31312,apartment,for-sale,1200,sint-lambrechts-woluwe
brussels,Apartment,https://immovlan.be/en/detail/studio/for-sale/1160/oudergem/vbe31309,vbe31309,studio,for-sale,1160,oudergem
brussels,Apartment,https://immovlan.be/en/detail/penthouse/for-sale/1000/brussels/rbw12341,rbw12341,penthouse,for-sale,1000,brussels
brussels,Apartment,https://immovlan.be/en/detail/apartment/for-sale/1060/sint-gillis/vbe31284,vbe31284,apartment,for-sale,1060,sint-gillis
brussels,Apartment,https://immovlan.be/en/detail/apartment/for-sale/1050/elsene/vbe31279,vbe31279,apartment,for-sale,1050,elsene
brussels,Apartment,https://immovlan.be/en/detail/apartment/for-sale/1050/elsene/vbe31278,vbe31278,apartment,for-sale,1050,elsene
brussels,Apartment,https://immovlan.be/en/detail/apartment/for-sale/1050/elsene/vbe31277,vbe31277,apartment,for-sale,1050,elsene
brussels,Apartment,https://immovlan.be/en/detail/apartment/for-sale/1050/elsene/vbe31276,vbe31276,apartment,for-sale,1050,elsene
brussels,Apartment,https://immovlan.be/en/detail/apartment/for-sale/1050/elsene/vbe31275,vbe31275,apartment,for-sale,1050,elsene
brussels,Apartment,https://immovlan.be/en/detail/apartment/for-sale/1050/elsene/vbe31274,vbe31274,apartment,for-sale,1050,elsene
brussels,House,https://immovlan.be/en/detail/residence/for-sale/1190/vorst/vbe31266,vbe31266,residence,for-sale,1190,vorst
brussels,Apartment,https://immovlan.be/en/detail/ground-floor/for-sale/1050/elsene/vbe31264,vbe31264,ground-floor,for-sale,1050,elsene
brussels,Apartment,https://immovlan.be/en/detail/duplex/for-sale/1050/elsene/vbe31263,vbe31263,duplex,for-sale,1050,elsene
brussels,House,https://immovlan.be/en/detail/villa/for-sale/1190/vorst/vbe31258,vbe31258,villa,for-sale,1190,vorst
brussels,Apartment,https://immovlan.be/en/detail/apartment/for-sale/1050/elsene/vbe31252,vbe31252,apartment,for-sale,1050,elsene
brussels,Apartment,https://immovlan.be/en/detail/apartment/for-sale/1040/etterbeek/vbe31249,vbe31249,apartment,for-sale,1040,etterbeek
brussels,Apartment,https://immovlan.be/en/detail/studio/for-sale/1000/brussels/vbe31241,vbe31241,studio,for-sale,1000,brussels
brussels,House,https://immovlan.be/en/detail/residence/for-sale/1150/sint-pieters-woluwe/vbe31238,vbe31238,residence,for-sale,1150,sint-pieters-woluwe
brussels,Apartment,https://immovlan.be/en/detail/apartment/for-sale/1150/sint-pieters-woluwe/vbe31235,vbe31235,apartment,for-sale,1150,sint-pieters-woluwe
brussels,Apartment,https://immovlan.be/en/detail/studio/for-sale/1140/evere/vbe31233,vbe31233,studio,for-sale,1140,evere
brussels,House,https://immovlan.be/en/detail/residence/for-sale/1180/ukkel/vbe31231,vbe31231,residence,for-sale,1180,ukkel
brussels,Apartment,https://immovlan.be/en/detail/apartment/for-sale/1000/brussels/vbe31229,vbe31229,apartment,for-sale,1000,brussels
brussels,Apartment,https://immovlan.be/en/detail/apartment/for-sale/1000/brussels/vbe31228,vbe31228,apartment,for-sale,1000,brussels
brussels,Apartment,https://immovlan.be/en/detail/apartment/for-sale/1030/schaarbeek/vbe31222,vbe31222,apartment,for-sale,1030,schaarbeek
brussels,Apartment,https://immovlan.be/en/detail/triplex/for-sale/1030/schaarbeek/vbe31221,vbe31221,triplex,for-sale,1030,schaarbeek
brussels,Apartment,https://immovlan.be/en/detail/apartment/for-sale/1030/schaarbeek/vbe31220,vbe31220,apartment,for-sale,1030,schaarbeek
brussels,Apartment,https://immovlan.be/en/detail/ground-floor/for-sale/1210/sint-joost-ten-node/vbe31212,vbe31212,ground-floor,for-sale,1210,sint-joost-ten-node
brussels,Apartment,https://immovlan.be/en/detail/apartment/for-sale/1050/elsene/vbe31197,vbe31197,apartment,for-sale,1050,elsene
brussels,House,https://immovlan.be/en/detail/residence/for-sale/1200/sint-lambrechts-woluwe/vbe31184,vbe31184,residence,for-sale,1200,sint-lambrechts-woluwe
brussels,House,https://immovlan.be/en/detail/residence/for-sale/1060/sint-gillis/rbw12250,rbw12250,residence,for-sale,1060,sint-gillis
brussels,Apartment,https://immovlan.be/en/detail/triplex/for-sale/1030/schaarbeek/vbe31128,vbe31128,triplex,for-sale,1030,schaarbeek
brussels,Apartment,https://immovlan.be/en/detail/ground-floor/for-sale/1030/schaarbeek/vbe31127,vbe31127,ground-floor,for-sale,1030,schaarbeek
brussels,Apartment,https://immovlan.be/en/detail/apartment/for-sale/1050/elsene/vbe31114,vbe31114,apartment,for-sale,1050,elsene
brussels,House,https://immovlan.be/en/detail/villa/for-sale/1180/ukkel/vbe31113,vbe31113,villa,for-sale,1180,ukkel
brussels,Apartment,https://immovlan.be/en/detail/apartment/for-sale/1050/elsene/vbe31084,vbe31084,apartment,for-sale,1050,elsene
brussels,Apartment,https://immovlan.be/en/detail/apartment/for-sale/1190/vorst/rbw11784,rbw11784,apartment,for-sale,1190,vorst
brussels,Apartment,https://immovlan.be/en/detail/apartment/for-sale/1000/brussels/vbe31075,vbe31075,apartment,for-sale,1000,brussels
brussels,Apartment,https://immovlan.be/en/detail/apartment/for-sale/1020/laken/vbe31069,vbe31069,apartment,for-sale,1020,laken
brussels,House,https://immovlan.be/en/detail/residence/for-sale/1030/schaarbeek/vbe31061,vbe31061,residence,for-sale,1030,schaarbeek
brussels,House,https://immovlan.be/en/detail/mixed-building/for-sale/1030/schaarbeek/vbe31060,vbe31060,mixed-building,for-sale,1030,schaarbeek
brussels,Apartment,https://immovlan.be/en/detail/duplex/for-sale/1082/berchem-sainte-agathe/vwd17710,vwd17710,duplex,for-sale,1082,berchem-sainte-agathe
brussels,Apartment,https://immovlan.be/en/detail/apartment/for-sale/1090/jette/vbe31036,vbe31036,apartment,for-sale,1090,jette
brussels,Apartment,https://immovlan.be/en/detail/apartment/for-sale/1082/berchem-sainte-agathe/vbe31021,vbe31021,apartment,for-sale,1082,berchem-sainte-agathe
brussels,Apartment,https://immovlan.be/en/detail/apartment/for-sale/1140/evere/vbe31020,vbe31020,apartment,for-sale,1140,evere
brussels,Apartment,https://immovlan.be/en/detail/apartment/for-sale/1200/sint-lambrechts-woluwe/vbe31014,vbe31014,apartment,for-sale,1200,sint-lambrechts-woluwe
brussels,Apartment,https://immovlan.be/en/detail/penthouse/for-sale/1030/schaarbeek/vbe31012,vbe31012,penthouse,for-sale,1030,schaarbeek
brussels,Apartment,https://immovlan.be/en/detail/apartment/for-sale/1180/ukkel/rbw11765,rbw11765,apartment,for-sale,1180,ukkel
brussels,Apartment,https://immovlan.be/en/detail/apartment/for-sale/1200/sint-lambrechts-woluwe/vbe31008,vbe31008,apartment,for-sale,1200,sint-lambrechts-woluwe
brussels,House,https://immovlan.be/en/detail/mixed-building/in-public-sale/1060/sint-gillis/vbe31007,vbe31007,mixed-building,in-public-sale,1060,sint-gillis
brussels,Apartment,https://immovlan.be/en/detail/apartment/for-sale/1020/laken/vbe31006,vbe31006,apartment,for-sale,1020,laken
brussels,Apartment,https://immovlan.be/en/detail/apartment/for-sale/1020/laken/vbe31005,vbe31005,apartment,for-sale,1020,laken
brussels,Apartment,https://immovlan.be/en/detail/apartment/for-sale/1020/laken/vbe31004,vbe31004,apartment,for-sale,1020,laken
brussels,Apartment,https://immovlan.be/en/detail/apartment/for-sale/1030/schaarbeek/vbe30992,vbe30992,apartment,for-sale,1030,schaarbeek
brussels,Apartment,https://immovlan.be/en/detail/apartment/for-sale/1090/jette/vbe30991,vbe30991,apartment,for-sale,1090,jette
brussels,House,https://immovlan.be/en/detail/residence/for-sale/1000/brussels/vwd17709,vwd17709,residence,for-sale,1000,brussels
brussels,Apartment,https://immovlan.be/en/detail/apartment/for-sale/1180/ukkel/vbe30945,vbe30945,apartment,for-sale,1180,ukkel
brussels,Apartment,https://immovlan.be/en/detail/apartment/for-sale/1080/sint-jans-molenbeek/vbe30943,vbe30943,apartment,for-sale,1080,sint-jans-molenbeek
brussels,Apartment,https://immovlan.be/en/detail/apartment/for-sale/1190/vorst/vbe30922,vbe30922,apartment,for-sale,1190,vorst
brussels,Apartment,https://immovlan.be/en/detail/duplex/for-sale/1020/laken/vbe30905,vbe30905,duplex,for-sale,1020,laken
brussels,Apartment,https://immovlan.be/en/detail/duplex/for-sale/1020/laken/vbe30904,vbe30904,duplex,for-sale,1020,laken
brussels,Apartment,https://immovlan.be/en/detail/studio/for-sale/1090/jette/vbe30886,vbe30886,studio,for-sale,1090,jette
brussels,Apartment,https://immovlan.be/en/detail/apartment/for-sale/1000/brussels/vbe30876,vbe30876,apartment,for-sale,1000,brussels
brussels,Apartment,https://immovlan.be/en/detail/studio/for-sale/1140/evere/vbe30865,vbe30865,studio,for-sale,1140,evere
brussels,Apartment,https://immovlan.be/en/detail/apartment/for-sale/1040/etterbeek/vbe30864,vbe30864,apartment,for-sale,1040,etterbeek
brussels,Apartment,https://immovlan.be/en/detail/apartment/for-sale/1150/sint-pieters-woluwe/vbe30863,vbe30863,apartment,for-sale,1150,sint-pieters-woluwe
brussels,House,https://immovlan.be/en/detail/residence/for-sale/1200/sint-lambrechts-woluwe/vbe30846,vbe30846,residence,for-sale,1200,sint-lambrechts-woluwe
brussels,House,https://immovlan.be/en/detail/residence/for-sale/1050/elsene/vbe30843,vbe30843,residence,for-sale,1050,elsene
brussels,Apartment,https://immovlan.be/en/detail/apartment/for-sale/1050/elsene/vbe30836,vbe30836,apartment,for-sale,1050,elsene
brussels,Apartment,https://immovlan.be/en/detail/apartment/for-sale/1000/brussels/vbe30816,vbe30816,apartment,for-sale,1000,brussels
brussels,Apartment,https://immovlan.be/en/detail/apartment/for-sale/1000/brussels/vbe30798,vbe30798,apartment,for-sale,1000,brussels
brussels,House,https://immovlan.be/en/detail/residence/for-sale/1150/sint-pieters-woluwe/vwd17705,vwd17705,residence,for-sale,1150,sint-pieters-woluwe
brussels,House,https://immovlan.be/en/detail/residence/for-sale/1170/watermaal-bosvoorde/vbe30794,vbe30794,residence,for-sale,1170,watermaal-bosvoorde
brussels,House,https://immovlan.be/en/detail/residence/for-sale/1170/watermaal-bosvoorde/vbe30793,vbe30793,residence,for-sale,1170,watermaal-bosvoorde
brussels,House,https://immovlan.be/en/detail/residence/for-sale/1082/berchem-sainte-agathe/rbw11550,rbw11550,residence,for-sale,1082,berchem-sainte-agathe
brussels,Apartment,https://immovlan.be/en/detail/apartment/for-sale/1050/elsene/vbe30773,vbe30773,apartment,for-sale,1050,elsene
brussels,House,https://immovlan.be/en/detail/residence/for-sale/1180/ukkel/vbe30760,vbe30760,residence,for-sale,1180,ukkel
brussels,House,https://immovlan.be/en/detail/residence/for-sale/1070/anderlecht/vbe30759,vbe30759,residence,for-sale,1070,anderlecht
brussels,Apartment,https://immovlan.be/en/detail/apartment/for-sale/1180/ukkel/vbe30746,vbe30746,apartment,for-sale,1180,ukkel
brussels,House,https://immovlan.be/en/detail/residence/for-sale/1080/sint-jans-molenbeek/vbe30663,vbe30663,residence,for-sale,1080,sint-jans-molenbeek
brussels,House,https://immovlan.be/en/detail/residence/for-sale/1030/schaarbeek/rbw11484,rbw11484,residence,for-sale,1030,schaarbeek
brussels,House,https://immovlan.be/en/detail/residence/for-sale/1000/brussels/rbw11482,rbw11482,residence,for-sale,1000,brussels
brussels,Apartment,https://immovlan.be/en/detail/apartment/for-sale/1150/sint-pieters-woluwe/vbe30625,vbe30625,apartment,for-sale,1150,sint-pieters-woluwe
brussels,Apartment,https://immovlan.be/en/detail/apartment/for-sale/1180/ukkel/vbe30621,vbe30621,apartment,for-sale,1180,ukkel
brussels,Apartment,https://immovlan.be/en/detail/apartment/for-sale/1083/ganshoren/rbw11012,rbw11012,apartment,for-sale,1083,ganshoren
brussels,Apartment,https://immovlan.be/en/detail/apartment/for-sale/1180/ukkel/vbe30592,vbe30592,apartment,for-sale,1180,ukkel
brussels,House,https://immovlan.be/en/detail/residence/for-sale/1180/ukkel/vbe30591,vbe30591,residence,for-sale,1180,ukkel
brussels,Apartment,https://immovlan.be/en/detail/apartment/for-sale/1190/vorst/vbe30560,vbe30560,apartment,for-sale,1190,vorst
brussels,Apartment,https://immovlan.be/en/detail/apartment/for-sale/1190/vorst/vbe30551,vbe30551,apartment,for-sale,1190,vorst
brussels,House,https://immovlan.be/en/detail/residence/for-sale/1180/ukkel/vbe30548,vbe30548,residence,for-sale,1180,ukkel
brussels,House,https://immovlan.be/en/detail/mixed-building/for-sale/1080/sint-jans-molenbeek/vbe30547,vbe30547,mixed-building,for-sale,1080,sint-jans-molenbeek
brussels,Apartment,https://immovlan.be/en/detail/studio/for-sale/1050/elsene/vbe30545,vbe30545,studio,for-sale,1050,elsene
brussels,Apartment,https://immovlan.be/en/detail/duplex/for-sale/1190/vorst/vbe30543,vbe30543,duplex,for-sale,1190,vorst
brussels,Apartment,https://immovlan.be/en/detail/apartment/for-sale/1050/elsene/vbe30542,vbe30542,apartment,for-sale,1050,elsene
brussels,Apartment,https://immovlan.be/en/detail/apartment/for-sale/1040/etterbeek/rbw10945,rbw10945,apartment,for-sale,1040,etterbeek
brussels,Apartment,https://immovlan.be/en/detail/apartment/for-sale/1030/schaarbeek/rbw10944,rbw10944,apartment,for-sale,1030,schaarbeek
brussels,Apartment,https://immovlan.be/en/detail/apartment/for-sale/1030/schaarbeek/rbw10943,rbw10943,apartment,for-sale,1030,schaarbeek
brussels,Apartment,https://immovlan.be/en/detail/apartment/for-sale/1040/etterbeek/rbw10942,rbw10942,apartment,for-sale,1040,etterbeek
brussels,Apartment,https://immovlan.be/en/detail/apartment/for-sale/1050/elsene/rbw10941,rbw10941,apartment,for-sale,1050,elsene
brussels,Apartment,https://immovlan.be/en/detail/apartment/for-sale/1050/elsene/rbw10940,rbw10940,apartment,for-sale,1050,elsene
brussels,Apartment,https://immovlan.be/en/detail/apartment/for-sale/1190/vorst/vbe30537,vbe30537,apartment,for-sale,1190,vorst
brussels,Apartment,https://immovlan.be/en/detail/apartment/for-sale/1030/schaarbeek/vbe30496,vbe30496,apartment,for-sale,1030,schaarbeek
brussels,Apartment,https://immovlan.be/en/detail/apartment/for-sale/1070/anderlecht/vbe30493,vbe30493,apartment,for-sale,1070,anderlecht
brussels,Apartment,https://immovlan.be/en/detail/apartment/for-sale/1210/sint-joost-ten-node/vbe30483,vbe30483,apartment,for-sale,1210,sint-joost-ten-node
brussels,Apartment,https://immovlan.be/en/detail/triplex/for-sale/1050/elsene/vbe30453,vbe30453,triplex,for-sale,1050,elsene
brussels,Apartment,https://immovlan.be/en/detail/apartment/for-sale/1080/sint-jans-molenbeek/vbe30447,vbe30447,apartment,for-sale,1080,sint-jans-molenbeek
brussels,Apartment,https://immovlan.be/en/detail/ground-floor/for-sale/1200/sint-lambrechts-woluwe/rbw10903,rbw10903,ground-floor,for-sale,1200,sint-lambrechts-woluwe
brussels,House,https://immovlan.be/en/detail/residence/for-sale/1180/ukkel/rbw10902,rbw10902,residence,for-sale,1180,ukkel
brussels,Apartment,https://immovlan.be/en/detail/apartment/for-sale/1140/evere/vbe30443,vbe30443,apartment,for-sale,1140,evere
brussels,Apartment,https://immovlan.be/en/detail/apartment/for-sale/1000/brussels/vbe30442,vbe30442,apartment,for-sale,1000,brussels
brussels,Apartment,https://immovlan.be/en/detail/ground-floor/for-sale/1180/ukkel/vbe30441,vbe30441,ground-floor,for-sale,1180,ukkel
brussels,Apartment,https://immovlan.be/en/detail/apartment/for-sale/1150/sint-pieters-woluwe/vbe30439,vbe30439,apartment,for-sale,1150,sint-pieters-woluwe
brussels,Apartment,https://immovlan.be/en/detail/apartment/for-sale/1000/brussels/vbe30433,vbe30433,apartment,for-sale,1000,brussels
brussels,Apartment,https://immovlan.be/en/detail/apartment/for-sale/1200/sint-lambrechts-woluwe/vbe30412,vbe30412,apartment,for-sale,1200,sint-lambrechts-woluwe
brussels,Apartment,https://immovlan.be/en/detail/apartment/for-sale/1000/brussels/vbe30398,vbe30398,apartment,for-sale,1000,brussels
brussels,Apartment,https://immovlan.be/en/detail/apartment/for-sale/1200/sint-lambrechts-woluwe/vbe30381,vbe30381,apartment,for-sale,1200,sint-lambrechts-woluwe
brussels,Apartment,https://immovlan.be/en/detail/duplex/for-sale/1070/anderlecht/vbe30350,vbe30350,duplex,for-sale,1070,anderlecht
brussels,House,https://immovlan.be/en/detail/residence/for-sale/1180/ukkel/vbe30314,vbe30314,residence,for-sale,1180,ukkel
brussels,Apartment,https://immovlan.be/en/detail/apartment/for-sale/1020/laken/vbe30312,vbe30312,apartment,for-sale,1020,laken
brussels,House,https://immovlan.be/en/detail/master-house/for-sale/1050/elsene/vbe30302,vbe30302,master-house,for-sale,1050,elsene
brussels,House,https://immovlan.be/en/detail/residence/for-sale/1070/anderlecht/vbe30288,vbe30288,residence,for-sale,1070,anderlecht
brussels,Apartment,https://immovlan.be/en/detail/duplex/for-sale/1040/etterbeek/vbe30284,vbe30284,duplex,for-sale,1040,etterbeek
brussels,Apartment,https://immovlan.be/en/detail/penthouse/for-sale/1040/etterbeek/vbe30283,vbe30283,penthouse,for-sale,1040,etterbeek
brussels,Apartment,https://immovlan.be/en/detail/penthouse/for-sale/1040/etterbeek/vbe30282,vbe30282,penthouse,for-sale,1040,etterbeek
brussels,Apartment,https://immovlan.be/en/detail/apartment/for-sale/1040/etterbeek/vbe30281,vbe30281,apartment,for-sale,1040,etterbeek
brussels,Apartment,https://immovlan.be/en/detail/duplex/for-sale/1040/etterbeek/vbe30280,vbe30280,duplex,for-sale,1040,etterbeek
brussels,Apartment,https://immovlan.be/en/detail/apartment/for-sale/1040/etterbeek/vbe30279,vbe30279,apartment,for-sale,1040,etterbeek
brussels,Apartment,https://immovlan.be/en/detail/studio/for-sale/1040/etterbeek/vbe30278,vbe30278,studio,for-sale,1040,etterbeek
brussels,Apartment,https://immovlan.be/en/detail/apartment/for-sale/1200/sint-lambrechts-woluwe/vbe30242,vbe30242,apartment,for-sale,1200,sint-lambrechts-woluwe
brussels,Apartment,https://immovlan.be/en/detail/apartment/for-sale/1180/ukkel/rbw10693,rbw10693,apartment,for-sale,1180,ukkel
brussels,Apartment,https://immovlan.be/en/detail/penthouse/for-sale/1040/etterbeek/vbe30232,vbe30232,penthouse,for-sale,1040,etterbeek
brussels,Apartment,https://immovlan.be/en/detail/apartment/for-sale/1060/sint-gillis/rbw10685,rbw10685,apartment,for-sale,1060,sint-gillis
brussels,Apartment,https://immovlan.be/en/detail/apartment/for-sale/1000/brussels/rbw10684,rbw10684,apartment,for-sale,1000,brussels
brussels,Apartment,https://immovlan.be/en/detail/apartment/for-sale/1050/elsene/rbw10683,rbw10683,apartment,for-sale,1050,elsene
brussels,Apartment,https://immovlan.be/en/detail/penthouse/for-sale/1000/brussels/rbw10682,rbw10682,penthouse,for-sale,1000,brussels
brussels,Apartment,https://immovlan.be/en/detail/penthouse/for-sale/1000/brussels/rbw10681,rbw10681,penthouse,for-sale,1000,brussels
brussels,Apartment,https://immovlan.be/en/detail/penthouse/for-sale/1050/elsene/rbw10680,rbw10680,penthouse,for-sale,1050,elsene
brussels,Apartment,https://immovlan.be/en/detail/apartment/for-sale/1050/elsene/rbw10678,rbw10678,apartment,for-sale,1050,elsene
brussels,Apartment,https://immovlan.be/en/detail/apartment/for-sale/1000/brussels/rbw10677,rbw10677,apartment,for-sale,1000,brussels
brussels,House,https://immovlan.be/en/detail/villa/for-sale/1180/ukkel/rbw10676,rbw10676,villa,for-sale,1180,ukkel
brussels,Apartment,https://immovlan.be/en/detail/apartment/for-sale/1060/sint-gillis/vbe30221,vbe30221,apartment,for-sale,1060,sint-gillis
brussels,Apartment,https://immovlan.be/en/detail/studio/for-sale/1050/elsene/vbe30219,vbe30219,studio,for-sale,1050,elsene
brussels,Apartment,https://immovlan.be/en/detail/apartment/for-sale/1080/sint-jans-molenbeek/vbe30212,vbe30212,apartment,for-sale,1080,sint-jans-molenbeek
brussels,House,https://immovlan.be/en/detail/mixed-building/for-sale/1030/schaarbeek/vbe30209,vbe30209,mixed-building,for-sale,1030,schaarbeek
brussels,Apartment,https://immovlan.be/en/detail/studio/for-sale/1080/sint-jans-molenbeek/vbe30208,vbe30208,studio,for-sale,1080,sint-jans-molenbeek
brussels,Apartment,https://immovlan.be/en/detail/penthouse/for-sale/1180/ukkel/vbe30199,vbe30199,penthouse,for-sale,1180,ukkel
brussels,Apartment,https://immovlan.be/en/detail/apartment/for-sale/1180/ukkel/vbe30185,vbe30185,apartment,for-sale,1180,ukkel
brussels,Apartment,https://immovlan.be/en/detail/duplex/for-sale/1050/elsene/vbe30184,vbe30184,duplex,for-sale,1050,elsene
brussels,Apartment,https://immovlan.be/en/detail/ground-floor/for-sale/1160/oudergem/vwd17685,vwd17685,ground-floor,for-sale,1160,oudergem
brussels,House,https://immovlan.be/en/detail/residence/for-sale/1160/oudergem/vbd85060,vbd85060,residence,for-sale,1160,oudergem
brussels,Apartment,https://immovlan.be/en/detail/apartment/for-sale/1000/brussels/vbe26007,vbe26007,apartment,for-sale,1000,brussels
brussels,Apartment,https://immovlan.be/en/detail/triplex/for-sale/1000/brussels/vbe26005,vbe26005,triplex,for-sale,1000,brussels
brussels,Apartment,https://immovlan.be/en/detail/apartment/for-sale/1070/anderlecht/vbe30160,vbe30160,apartment,for-sale,1070,anderlecht
brussels,Apartment,https://immovlan.be/en/detail/apartment/for-sale/1080/sint-jans-molenbeek/vbe30151,vbe30151,apartment,for-sale,1080,sint-jans-molenbeek
brussels,Apartment,https://immovlan.be/en/detail/apartment/for-sale/1050/elsene/vbe30131,vbe30131,apartment,for-sale,1050,elsene
brussels,Apartment,https://immovlan.be/en/detail/apartment/for-sale/1200/sint-lambrechts-woluwe/vbe30107,vbe30107,apartment,for-sale,1200,sint-lambrechts-woluwe
brussels,House,https://immovlan.be/en/detail/residence/for-sale/1070/anderlecht/vbe16205,vbe16205,residence,for-sale,1070,anderlecht
brussels,House,https://immovlan.be/en/detail/residence/for-sale/1140/evere/vbd40841,vbd40841,residence,for-sale,1140,evere
brussels,Apartment,https://immovlan.be/en/detail/apartment/for-sale/1030/schaarbeek/vbe27352,vbe27352,apartment,for-sale,1030,schaarbeek
brussels,Apartment,https://immovlan.be/en/detail/apartment/for-sale/1030/schaarbeek/vbe27351,vbe27351,apartment,for-sale,1030,schaarbeek
brussels,Apartment,https://immovlan.be/en/detail/apartment/for-sale/1180/ukkel/vbe27594,vbe27594,apartment,for-sale,1180,ukkel
brussels,Apartment,https://immovlan.be/en/detail/apartment/for-sale/1050/elsene/vbe21321,vbe21321,apartment,for-sale,1050,elsene
brussels,Apartment,https://immovlan.be/en/detail/studio/for-sale/1140/evere/rbw10602,rbw10602,studio,for-sale,1140,evere
brussels,Apartment,https://immovlan.be/en/detail/penthouse/for-sale/1150/sint-pieters-woluwe/vbd84748,vbd84748,penthouse,for-sale,1150,sint-pieters-woluwe
brussels,Apartment,https://immovlan.be/en/detail/apartment/for-sale/1030/schaarbeek/vbe28931,vbe28931,apartment,for-sale,1030,schaarbeek
brussels,Apartment,https://immovlan.be/en/detail/penthouse/for-sale/1040/etterbeek/vbc57345,vbc57345,penthouse,for-sale,1040,etterbeek
brussels,Apartment,https://immovlan.be/en/detail/apartment/for-sale/1080/sint-jans-molenbeek/vbe29921,vbe29921,apartment,for-sale,1080,sint-jans-molenbeek
brussels,Apartment,https://immovlan.be/en/detail/apartment/for-sale/1050/elsene/vbe29920,vbe29920,apartment,for-sale,1050,elsene
brussels,Apartment,https://immovlan.be/en/detail/penthouse/for-sale/1180/ukkel/vbe29911,vbe29911,penthouse,for-sale,1180,ukkel
brussels,Apartment,https://immovlan.be/en/detail/apartment/for-sale/1160/oudergem/vbe23637,vbe23637,apartment,for-sale,1160,oudergem
brussels,Apartment,https://immovlan.be/en/detail/apartment/for-sale/1030/schaarbeek/vbe29901,vbe29901,apartment,for-sale,1030,schaarbeek
brussels,Apartment,https://immovlan.be/en/detail/apartment/for-sale/1080/sint-jans-molenbeek/vbe29897,vbe29897,apartment,for-sale,1080,sint-jans-molenbeek
brussels,Apartment,https://immovlan.be/en/detail/apartment/for-sale/1083/ganshoren/vbe29896,vbe29896,apartment,for-sale,1083,ganshoren
brussels,Apartment,https://immovlan.be/en/detail/apartment/for-sale/1070/anderlecht/vbe29884,vbe29884,apartment,for-sale,1070,anderlecht
brussels,Apartment,https://immovlan.be/en/detail/studio/for-sale/1030/schaarbeek/vbe29883,vbe29883,studio,for-sale,1030,schaarbeek
brussels,Apartment,https://immovlan.be/en/detail/apartment/for-sale/1081/koekelberg/vbe29847,vbe29847,apartment,for-sale,1081,koekelberg
brussels,House,https://immovlan.be/en/detail/residence/for-sale/1070/anderlecht/vbe29817,vbe29817,residence,for-sale,1070,anderlecht
brussels,Apartment,https://immovlan.be/en/detail/apartment/for-sale/1190/vorst/vbe29798,vbe29798,apartment,for-sale,1190,vorst
brussels,Apartment,https://immovlan.be/en/detail/apartment/for-sale/1170/watermaal-bosvoorde/vbe26363,vbe26363,apartment,for-sale,1170,watermaal-bosvoorde
brussels,Apartment,https://immovlan.be/en/detail/apartment/for-sale/1060/sint-gillis/rbv72387,rbv72387,apartment,for-sale,1060,sint-gillis
brussels,House,https://immovlan.be/en/detail/residence/for-sale/1000/brussels/vbd86669,vbd86669,residence,for-sale,1000,brussels
brussels,Apartment,https://immovlan.be/en/detail/apartment/for-sale/1020/laken/vbe29780,vbe29780,apartment,for-sale,1020,laken
brussels,Apartment,https://immovlan.be/en/detail/apartment/for-sale/1090/jette/vbe29779,vbe29779,apartment,for-sale,1090,jette
brussels,Apartment,https://immovlan.be/en/detail/apartment/for-sale/1160/oudergem/vbe21651,vbe21651,apartment,for-sale,1160,oudergem
brussels,Apartment,https://immovlan.be/en/detail/apartment/for-sale/1082/berchem-sainte-agathe/vbe29769,vbe29769,apartment,for-sale,1082,berchem-sainte-agathe
brussels,Apartment,https://immovlan.be/en/detail/apartment/for-sale/1090/jette/rbw09937,rbw09937,apartment,for-sale,1090,jette
brussels,Apartment,https://immovlan.be/en/detail/apartment/for-sale/1180/ukkel/vbe29758,vbe29758,apartment,for-sale,1180,ukkel
brussels,Apartment,https://immovlan.be/en/detail/apartment/for-sale/1050/elsene/rbw09936,rbw09936,apartment,for-sale,1050,elsene
brussels,Apartment,https://immovlan.be/en/detail/ground-floor/for-sale/1190/vorst/vbe29753,vbe29753,ground-floor,for-sale,1190,vorst
brussels,Apartment,https://immovlan.be/en/detail/apartment/for-sale/1050/elsene/vbe29644,vbe29644,apartment,for-sale,1050,elsene
brussels,Apartment,https://immovlan.be/en/detail/apartment/for-sale/1060/sint-gillis/vbe29643,vbe29643,apartment,for-sale,1060,sint-gillis
brussels,Apartment,https://immovlan.be/en/detail/apartment/for-sale/1050/elsene/vbe29642,vbe29642,apartment,for-sale,1050,elsene
brussels,House,https://immovlan.be/en/detail/residence/for-sale/1040/etterbeek/vbe29640,vbe29640,residence,for-sale,1040,etterbeek
brussels,House,https://immovlan.be/en/detail/residence/for-sale/1081/koekelberg/vbe29637,vbe29637,residence,for-sale,1081,koekelberg
brussels,Apartment,https://immovlan.be/en/detail/ground-floor/for-sale/1190/vorst/vbe29628,vbe29628,ground-floor,for-sale,1190,vorst
brussels,Apartment,https://immovlan.be/en/detail/apartment/for-sale/1000/brussels/vbe29619,vbe29619,apartment,for-sale,1000,brussels
brussels,Apartment,https://immovlan.be/en/detail/apartment/for-sale/1080/sint-jans-molenbeek/rbw09894,rbw09894,apartment,for-sale,1080,sint-jans-molenbeek
brussels,Apartment,https://immovlan.be/en/detail/apartment/for-sale/1080/sint-jans-molenbeek/vbe29539,vbe29539,apartment,for-sale,1080,sint-jans-molenbeek
brussels,House,https://immovlan.be/en/detail/residence/for-sale/1050/elsene/vbe29521,vbe29521,residence,for-sale,1050,elsene
brussels,Apartment,https://immovlan.be/en/detail/apartment/for-sale/1050/elsene/vbe29491,vbe29491,apartment,for-sale,1050,elsene
brussels,Apartment,https://immovlan.be/en/detail/apartment/for-sale/1070/anderlecht/rbw09771,rbw09771,apartment,for-sale,1070,anderlecht
brussels,Apartment,https://immovlan.be/en/detail/ground-floor/for-sale/1050/elsene/vbe29465,vbe29465,ground-floor,for-sale,1050,elsene
brussels,House,https://immovlan.be/en/detail/master-house/for-sale/1090/jette/vbe29463,vbe29463,master-house,for-sale,1090,jette
brussels,Apartment,https://immovlan.be/en/detail/apartment/for-sale/1000/brussels/vbe29461,vbe29461,apartment,for-sale,1000,brussels
brussels,House,https://immovlan.be/en/detail/residence/in-public-sale/1020/laken/vbe29460,vbe29460,residence,in-public-sale,1020,laken
brussels,Apartment,https://immovlan.be/en/detail/duplex/for-sale/1050/elsene/vbe29456,vbe29456,duplex,for-sale,1050,elsene
brussels,Apartment,https://immovlan.be/en/detail/apartment/for-sale/1150/sint-pieters-woluwe/vbe29440,vbe29440,apartment,for-sale,1150,sint-pieters-woluwe
brussels,Apartment,https://immovlan.be/en/detail/penthouse/for-sale/1180/ukkel/rbw09752,rbw09752,penthouse,for-sale,1180,ukkel
brussels,Apartment,https://immovlan.be/en/detail/apartment/for-sale/1040/etterbeek/vbe29385,vbe29385,apartment,for-sale,1040,etterbeek
brussels,Apartment,https://immovlan.be/en/detail/apartment/for-sale/1020/laken/vbe29378,vbe29378,apartment,for-sale,1020,laken
brussels,House,https://immovlan.be/en/detail/residence/for-sale/1070/anderlecht/vbe29339,vbe29339,residence,for-sale,1070,anderlecht
brussels,Apartment,https://immovlan.be/en/detail/penthouse/for-sale/1140/evere/vwd16747,vwd16747,penthouse,for-sale,1140,evere
brussels,Apartment,https://immovlan.be/en/detail/apartment/for-sale/1000/brussels/rbw09729,rbw09729,apartment,for-sale,1000,brussels
brussels,Apartment,https://immovlan.be/en/detail/apartment/in-public-sale/1090/jette/vbe29317,vbe29317,apartment,in-public-sale,1090,jette
brussels,House,https://immovlan.be/en/detail/residence/for-sale/1200/sint-lambrechts-woluwe/vbe29306,vbe29306,residence,for-sale,1200,sint-lambrechts-woluwe
brussels,Apartment,https://immovlan.be/en/detail/penthouse/for-sale/1000/brussels/vbe29305,vbe29305,penthouse,for-sale,1000,brussels
brussels,Apartment,https://immovlan.be/en/detail/apartment/for-sale/1200/sint-lambrechts-woluwe/vbe29304,vbe29304,apartment,for-sale,1200,sint-lambrechts-woluwe
brussels,Apartment,https://immovlan.be/en/detail/apartment/for-sale/1200/sint-lambrechts-woluwe/vbe29303,vbe29303,apartment,for-sale,1200,sint-lambrechts-woluwe
brussels,House,https://immovlan.be/en/detail/residence/for-sale/1030/schaarbeek/rbw09725,rbw09725,residence,for-sale,1030,schaarbeek
brussels,Apartment,https://immovlan.be/en/detail/apartment/for-sale/1050/elsene/rbw09724,rbw09724,apartment,for-sale,1050,elsene
brussels,Apartment,https://immovlan.be/en/detail/apartment/for-sale/1000/brussels/rbw09723,rbw09723,apartment,for-sale,1000,brussels
brussels,Apartment,https://immovlan.be/en/detail/duplex/for-sale/1030/schaarbeek/vbe16030,vbe16030,duplex,for-sale,1030,schaarbeek
brussels,Apartment,https://immovlan.be/en/detail/apartment/for-sale/1030/schaarbeek/vbe16029,vbe16029,apartment,for-sale,1030,schaarbeek
brussels,Apartment,https://immovlan.be/en/detail/apartment/for-sale/1030/schaarbeek/vbe16028,vbe16028,apartment,for-sale,1030,schaarbeek
brussels,Apartment,https://immovlan.be/en/detail/apartment/for-sale/1030/schaarbeek/vbe16026,vbe16026,apartment,for-sale,1030,schaarbeek
brussels,Apartment,https://immovlan.be/en/detail/apartment/for-sale/1160/oudergem/vbe10968,vbe10968,apartment,for-sale,1160,oudergem
brussels,Apartment,https://immovlan.be/en/detail/apartment/for-sale/1150/sint-pieters-woluwe/vbe08427,vbe08427,apartment,for-sale,1150,sint-pieters-woluwe
brussels,Apartment,https://immovlan.be/en/detail/apartment/for-sale/1000/brussels/rbv88146,rbv88146,apartment,for-sale,1000,brussels
brussels,House,https://immovlan.be/en/detail/residence/for-sale/1200/sint-lambrechts-woluwe/vbe29268,vbe29268,residence,for-sale,1200,sint-lambrechts-woluwe
brussels,Apartment,https://immovlan.be/en/detail/apartment/for-sale/1030/schaarbeek/vbe29267,vbe29267,apartment,for-sale,1030,schaarbeek
brussels,House,https://immovlan.be/en/detail/residence/for-sale/1030/schaarbeek/vbe29266,vbe29266,residence,for-sale,1030,schaarbeek
brussels,House,https://immovlan.be/en/detail/residence/in-public-sale/1200/sint-lambrechts-woluwe/vbe29263,vbe29263,residence,in-public-sale,1200,sint-lambrechts-woluwe
brussels,Apartment,https://immovlan.be/en/detail/loft/for-sale/1080/sint-jans-molenbeek/vbe29257,vbe29257,loft,for-sale,1080,sint-jans-molenbeek
brussels,Apartment,https://immovlan.be/en/detail/ground-floor/for-sale/1150/sint-pieters-woluwe/vbe29247,vbe29247,ground-floor,for-sale,1150,sint-pieters-woluwe
brussels,Apartment,https://immovlan.be/en/detail/apartment/for-sale/1082/berchem-sainte-agathe/rbw09700,rbw09700,apartment,for-sale,1082,berchem-sainte-agathe
brussels,Apartment,https://immovlan.be/en/detail/apartment/for-sale/1082/berchem-sainte-agathe/rbw09699,rbw09699,apartment,for-sale,1082,berchem-sainte-agathe
brussels,Apartment,https://immovlan.be/en/detail/apartment/for-sale/1070/anderlecht/rbv54445,rbv54445,apartment,for-sale,1070,anderlecht
brussels,House,https://immovlan.be/en/detail/mixed-building/for-sale/1070/anderlecht/rbu08294,rbu08294,mixed-building,for-sale,1070,anderlecht
brussels,Apartment,https://immovlan.be/en/detail/apartment/for-sale/1200/sint-lambrechts-woluwe/vbe08835,vbe08835,apartment,for-sale,1200,sint-lambrechts-woluwe
brussels,Apartment,https://immovlan.be/en/detail/apartment/for-sale/1082/berchem-sainte-agathe/vbe24959,vbe24959,apartment,for-sale,1082,berchem-sainte-agathe
brussels,House,https://immovlan.be/en/detail/villa/for-sale/1180/ukkel/rbw09648,rbw09648,villa,for-sale,1180,ukkel
brussels,Apartment,https://immovlan.be/en/detail/apartment/for-sale/1180/ukkel/vbe29133,vbe29133,apartment,for-sale,1180,ukkel
brussels,House,https://immovlan.be/en/detail/residence/for-sale/1180/ukkel/vbe29127,vbe29127,residence,for-sale,1180,ukkel
brussels,House,https://immovlan.be/en/detail/residence/for-sale/1082/berchem-sainte-agathe/rbw09261,rbw09261,residence,for-sale,1082,berchem-sainte-agathe
brussels,Apartment,https://immovlan.be/en/detail/duplex/for-sale/1050/elsene/vbe29102,vbe29102,duplex,for-sale,1050,elsene
brussels,Apartment,https://immovlan.be/en/detail/apartment/for-sale/1060/sint-gillis/vbe29100,vbe29100,apartment,for-sale,1060,sint-gillis
brussels,Apartment,https://immovlan.be/en/detail/apartment/for-sale/1000/brussels/rbw09183,rbw09183,apartment,for-sale,1000,brussels
brussels,House,https://immovlan.be/en/detail/residence/for-sale/1150/sint-pieters-woluwe/vbe29069,vbe29069,residence,for-sale,1150,sint-pieters-woluwe
brussels,House,https://immovlan.be/en/detail/master-house/for-sale/1050/elsene/vbe29068,vbe29068,master-house,for-sale,1050,elsene
brussels,House,https://immovlan.be/en/detail/villa/for-sale/1180/ukkel/vbe29067,vbe29067,villa,for-sale,1180,ukkel
brussels,Apartment,https://immovlan.be/en/detail/apartment/for-sale/1060/sint-gillis/vbe29065,vbe29065,apartment,for-sale,1060,sint-gillis
brussels,House,https://immovlan.be/en/detail/residence/for-sale/1090/jette/vbe29064,vbe29064,residence,for-sale,1090,jette
brussels,Apartment,https://immovlan.be/en/detail/apartment/for-sale/1070/anderlecht/vbe29036,vbe29036,apartment,for-sale,1070,anderlecht
brussels,Apartment,https://immovlan.be/en/detail/apartment/for-sale/1120/neder-over-heembeek/vbe29035,vbe29035,apartment,for-sale,1120,neder-over-heembeek
brussels,Apartment,https://immovlan.be/en/detail/apartment/for-sale/1120/neder-over-heembeek/vbe29034,vbe29034,apartment,for-sale,1120,neder-over-heembeek
brussels,Apartment,https://immovlan.be/en/detail/apartment/for-sale/1020/laken/vbe29033,vbe29033,apartment,for-sale,1020,laken
brussels,House,https://immovlan.be/en/detail/residence/for-sale/1140/evere/vbe29022,vbe29022,residence,for-sale,1140,evere
brussels,House,https://immovlan.be/en/detail/residence/for-sale/1200/sint-lambrechts-woluwe/vbe29021,vbe29021,residence,for-sale,1200,sint-lambrechts-woluwe
brussels,House,https://immovlan.be/en/detail/residence/for-sale/1150/sint-pieters-woluwe/vbe29017,vbe29017,residence,for-sale,1150,sint-pieters-woluwe
brussels,Apartment,https://immovlan.be/en/detail/duplex/for-sale/1070/anderlecht/vbe29015,vbe29015,duplex,for-sale,1070,anderlecht
brussels,Apartment,https://immovlan.be/en/detail/apartment/for-sale/1180/ukkel/vbe29010,vbe29010,apartment,for-sale,1180,ukkel
brussels,Apartment,https://immovlan.be/en/detail/penthouse/for-sale/1050/elsene/rbw09102,rbw09102,penthouse,for-sale,1050,elsene
brussels,Apartment,https://immovlan.be/en/detail/penthouse/for-sale/1140/evere/rbw09101,rbw09101,penthouse,for-sale,1140,evere
brussels,House,https://immovlan.be/en/detail/residence/for-sale/1040/etterbeek/rbw09100,rbw09100,residence,for-sale,1040,etterbeek
brussels,House,https://immovlan.be/en/detail/residence/for-sale/1150/sint-pieters-woluwe/rbw09096,rbw09096,residence,for-sale,1150,sint-pieters-woluwe
brussels,Apartment,https://immovlan.be/en/detail/apartment/for-sale/1083/ganshoren/vbe28996,vbe28996,apartment,for-sale,1083,ganshoren
brussels,House,https://immovlan.be/en/detail/residence/for-sale/1080/sint-jans-molenbeek/vbe28995,vbe28995,residence,for-sale,1080,sint-jans-molenbeek
brussels,Apartment,https://immovlan.be/en/detail/apartment/for-sale/1020/laken/vbe28985,vbe28985,apartment,for-sale,1020,laken
brussels,Apartment,https://immovlan.be/en/detail/apartment/for-sale/1090/jette/vbe28983,vbe28983,apartment,for-sale,1090,jette
brussels,Apartment,https://immovlan.be/en/detail/duplex/for-sale/1000/brussels/vbe28964,vbe28964,duplex,for-sale,1000,brussels
brussels,House,https://immovlan.be/en/detail/residence/for-sale/1120/neder-over-heembeek/vbe28950,vbe28950,residence,for-sale,1120,neder-over-heembeek
brussels,House,https://immovlan.be/en/detail/villa/for-sale/1180/ukkel/vbe28939,vbe28939,villa,for-sale,1180,ukkel
brussels,Apartment,https://immovlan.be/en/detail/apartment/for-sale/1140/evere/vbe28918,vbe28918,apartment,for-sale,1140,evere
brussels,Apartment,https://immovlan.be/en/detail/apartment/for-sale/1140/evere/vbe28917,vbe28917,apartment,for-sale,1140,evere
brussels,Apartment,https://immovlan.be/en/detail/apartment/for-sale/1030/schaarbeek/vbe30997,vbe30997,apartment,for-sale,1030,schaarbeek
brussels,Apartment,https://immovlan.be/en/detail/studio/for-sale/1040/etterbeek/vbe30762,vbe30762,studio,for-sale,1040,etterbeek
brussels,Apartment,https://immovlan.be/en/detail/apartment/for-sale/1030/schaarbeek/vbe30497,vbe30497,apartment,for-sale,1030,schaarbeek
brussels,Apartment,https://immovlan.be/en/detail/apartment/for-sale/1030/schaarbeek/vbe29175,vbe29175,apartment,for-sale,1030,schaarbeek
brussels,House,https://immovlan.be/en/detail/residence/for-sale/1030/schaarbeek/rbv74955,rbv74955,residence,for-sale,1030,schaarbeek
brussels,House,https://immovlan.be/en/detail/residence/for-sale/1210/sint-joost-ten-node/vbe28679,vbe28679,residence,for-sale,1210,sint-joost-ten-node
brussels,Apartment,https://immovlan.be/en/detail/triplex/for-sale/1000/brussels/vbe28568,vbe28568,triplex,for-sale,1000,brussels
brussels,Apartment,https://immovlan.be/en/detail/duplex/for-sale/1050/elsene/vbe28489,vbe28489,duplex,for-sale,1050,elsene
brussels,House,https://immovlan.be/en/detail/residence/for-sale/1140/evere/vbe28488,vbe28488,residence,for-sale,1140,evere
brussels,Apartment,https://immovlan.be/en/detail/apartment/for-sale/1210/sint-joost-ten-node/vbe28487,vbe28487,apartment,for-sale,1210,sint-joost-ten-node
brussels,Apartment,https://immovlan.be/en/detail/apartment/for-sale/1210/sint-joost-ten-node/vbe28485,vbe28485,apartment,for-sale,1210,sint-joost-ten-node
brussels,House,https://immovlan.be/en/detail/residence/for-sale/1030/schaarbeek/vbe28429,vbe28429,residence,for-sale,1030,schaarbeek
brussels,House,https://immovlan.be/en/detail/residence/for-sale/1210/sint-joost-ten-node/vbe28112,vbe28112,residence,for-sale,1210,sint-joost-ten-node
brussels,Apartment,https://immovlan.be/en/detail/apartment/for-sale/1140/evere/vbe27826,vbe27826,apartment,for-sale,1140,evere
brussels,Apartment,https://immovlan.be/en/detail/apartment/for-sale/1180/ukkel/vbe27643,vbe27643,apartment,for-sale,1180,ukkel
brussels,Apartment,https://immovlan.be/en/detail/apartment/for-sale/1083/ganshoren/vbe27641,vbe27641,apartment,for-sale,1083,ganshoren
brussels,Apartment,https://immovlan.be/en/detail/apartment/for-sale/1030/schaarbeek/vbe27533,vbe27533,apartment,for-sale,1030,schaarbeek
brussels,House,https://immovlan.be/en/detail/mixed-building/for-sale/1030/schaarbeek/vbe27506,vbe27506,mixed-building,for-sale,1030,schaarbeek
brussels,Apartment,https://immovlan.be/en/detail/apartment/for-sale/1083/ganshoren/rbw03270,rbw03270,apartment,for-sale,1083,ganshoren
brussels,Apartment,https://immovlan.be/en/detail/studio/for-sale/1210/sint-joost-ten-node/rbw02836,rbw02836,studio,for-sale,1210,sint-joost-ten-node
brussels,Apartment,https://immovlan.be/en/detail/apartment/for-sale/1030/schaarbeek/vbe27011,vbe27011,apartment,for-sale,1030,schaarbeek
brussels,Apartment,https://immovlan.be/en/detail/apartment/for-sale/1050/elsene/vbe26888,vbe26888,apartment,for-sale,1050,elsene
brussels,Apartment,https://immovlan.be/en/detail/apartment/for-sale/1200/sint-lambrechts-woluwe/vbe26797,vbe26797,apartment,for-sale,1200,sint-lambrechts-woluwe
brussels,Apartment,https://immovlan.be/en/detail/apartment/for-sale/1030/schaarbeek/rbw01563,rbw01563,apartment,for-sale,1030,schaarbeek
brussels,Apartment,https://immovlan.be/en/detail/apartment/for-sale/1030/schaarbeek/vbe26527,vbe26527,apartment,for-sale,1030,schaarbeek
brussels,Apartment,https://immovlan.be/en/detail/apartment/for-sale/1040/etterbeek/vbe26278,vbe26278,apartment,for-sale,1040,etterbeek
brussels,Apartment,https://immovlan.be/en/detail/ground-floor/for-sale/1200/sint-lambrechts-woluwe/vbe26261,vbe26261,ground-floor,for-sale,1200,sint-lambrechts-woluwe
brussels,Apartment,https://immovlan.be/en/detail/ground-floor/for-sale/1030/schaarbeek/vbe26123,vbe26123,ground-floor,for-sale,1030,schaarbeek
brussels,Apartment,https://immovlan.be/en/detail/apartment/for-sale/1160/oudergem/vbe25635,vbe25635,apartment,for-sale,1160,oudergem
brussels,Apartment,https://immovlan.be/en/detail/duplex/for-sale/1000/brussels/vbe25569,vbe25569,duplex,for-sale,1000,brussels
brussels,Apartment,https://immovlan.be/en/detail/apartment/for-sale/1160/oudergem/vbe25317,vbe25317,apartment,for-sale,1160,oudergem
brussels,Apartment,https://immovlan.be/en/detail/duplex/for-sale/1210/sint-joost-ten-node/vbe25266,vbe25266,duplex,for-sale,1210,sint-joost-ten-node
brussels,Apartment,https://immovlan.be/en/detail/apartment/for-sale/1140/evere/vbe25140,vbe25140,apartment,for-sale,1140,evere
brussels,Apartment,https://immovlan.be/en/detail/apartment/for-sale/1000/brussels/vbe25019,vbe25019,apartment,for-sale,1000,brussels
brussels,Apartment,https://immovlan.be/en/detail/apartment/for-sale/1000/brussels/vbe25018,vbe25018,apartment,for-sale,1000,brussels
brussels,Apartment,https://immovlan.be/en/detail/apartment/for-sale/1000/brussels/vbe25017,vbe25017,apartment,for-sale,1000,brussels
brussels,House,https://immovlan.be/en/detail/residence/for-sale/1040/etterbeek/vbe24279,vbe24279,residence,for-sale,1040,etterbeek
brussels,House,https://immovlan.be/en/detail/residence/for-sale/1050/elsene/vbe24206,vbe24206,residence,for-sale,1050,elsene
brussels,Apartment,https://immovlan.be/en/detail/apartment/for-sale/1210/sint-joost-ten-node/vbe24181,vbe24181,apartment,for-sale,1210,sint-joost-ten-node
brussels,Apartment,https://immovlan.be/en/detail/ground-floor/for-sale/1210/sint-joost-ten-node/vbe24180,vbe24180,ground-floor,for-sale,1210,sint-joost-ten-node
brussels,House,https://immovlan.be/en/detail/residence/for-sale/1082/berchem-sainte-agathe/vbe24036,vbe24036,residence,for-sale,1082,berchem-sainte-agathe
brussels,House,https://immovlan.be/en/detail/residence/for-sale/1160/oudergem/vbe23979,vbe23979,residence,for-sale,1160,oudergem
brussels,Apartment,https://immovlan.be/en/detail/apartment/for-sale/1030/schaarbeek/vbe23740,vbe23740,apartment,for-sale,1030,schaarbeek
brussels,Apartment,https://immovlan.be/en/detail/studio/for-sale/1210/sint-joost-ten-node/vbe23572,vbe23572,studio,for-sale,1210,sint-joost-ten-node
brussels,House,https://immovlan.be/en/detail/residence/for-sale/1083/ganshoren/vbe23343,vbe23343,residence,for-sale,1083,ganshoren
brussels,Apartment,https://immovlan.be/en/detail/apartment/for-sale/1070/anderlecht/vbe23296,vbe23296,apartment,for-sale,1070,anderlecht
brussels,Apartment,https://immovlan.be/en/detail/duplex/for-sale/1000/brussels/vbe23018,vbe23018,duplex,for-sale,1000,brussels
brussels,Apartment,https://immovlan.be/en/detail/ground-floor/for-sale/1030/schaarbeek/vbe22720,vbe22720,ground-floor,for-sale,1030,schaarbeek
brussels,House,https://immovlan.be/en/detail/mixed-building/for-sale/1070/anderlecht/vbe22646,vbe22646,mixed-building,for-sale,1070,anderlecht
brussels,Apartment,https://immovlan.be/en/detail/apartment/for-sale/1070/anderlecht/rbv89277,rbv89277,apartment,for-sale,1070,anderlecht
brussels,Apartment,https://immovlan.be/en/detail/apartment/for-sale/1070/anderlecht/rbv89275,rbv89275,apartment,for-sale,1070,anderlecht
brussels,House,https://immovlan.be/en/detail/residence/for-sale/1050/elsene/rbv88638,rbv88638,residence,for-sale,1050,elsene
brussels,House,https://immovlan.be/en/detail/master-house/for-sale/1200/sint-lambrechts-woluwe/vbe20961,vbe20961,master-house,for-sale,1200,sint-lambrechts-woluwe
brussels,Apartment,https://immovlan.be/en/detail/apartment/for-sale/1150/sint-pieters-woluwe/vbe18917,vbe18917,apartment,for-sale,1150,sint-pieters-woluwe
brussels,Apartment,https://immovlan.be/en/detail/apartment/for-sale/1170/watermaal-bosvoorde/vbe20629,vbe20629,apartment,for-sale,1170,watermaal-bosvoorde
brussels,House,https://immovlan.be/en/detail/residence/for-sale/1082/berchem-sainte-agathe/vbe20559,vbe20559,residence,for-sale,1082,berchem-sainte-agathe
brussels,House,https://immovlan.be/en/detail/master-house/for-sale/1180/ukkel/vbe18990,vbe18990,master-house,for-sale,1180,ukkel
brussels,Apartment,https://immovlan.be/en/detail/apartment/for-sale/1030/schaarbeek/vbe18821,vbe18821,apartment,for-sale,1030,schaarbeek
brussels,Apartment,https://immovlan.be/en/detail/apartment/for-sale/1083/ganshoren/vbe18686,vbe18686,apartment,for-sale,1083,ganshoren
brussels,House,https://immovlan.be/en/detail/residence/for-sale/1180/ukkel/rbv82933,rbv82933,residence,for-sale,1180,ukkel
brussels,Apartment,https://immovlan.be/en/detail/apartment/for-sale/1140/evere/vbe18051,vbe18051,apartment,for-sale,1140,evere
brussels,House,https://immovlan.be/en/detail/residence/for-sale/1000/brussels/rbv61747,rbv61747,residence,for-sale,1000,brussels
vlaams-brabant,House,https://immovlan.be/en/detail/villa/for-sale/1640/sint-genesius-rode/vbe34924,vbe34924,villa,for-sale,1640,sint-genesius-rode
vlaams-brabant,Apartment,https://immovlan.be/en/detail/ground-floor/for-sale/1600/sint-pieters-leeuw/rbw19202,rbw19202,ground-floor,for-sale,1600,sint-pieters-leeuw
vlaams-brabant,House,https://immovlan.be/en/detail/residence/for-sale/3120/tremelo/rbw18950,rbw18950,residence,for-sale,3120,tremelo
vlaams-brabant,Apartment,https://immovlan.be/en/detail/apartment/for-sale/3040/huldenberg/rbw18343,rbw18343,apartment,for-sale,3040,huldenberg
vlaams-brabant,House,https://immovlan.be/en/detail/residence/for-sale/1930/nossegem/rbw18025,rbw18025,residence,for-sale,1930,nossegem
vlaams-brabant,House,https://immovlan.be/en/detail/residence/for-sale/1702/groot-bijgaarden/rbw18012,rbw18012,residence,for-sale,1702,groot-bijgaarden
vlaams-brabant,House,https://immovlan.be/en/detail/residence/for-sale/1560/hoeilaart/rbw17925,rbw17925,residence,for-sale,1560,hoeilaart
vlaams-brabant,House,https://immovlan.be/en/detail/residence/for-sale/1640/sint-genesius-rode/vbe33191,vbe33191,residence,for-sale,1640,sint-genesius-rode
vlaams-brabant,House,https://immovlan.be/en/detail/villa/for-sale/1860/meise/rbw16277,rbw16277,villa,for-sale,1860,meise
vlaams-brabant,House,https://immovlan.be/en/detail/residence/for-sale/1502/lembeek/rbw12365,rbw12365,residence,for-sale,1502,lembeek
vlaams-brabant,House,https://immovlan.be/en/detail/residence/for-sale/3080/tervuren/rbw11592,rbw11592,residence,for-sale,3080,tervuren
vlaams-brabant,House,https://immovlan.be/en/detail/residence/for-sale/3190/boortmeerbeek/rbw09765,rbw09765,residence,for-sale,3190,boortmeerbeek
vlaams-brabant,House,https://immovlan.be/en/detail/residence/for-sale/1547/bever/rbw09731,rbw09731,residence,for-sale,1547,bever
vlaams-brabant,House,https://immovlan.be/en/detail/residence/for-sale/3271/averbode/rbw23882,rbw23882,residence,for-sale,3271,averbode
vlaams-brabant,House,https://immovlan.be/en/detail/villa/for-sale/1820/steenokkerzeel/rbw23868,rbw23868,villa,for-sale,1820,steenokkerzeel
vlaams-brabant,Apartment,https://immovlan.be/en/detail/apartment/for-sale/1500/halle/rbw23859,rbw23859,apartment,for-sale,1500,halle
vlaams-brabant,House,https://immovlan.be/en/detail/residence/for-sale/1640/sint-genesius-rode/vbe35379,vbe35379,residence,for-sale,1640,sint-genesius-rode
vlaams-brabant,Apartment,https://immovlan.be/en/detail/ground-floor/for-sale/1560/hoeilaart/rbw23692,rbw23692,ground-floor,for-sale,1560,hoeilaart
vlaams-brabant,House,https://immovlan.be/en/detail/residence/for-sale/1850/grimbergen/rbw23687,rbw23687,residence,for-sale,1850,grimbergen
vlaams-brabant,Apartment,https://immovlan.be/en/detail/apartment/for-sale/1932/woluwe-saint-etienne/vbe35355,vbe35355,apartment,for-sale,1932,woluwe-saint-etienne
vlaams-brabant,House,https://immovlan.be/en/detail/villa/for-sale/3128/baal/rbw23681,rbw23681,villa,for-sale,3128,baal
vlaams-brabant,House,https://immovlan.be/en/detail/residence/for-sale/1933/sterrebeek/rbw23672,rbw23672,residence,for-sale,1933,sterrebeek
vlaams-brabant,Apartment,https://immovlan.be/en/detail/apartment/for-sale/1760/roosdaal/rbw23668,rbw23668,apartment,for-sale,1760,roosdaal
vlaams-brabant,House,https://immovlan.be/en/detail/residence/for-sale/1850/grimbergen/vbe35259,vbe35259,residence,for-sale,1850,grimbergen
vlaams-brabant,Apartment,https://immovlan.be/en/detail/duplex/for-sale/1760/roosdaal/rbw23651,rbw23651,duplex,for-sale,1760,roosdaal
vlaams-brabant,House,https://immovlan.be/en/detail/residence/for-sale/1820/steenokkerzeel/rbw23645,rbw23645,residence,for-sale,1820,steenokkerzeel
vlaams-brabant,House,https://immovlan.be/en/detail/residence/for-sale/3350/wommersom/rbw23619,rbw23619,residence,for-sale,3350,wommersom
vlaams-brabant,House,https://immovlan.be/en/detail/residence/for-sale/3320/hoegaarden/rbw20473,rbw20473,residence,for-sale,3320,hoegaarden
vlaams-brabant,House,https://immovlan.be/en/detail/residence/for-sale/1933/sterrebeek/vbe35185,vbe35185,residence,for-sale,1933,sterrebeek
vlaams-brabant,House,https://immovlan.be/en/detail/residence/for-sale/1600/sint-pieters-leeuw/rbw20471,rbw20471,residence,for-sale,1600,sint-pieters-leeuw
vlaams-brabant,House,https://immovlan.be/en/detail/residence/for-sale/1500/halle/rwc42796,rwc42796,residence,for-sale,1500,halle
vlaams-brabant,House,https://immovlan.be/en/detail/residence/for-sale/1500/halle/rbw20464,rbw20464,residence,for-sale,1500,halle
vlaams-brabant,House,https://immovlan.be/en/detail/residence/for-sale/1785/merchtem/rbw20462,rbw20462,residence,for-sale,1785,merchtem
vlaams-brabant,House,https://immovlan.be/en/detail/residence/for-sale/1800/vilvoorde/vbe35128,vbe35128,residence,for-sale,1800,vilvoorde
vlaams-brabant,House,https://immovlan.be/en/detail/residence/for-sale/3090/overijse/rbw20443,rbw20443,residence,for-sale,3090,overijse
vlaams-brabant,House,https://immovlan.be/en/detail/residence/for-sale/1850/grimbergen/rbw20381,rbw20381,residence,for-sale,1850,grimbergen
vlaams-brabant,Apartment,https://immovlan.be/en/detail/penthouse/for-sale/3001/heverlee/rbw20380,rbw20380,penthouse,for-sale,3001,heverlee
vlaams-brabant,House,https://immovlan.be/en/detail/residence/for-sale/3440/zoutleeuw/rbw20377,rbw20377,residence,for-sale,3440,zoutleeuw
vlaams-brabant,House,https://immovlan.be/en/detail/villa/for-sale/1630/linkebeek/rbw20368,rbw20368,villa,for-sale,1630,linkebeek
vlaams-brabant,House,https://immovlan.be/en/detail/villa/for-sale/1640/sint-genesius-rode/vwd17833,vwd17833,villa,for-sale,1640,sint-genesius-rode
vlaams-brabant,House,https://immovlan.be/en/detail/residence/for-sale/1910/kampenhout/rbw20350,rbw20350,residence,for-sale,1910,kampenhout
vlaams-brabant,House,https://immovlan.be/en/detail/residence/for-sale/3440/zoutleeuw/rbw20247,rbw20247,residence,for-sale,3440,zoutleeuw
vlaams-brabant,House,https://immovlan.be/en/detail/residence/for-sale/3290/deurne/rbw20239,rbw20239,residence,for-sale,3290,deurne
vlaams-brabant,Apartment,https://immovlan.be/en/detail/apartment/for-sale/3020/herent/rbw20194,rbw20194,apartment,for-sale,3020,herent
vlaams-brabant,Apartment,https://immovlan.be/en/detail/apartment/for-sale/3020/herent/rbw20191,rbw20191,apartment,for-sale,3020,herent
vlaams-brabant,House,https://immovlan.be/en/detail/residence/for-sale/3071/erps-kwerps/rbw20163,rbw20163,residence,for-sale,3071,erps-kwerps
vlaams-brabant,House,https://immovlan.be/en/detail/villa/for-sale/1780/wemmel/rbw20130,rbw20130,villa,for-sale,1780,wemmel
vlaams-brabant,House,https://immovlan.be/en/detail/residence/for-sale/1930/zaventem/rbw19789,rbw19789,residence,for-sale,1930,zaventem
vlaams-brabant,House,https://immovlan.be/en/detail/residence/for-sale/1800/vilvoorde/rbw19788,rbw19788,residence,for-sale,1800,vilvoorde
vlaams-brabant,House,https://immovlan.be/en/detail/residence/for-sale/1800/vilvoorde/rbw19786,rbw19786,residence,for-sale,1800,vilvoorde
vlaams-brabant,House,https://immovlan.be/en/detail/villa/for-sale/3001/heverlee/rbw19780,rbw19780,villa,for-sale,3001,heverlee
vlaams-brabant,House,https://immovlan.be/en/detail/master-house/for-sale/3020/herent/rbw19779,rbw19779,master-house,for-sale,3020,herent
vlaams-brabant,House,https://immovlan.be/en/detail/residence/for-sale/1640/sint-genesius-rode/vbe34935,vbe34935,residence,for-sale,1640,sint-genesius-rode
vlaams-brabant,House,https://immovlan.be/en/detail/residence/for-sale/3140/keerbergen/rbw19765,rbw19765,residence,for-sale,3140,keerbergen
vlaams-brabant,House,https://immovlan.be/en/detail/residence/for-sale/1840/londerzeel/rbw19764,rbw19764,residence,for-sale,1840,londerzeel
vlaams-brabant,Apartment,https://immovlan.be/en/detail/penthouse/for-sale/1780/wemmel/rbw19763,rbw19763,penthouse,for-sale,1780,wemmel
vlaams-brabant,Apartment,https://immovlan.be/en/detail/penthouse/for-sale/3080/tervuren/rbw19752,rbw19752,penthouse,for-sale,3080,tervuren
vlaams-brabant,Apartment,https://immovlan.be/en/detail/penthouse/for-sale/1970/wezembeek-oppem/rbw19751,rbw19751,penthouse,for-sale,1970,wezembeek-oppem
vlaams-brabant,House,https://immovlan.be/en/detail/residence/for-sale/1910/kampenhout/rbw19739,rbw19739,residence,for-sale,1910,kampenhout
vlaams-brabant,House,https://immovlan.be/en/detail/residence/for-sale/3061/leefdaal/rbw19725,rbw19725,residence,for-sale,3061,leefdaal
vlaams-brabant,House,https://immovlan.be/en/detail/residence/for-sale/3060/bertem/rbw19724,rbw19724,residence,for-sale,3060,bertem
vlaams-brabant,Apartment,https://immovlan.be/en/detail/apartment/for-sale/1700/dilbeek/vbe34830,vbe34830,apartment,for-sale,1700,dilbeek
vlaams-brabant,Apartment,https://immovlan.be/en/detail/apartment/for-sale/1700/dilbeek/vbe34829,vbe34829,apartment,for-sale,1700,dilbeek
vlaams-brabant,House,https://immovlan.be/en/detail/residence/for-sale/1980/zemst/rbw19714,rbw19714,residence,for-sale,1980,zemst
vlaams-brabant,Apartment,https://immovlan.be/en/detail/apartment/for-sale/3001/heverlee/rbw19712,rbw19712,apartment,for-sale,3001,heverlee
vlaams-brabant,Apartment,https://immovlan.be/en/detail/apartment/for-sale/3001/heverlee/rbw19711,rbw19711,apartment,for-sale,3001,heverlee
vlaams-brabant,House,https://immovlan.be/en/detail/villa/for-sale/1650/beersel/vbe34774,vbe34774,villa,for-sale,1650,beersel
vlaams-brabant,House,https://immovlan.be/en/detail/residence/for-sale/3271/averbode/rbw19681,rbw19681,residence,for-sale,3271,averbode
vlaams-brabant,House,https://immovlan.be/en/detail/residence/for-sale/3270/scherpenheuvel-zichem/rbw19678,rbw19678,residence,for-sale,3270,scherpenheuvel-zichem
vlaams-brabant,Apartment,https://immovlan.be/en/detail/ground-floor/for-sale/3270/scherpenheuvel/rbw19669,rbw19669,ground-floor,for-sale,3270,scherpenheuvel
vlaams-brabant,House,https://immovlan.be/en/detail/residence/for-sale/1861/wolvertem/rbw19629,rbw19629,residence,for-sale,1861,wolvertem
vlaams-brabant,House,https://immovlan.be/en/detail/residence/for-sale/1540/herne/rbw19625,rbw19625,residence,for-sale,1540,herne
vlaams-brabant,House,https://immovlan.be/en/detail/residence/for-sale/1541/sint-pieters-kapelle/rbw19624,rbw19624,residence,for-sale,1541,sint-pieters-kapelle
vlaams-brabant,House,https://immovlan.be/en/detail/residence/for-sale/1540/herne/rbw19621,rbw19621,residence,for-sale,1540,herne
vlaams-brabant,House,https://immovlan.be/en/detail/residence/for-sale/3128/baal/rbw19607,rbw19607,residence,for-sale,3128,baal
vlaams-brabant,House,https://immovlan.be/en/detail/residence/for-sale/1790/affligem/rbw19600,rbw19600,residence,for-sale,1790,affligem
vlaams-brabant,Apartment,https://immovlan.be/en/detail/apartment/for-sale/1830/machelen/rbw19597,rbw19597,apartment,for-sale,1830,machelen
vlaams-brabant,House,https://immovlan.be/en/detail/residence/for-sale/3200/aarschot/rbw19583,rbw19583,residence,for-sale,3200,aarschot
vlaams-brabant,House,https://immovlan.be/en/detail/residence/for-sale/3120/tremelo/rbw19582,rbw19582,residence,for-sale,3120,tremelo
vlaams-brabant,House,https://immovlan.be/en/detail/residence/for-sale/3120/tremelo/rbw19581,rbw19581,residence,for-sale,3120,tremelo
vlaams-brabant,House,https://immovlan.be/en/detail/villa/for-sale/1950/kraainem/rbw19577,rbw19577,villa,for-sale,1950,kraainem
vlaams-brabant,House,https://immovlan.be/en/detail/cottage/for-sale/1541/sint-pieters-kapelle/rbw19527,rbw19527,cottage,for-sale,1541,sint-pieters-kapelle
vlaams-brabant,House,https://immovlan.be/en/detail/residence/for-sale/3080/tervuren/rbw19526,rbw19526,residence,for-sale,3080,tervuren
vlaams-brabant,House,https://immovlan.be/en/detail/residence/for-sale/1933/sterrebeek/rbw19525,rbw19525,residence,for-sale,1933,sterrebeek
vlaams-brabant,House,https://immovlan.be/en/detail/residence/for-sale/3401/walsbets/rwc42785,rwc42785,residence,for-sale,3401,walsbets
vlaams-brabant,House,https://immovlan.be/en/detail/residence/for-sale/1790/affligem/rbw19502,rbw19502,residence,for-sale,1790,affligem
vlaams-brabant,Apartment,https://immovlan.be/en/detail/apartment/for-sale/1780/wemmel/rbw19494,rbw19494,apartment,for-sale,1780,wemmel
vlaams-brabant,House,https://immovlan.be/en/detail/residence/for-sale/1652/alsemberg/vbe34462,vbe34462,residence,for-sale,1652,alsemberg
vlaams-brabant,House,https://immovlan.be/en/detail/residence/for-sale/1640/sint-genesius-rode/vbe34460,vbe34460,residence,for-sale,1640,sint-genesius-rode
vlaams-brabant,House,https://immovlan.be/en/detail/villa/for-sale/1640/sint-genesius-rode/vbe34430,vbe34430,villa,for-sale,1640,sint-genesius-rode
vlaams-brabant,House,https://immovlan.be/en/detail/residence/for-sale/1850/grimbergen/vbe34429,vbe34429,residence,for-sale,1850,grimbergen
vlaams-brabant,House,https://immovlan.be/en/detail/villa/for-sale/3140/keerbergen/rbw19474,rbw19474,villa,for-sale,3140,keerbergen
vlaams-brabant,House,https://immovlan.be/en/detail/residence/for-sale/1800/vilvoorde/rbw19471,rbw19471,residence,for-sale,1800,vilvoorde
vlaams-brabant,House,https://immovlan.be/en/detail/residence/for-sale/1800/vilvoorde/rbw19470,rbw19470,residence,for-sale,1800,vilvoorde
vlaams-brabant,House,https://immovlan.be/en/detail/residence/for-sale/1800/vilvoorde/rbw19469,rbw19469,residence,for-sale,1800,vilvoorde
vlaams-brabant,House,https://immovlan.be/en/detail/residence/for-sale/1800/vilvoorde/rbw19467,rbw19467,residence,for-sale,1800,vilvoorde
vlaams-brabant,House,https://immovlan.be/en/detail/villa/for-sale/3460/bekkevoort/rbw19340,rbw19340,villa,for-sale,3460,bekkevoort
vlaams-brabant,House,https://immovlan.be/en/detail/cottage/for-sale/3460/bekkevoort/rbw19339,rbw19339,cottage,for-sale,3460,bekkevoort
vlaams-brabant,House,https://immovlan.be/en/detail/residence/for-sale/3130/begijnendijk/rbw19333,rbw19333,residence,for-sale,3130,begijnendijk
vlaams-brabant,House,https://immovlan.be/en/detail/residence/for-sale/3290/diest/rbw19332,rbw19332,residence,for-sale,3290,diest
vlaams-brabant,House,https://immovlan.be/en/detail/residence/for-sale/3210/lubbeek/rbw19329,rbw19329,residence,for-sale,3210,lubbeek
vlaams-brabant,House,https://immovlan.be/en/detail/residence/for-sale/3460/bekkevoort/rbw19326,rbw19326,residence,for-sale,3460,bekkevoort
vlaams-brabant,House,https://immovlan.be/en/detail/residence/for-sale/3200/aarschot/rbw19325,rbw19325,residence,for-sale,3200,aarschot
vlaams-brabant,Apartment,https://immovlan.be/en/detail/apartment/for-sale/1831/diegem/rbw19278,rbw19278,apartment,for-sale,1831,diegem
vlaams-brabant,House,https://immovlan.be/en/detail/residence/for-sale/3120/tremelo/rbw19268,rbw19268,residence,for-sale,3120,tremelo
vlaams-brabant,House,https://immovlan.be/en/detail/villa/for-sale/1760/roosdaal/rbw19241,rbw19241,villa,for-sale,1760,roosdaal
vlaams-brabant,House,https://immovlan.be/en/detail/residence/for-sale/1630/linkebeek/vbe34391,vbe34391,residence,for-sale,1630,linkebeek
vlaams-brabant,House,https://immovlan.be/en/detail/residence/for-sale/1850/grimbergen/rbw19234,rbw19234,residence,for-sale,1850,grimbergen
vlaams-brabant,House,https://immovlan.be/en/detail/residence/for-sale/1730/asse/rbw19222,rbw19222,residence,for-sale,1730,asse
vlaams-brabant,Apartment,https://immovlan.be/en/detail/apartment/for-sale/1601/ruisbroek/rbw19219,rbw19219,apartment,for-sale,1601,ruisbroek
vlaams-brabant,House,https://immovlan.be/en/detail/residence/for-sale/3090/overijse/vbe34315,vbe34315,residence,for-sale,3090,overijse
vlaams-brabant,Apartment,https://immovlan.be/en/detail/apartment/for-sale/1730/asse/rbw19213,rbw19213,apartment,for-sale,1730,asse
vlaams-brabant,House,https://immovlan.be/en/detail/residence/for-sale/3140/keerbergen/rbw19207,rbw19207,residence,for-sale,3140,keerbergen
vlaams-brabant,House,https://immovlan.be/en/detail/residence/for-sale/3071/erps-kwerps/rbw19203,rbw19203,residence,for-sale,3071,erps-kwerps
vlaams-brabant,Apartment,https://immovlan.be/en/detail/apartment/for-sale/3150/haacht/rbw19186,rbw19186,apartment,for-sale,3150,haacht
vlaams-brabant,House,https://immovlan.be/en/detail/residence/for-sale/3440/zoutleeuw/rbw19160,rbw19160,residence,for-sale,3440,zoutleeuw
vlaams-brabant,House,https://immovlan.be/en/detail/residence/for-sale/1731/relegem/rbw19127,rbw19127,residence,for-sale,1731,relegem
vlaams-brabant,House,https://immovlan.be/en/detail/bungalow/for-sale/3120/tremelo/rbw19112,rbw19112,bungalow,for-sale,3120,tremelo
vlaams-brabant,House,https://immovlan.be/en/detail/residence/for-sale/3120/tremelo/rbw19106,rbw19106,residence,for-sale,3120,tremelo
vlaams-brabant,Apartment,https://immovlan.be/en/detail/apartment/for-sale/3010/kessel-lo/rbw19098,rbw19098,apartment,for-sale,3010,kessel-lo
vlaams-brabant,House,https://immovlan.be/en/detail/residence/for-sale/1785/merchtem/rwc42779,rwc42779,residence,for-sale,1785,merchtem
vlaams-brabant,House,https://immovlan.be/en/detail/villa/for-sale/1950/kraainem/vbe34088,vbe34088,villa,for-sale,1950,kraainem
vlaams-brabant,House,https://immovlan.be/en/detail/residence/for-sale/1950/kraainem/rbw19063,rbw19063,residence,for-sale,1950,kraainem
vlaams-brabant,House,https://immovlan.be/en/detail/residence/for-sale/3000/leuven/vbe34003,vbe34003,residence,for-sale,3000,leuven
vlaams-brabant,House,https://immovlan.be/en/detail/residence/for-sale/1700/dilbeek/rbw19054,rbw19054,residence,for-sale,1700,dilbeek
vlaams-brabant,Apartment,https://immovlan.be/en/detail/apartment/for-sale/3000/leuven/rbw19053,rbw19053,apartment,for-sale,3000,leuven
vlaams-brabant,House,https://immovlan.be/en/detail/villa/for-sale/3090/overijse/rbw19050,rbw19050,villa,for-sale,3090,overijse
vlaams-brabant,House,https://immovlan.be/en/detail/villa/for-sale/3300/oorbeek/rbw19042,rbw19042,villa,for-sale,3300,oorbeek
vlaams-brabant,House,https://immovlan.be/en/detail/residence/for-sale/1785/merchtem/rwc42766,rwc42766,residence,for-sale,1785,merchtem
vlaams-brabant,House,https://immovlan.be/en/detail/residence/for-sale/1730/asse/rbw19036,rbw19036,residence,for-sale,1730,asse
vlaams-brabant,House,https://immovlan.be/en/detail/villa/for-sale/1640/sint-genesius-rode/vbe33931,vbe33931,villa,for-sale,1640,sint-genesius-rode
vlaams-brabant,House,https://immovlan.be/en/detail/residence/for-sale/3080/tervuren/rbw19016,rbw19016,residence,for-sale,3080,tervuren
vlaams-brabant,House,https://immovlan.be/en/detail/residence/for-sale/1560/hoeilaart/rbw19015,rbw19015,residence,for-sale,1560,hoeilaart
vlaams-brabant,House,https://immovlan.be/en/detail/residence/for-sale/1980/zemst/rbw19004,rbw19004,residence,for-sale,1980,zemst
vlaams-brabant,House,https://immovlan.be/en/detail/residence/for-sale/1652/alsemberg/rbw19002,rbw19002,residence,for-sale,1652,alsemberg
vlaams-brabant,House,https://immovlan.be/en/detail/residence/for-sale/1755/gooik/rbw19001,rbw19001,residence,for-sale,1755,gooik
vlaams-brabant,House,https://immovlan.be/en/detail/residence/for-sale/1500/halle/rbw19000,rbw19000,residence,for-sale,1500,halle
vlaams-brabant,House,https://immovlan.be/en/detail/cottage/for-sale/1790/affligem/vbe33843,vbe33843,cottage,for-sale,1790,affligem
vlaams-brabant,House,https://immovlan.be/en/detail/residence/for-sale/1730/asse/vbe33830,vbe33830,residence,for-sale,1730,asse
vlaams-brabant,House,https://immovlan.be/en/detail/residence/for-sale/3140/keerbergen/rbw18889,rbw18889,residence,for-sale,3140,keerbergen
vlaams-brabant,Apartment,https://immovlan.be/en/detail/studio/for-sale/3000/leuven/rbw18847,rbw18847,studio,for-sale,3000,leuven
vlaams-brabant,Apartment,https://immovlan.be/en/detail/apartment/for-sale/3128/baal/rbw18839,rbw18839,apartment,for-sale,3128,baal
vlaams-brabant,House,https://immovlan.be/en/detail/residence/for-sale/3320/hoegaarden/rbw18815,rbw18815,residence,for-sale,3320,hoegaarden
vlaams-brabant,Apartment,https://immovlan.be/en/detail/apartment/for-sale/1731/zellik/rbw18753,rbw18753,apartment,for-sale,1731,zellik
vlaams-brabant,Apartment,https://immovlan.be/en/detail/apartment/for-sale/3130/begijnendijk/rbw18534,rbw18534,apartment,for-sale,3130,begijnendijk
vlaams-brabant,House,https://immovlan.be/en/detail/residence/for-sale/1785/merchtem/rbw18506,rbw18506,residence,for-sale,1785,merchtem
vlaams-brabant,Apartment,https://immovlan.be/en/detail/apartment/for-sale/3020/herent/rbw18426,rbw18426,apartment,for-sale,3020,herent
vlaams-brabant,Apartment,https://immovlan.be/en/detail/apartment/for-sale/3020/herent/rbw18425,rbw18425,apartment,for-sale,3020,herent
vlaams-brabant,Apartment,https://immovlan.be/en/detail/apartment/for-sale/3020/herent/rbw18424,rbw18424,apartment,for-sale,3020,herent
vlaams-brabant,Apartment,https://immovlan.be/en/detail/apartment/for-sale/3020/herent/rbw18423,rbw18423,apartment,for-sale,3020,herent
vlaams-brabant,Apartment,https://immovlan.be/en/detail/apartment/for-sale/3020/herent/rbw18422,rbw18422,apartment,for-sale,3020,herent
vlaams-brabant,Apartment,https://immovlan.be/en/detail/apartment/for-sale/3020/herent/rbw18421,rbw18421,apartment,for-sale,3020,herent
vlaams-brabant,Apartment,https://immovlan.be/en/detail/ground-floor/for-sale/3020/herent/rbw18420,rbw18420,ground-floor,for-sale,3020,herent
vlaams-brabant,Apartment,https://immovlan.be/en/detail/ground-floor/for-sale/3020/herent/rbw18419,rbw18419,ground-floor,for-sale,3020,herent
vlaams-brabant,Apartment,https://immovlan.be/en/detail/penthouse/for-sale/3020/herent/rbw18410,rbw18410,penthouse,for-sale,3020,herent
vlaams-brabant,Apartment,https://immovlan.be/en/detail/penthouse/for-sale/3020/herent/rbw18405,rbw18405,penthouse,for-sale,3020,herent
vlaams-brabant,House,https://immovlan.be/en/detail/residence/for-sale/3070/kortenberg/rbw18375,rbw18375,residence,for-sale,3070,kortenberg
vlaams-brabant,House,https://immovlan.be/en/detail/residence/for-sale/3070/kortenberg/rbw18374,rbw18374,residence,for-sale,3070,kortenberg
vlaams-brabant,House,https://immovlan.be/en/detail/residence/for-sale/3090/overijse/rbw18373,rbw18373,residence,for-sale,3090,overijse
vlaams-brabant,House,https://immovlan.be/en/detail/mixed-building/for-sale/3001/heverlee/rbw18370,rbw18370,mixed-building,for-sale,3001,heverlee
vlaams-brabant,House,https://immovlan.be/en/detail/villa/for-sale/3001/heverlee/rbw18369,rbw18369,villa,for-sale,3001,heverlee
vlaams-brabant,House,https://immovlan.be/en/detail/residence/for-sale/1970/wezembeek-oppem/rbw18358,rbw18358,residence,for-sale,1970,wezembeek-oppem
vlaams-brabant,House,https://immovlan.be/en/detail/residence/for-sale/1701/itterbeek/rbw18350,rbw18350,residence,for-sale,1701,itterbeek
vlaams-brabant,Apartment,https://immovlan.be/en/detail/duplex/for-sale/1501/buizingen/vwd17779,vwd17779,duplex,for-sale,1501,buizingen
vlaams-brabant,House,https://immovlan.be/en/detail/residence/for-sale/1703/schepdaal/rbw18330,rbw18330,residence,for-sale,1703,schepdaal
vlaams-brabant,House,https://immovlan.be/en/detail/villa/for-sale/1640/sint-genesius-rode/vbe33675,vbe33675,villa,for-sale,1640,sint-genesius-rode
vlaams-brabant,House,https://immovlan.be/en/detail/residence/for-sale/1980/zemst/rbw18324,rbw18324,residence,for-sale,1980,zemst
vlaams-brabant,House,https://immovlan.be/en/detail/mixed-building/for-sale/1800/vilvoorde/rbw18323,rbw18323,mixed-building,for-sale,1800,vilvoorde
vlaams-brabant,House,https://immovlan.be/en/detail/villa/for-sale/1910/kampenhout/rbw18316,rbw18316,villa,for-sale,1910,kampenhout
vlaams-brabant,House,https://immovlan.be/en/detail/residence/for-sale/1910/kampenhout/rbw18303,rbw18303,residence,for-sale,1910,kampenhout
vlaams-brabant,House,https://immovlan.be/en/detail/residence/for-sale/3130/begijnendijk/rbw18293,rbw18293,residence,for-sale,3130,begijnendijk
vlaams-brabant,Apartment,https://immovlan.be/en/detail/apartment/for-sale/1932/woluwe-saint-etienne/vbe33633,vbe33633,apartment,for-sale,1932,woluwe-saint-etienne
vlaams-brabant,Apartment,https://immovlan.be/en/detail/apartment/for-sale/1730/asse/rbw18140,rbw18140,apartment,for-sale,1730,asse
vlaams-brabant,Apartment,https://immovlan.be/en/detail/ground-floor/for-sale/1850/grimbergen/rbw18092,rbw18092,ground-floor,for-sale,1850,grimbergen
vlaams-brabant,House,https://immovlan.be/en/detail/residence/for-sale/3110/rotselaar/rbw18091,rbw18091,residence,for-sale,3110,rotselaar
vlaams-brabant,House,https://immovlan.be/en/detail/residence/for-sale/1785/merchtem/rbw18090,rbw18090,residence,for-sale,1785,merchtem
vlaams-brabant,Apartment,https://immovlan.be/en/detail/apartment/for-sale/1600/sint-pieters-leeuw/rbw18089,rbw18089,apartment,for-sale,1600,sint-pieters-leeuw
vlaams-brabant,Apartment,https://immovlan.be/en/detail/apartment/for-sale/1600/sint-pieters-leeuw/rbw18088,rbw18088,apartment,for-sale,1600,sint-pieters-leeuw
vlaams-brabant,House,https://immovlan.be/en/detail/residence/for-sale/1560/hoeilaart/rbw18087,rbw18087,residence,for-sale,1560,hoeilaart
vlaams-brabant,House,https://immovlan.be/en/detail/residence/for-sale/1500/halle/rbw18080,rbw18080,residence,for-sale,1500,halle
vlaams-brabant,House,https://immovlan.be/en/detail/residence/for-sale/1840/londerzeel/rbw18076,rbw18076,residence,for-sale,1840,londerzeel
vlaams-brabant,Apartment,https://immovlan.be/en/detail/apartment/for-sale/1731/zellik/rbw18075,rbw18075,apartment,for-sale,1731,zellik
vlaams-brabant,House,https://immovlan.be/en/detail/residence/for-sale/3190/boortmeerbeek/rbw18046,rbw18046,residence,for-sale,3190,boortmeerbeek
vlaams-brabant,House,https://immovlan.be/en/detail/villa/for-sale/1701/itterbeek/rbw18043,rbw18043,villa,for-sale,1701,itterbeek
vlaams-brabant,House,https://immovlan.be/en/detail/residence/for-sale/1700/dilbeek/rbw18040,rbw18040,residence,for-sale,1700,dilbeek
vlaams-brabant,House,https://immovlan.be/en/detail/residence/for-sale/1560/hoeilaart/rbw18039,rbw18039,residence,for-sale,1560,hoeilaart
vlaams-brabant,House,https://immovlan.be/en/detail/bungalow/for-sale/1731/zellik/vwd17777,vwd17777,bungalow,for-sale,1731,zellik
vlaams-brabant,House,https://immovlan.be/en/detail/mixed-building/for-sale/1790/affligem/rbw18026,rbw18026,mixed-building,for-sale,1790,affligem
vlaams-brabant,House,https://immovlan.be/en/detail/residence/for-sale/1950/kraainem/vbe33442,vbe33442,residence,for-sale,1950,kraainem
vlaams-brabant,House,https://immovlan.be/en/detail/residence/for-sale/3050/oud-heverlee/rbw18014,rbw18014,residence,for-sale,3050,oud-heverlee
vlaams-brabant,House,https://immovlan.be/en/detail/residence/for-sale/3053/haasrode/rbw18013,rbw18013,residence,for-sale,3053,haasrode
vlaams-brabant,House,https://immovlan.be/en/detail/residence/for-sale/1932/woluwe-saint-etienne/vbe33389,vbe33389,residence,for-sale,1932,woluwe-saint-etienne
vlaams-brabant,House,https://immovlan.be/en/detail/residence/for-sale/3090/overijse/rbw17968,rbw17968,residence,for-sale,3090,overijse
vlaams-brabant,House,https://immovlan.be/en/detail/residence/for-sale/3090/overijse/rbw17939,rbw17939,residence,for-sale,3090,overijse
vlaams-brabant,Apartment,https://immovlan.be/en/detail/apartment/for-sale/1785/merchtem/rbw17937,rbw17937,apartment,for-sale,1785,merchtem
vlaams-brabant,House,https://immovlan.be/en/detail/residence/for-sale/1745/opwijk/rbw17936,rbw17936,residence,for-sale,1745,opwijk
vlaams-brabant,House,https://immovlan.be/en/detail/residence/for-sale/1880/kapelle-op-den-bos/rbw17482,rbw17482,residence,for-sale,1880,kapelle-op-den-bos
vlaams-brabant,House,https://immovlan.be/en/detail/residence/for-sale/3140/keerbergen/rbw17447,rbw17447,residence,for-sale,3140,keerbergen
vlaams-brabant,Apartment,https://immovlan.be/en/detail/apartment/for-sale/3270/scherpenheuvel-zichem/rbw17436,rbw17436,apartment,for-sale,3270,scherpenheuvel-zichem
vlaams-brabant,House,https://immovlan.be/en/detail/residence/for-sale/3190/boortmeerbeek/rbw17430,rbw17430,residence,for-sale,3190,boortmeerbeek
vlaams-brabant,House,https://immovlan.be/en/detail/residence/for-sale/3190/boortmeerbeek/rbw17429,rbw17429,residence,for-sale,3190,boortmeerbeek
vlaams-brabant,Apartment,https://immovlan.be/en/detail/apartment/for-sale/3270/scherpenheuvel-zichem/rbw17424,rbw17424,apartment,for-sale,3270,scherpenheuvel-zichem
vlaams-brabant,Apartment,https://immovlan.be/en/detail/apartment/for-sale/3270/scherpenheuvel-zichem/rbw17423,rbw17423,apartment,for-sale,3270,scherpenheuvel-zichem
vlaams-brabant,Apartment,https://immovlan.be/en/detail/apartment/for-sale/3270/scherpenheuvel-zichem/rbw17422,rbw17422,apartment,for-sale,3270,scherpenheuvel-zichem
vlaams-brabant,Apartment,https://immovlan.be/en/detail/apartment/for-sale/3270/scherpenheuvel-zichem/rbw17421,rbw17421,apartment,for-sale,3270,scherpenheuvel-zichem
vlaams-brabant,Apartment,https://immovlan.be/en/detail/apartment/for-sale/3270/scherpenheuvel-zichem/rbw17420,rbw17420,apartment,for-sale,3270,scherpenheuvel-zichem
vlaams-brabant,House,https://immovlan.be/en/detail/residence/for-sale/3140/keerbergen/rbw17413,rbw17413,residence,for-sale,3140,keerbergen
vlaams-brabant,House,https://immovlan.be/en/detail/villa/for-sale/1750/lennik/rbw17411,rbw17411,villa,for-sale,1750,lennik
vlaams-brabant,House,https://immovlan.be/en/detail/residence/for-sale/3300/tienen/rbw17410,rbw17410,residence,for-sale,3300,tienen
vlaams-brabant,House,https://immovlan.be/en/detail/residence/for-sale/3061/leefdaal/rbw17409,rbw17409,residence,for-sale,3061,leefdaal
vlaams-brabant,House,https://immovlan.be/en/detail/residence/for-sale/3210/lubbeek/rbw17365,rbw17365,residence,for-sale,3210,lubbeek
vlaams-brabant,Apartment,https://immovlan.be/en/detail/apartment/for-sale/3010/kessel-lo/rbw17364,rbw17364,apartment,for-sale,3010,kessel-lo
vlaams-brabant,House,https://immovlan.be/en/detail/residence/for-sale/1950/kraainem/vbe33215,vbe33215,residence,for-sale,1950,kraainem
vlaams-brabant,House,https://immovlan.be/en/detail/residence/for-sale/1700/dilbeek/rbw17361,rbw17361,residence,for-sale,1700,dilbeek
vlaams-brabant,House,https://immovlan.be/en/detail/residence/for-sale/1600/sint-pieters-leeuw/rbw17351,rbw17351,residence,for-sale,1600,sint-pieters-leeuw
vlaams-brabant,Apartment,https://immovlan.be/en/detail/apartment/for-sale/1700/dilbeek/rbw17349,rbw17349,apartment,for-sale,1700,dilbeek
vlaams-brabant,House,https://immovlan.be/en/detail/residence/for-sale/1790/affligem/rbw17346,rbw17346,residence,for-sale,1790,affligem
vlaams-brabant,House,https://immovlan.be/en/detail/residence/for-sale/3200/aarschot/rbw17338,rbw17338,residence,for-sale,3200,aarschot
vlaams-brabant,House,https://immovlan.be/en/detail/residence/for-sale/3290/diest/rbw17297,rbw17297,residence,for-sale,3290,diest
vlaams-brabant,House,https://immovlan.be/en/detail/residence/for-sale/1950/kraainem/vbe33080,vbe33080,residence,for-sale,1950,kraainem
vlaams-brabant,House,https://immovlan.be/en/detail/residence/for-sale/1500/halle/rbw17237,rbw17237,residence,for-sale,1500,halle
vlaams-brabant,House,https://immovlan.be/en/detail/residence/for-sale/1730/asse/rbw17033,rbw17033,residence,for-sale,1730,asse
vlaams-brabant,Apartment,https://immovlan.be/en/detail/apartment/for-sale/1800/vilvoorde/rbw17028,rbw17028,apartment,for-sale,1800,vilvoorde
vlaams-brabant,House,https://immovlan.be/en/detail/residence/for-sale/1640/sint-genesius-rode/vbe32844,vbe32844,residence,for-sale,1640,sint-genesius-rode
vlaams-brabant,House,https://immovlan.be/en/detail/residence/for-sale/1745/opwijk/rbw17026,rbw17026,residence,for-sale,1745,opwijk
vlaams-brabant,House,https://immovlan.be/en/detail/residence/for-sale/1950/kraainem/vbe32828,vbe32828,residence,for-sale,1950,kraainem
vlaams-brabant,House,https://immovlan.be/en/detail/villa/for-sale/1970/wezembeek-oppem/vbe32826,vbe32826,villa,for-sale,1970,wezembeek-oppem
vlaams-brabant,Apartment,https://immovlan.be/en/detail/apartment/for-sale/3150/haacht/rbw17011,rbw17011,apartment,for-sale,3150,haacht
vlaams-brabant,House,https://immovlan.be/en/detail/residence/for-sale/1745/opwijk/rbw16958,rbw16958,residence,for-sale,1745,opwijk
vlaams-brabant,House,https://immovlan.be/en/detail/villa/for-sale/1950/kraainem/vbe32771,vbe32771,villa,for-sale,1950,kraainem
vlaams-brabant,House,https://immovlan.be/en/detail/residence/for-sale/3401/walshoutem/vwd17764,vwd17764,residence,for-sale,3401,walshoutem
vlaams-brabant,House,https://immovlan.be/en/detail/residence/for-sale/3070/kortenberg/rbw16937,rbw16937,residence,for-sale,3070,kortenberg
vlaams-brabant,Apartment,https://immovlan.be/en/detail/apartment/for-sale/1930/zaventem/vbe32711,vbe32711,apartment,for-sale,1930,zaventem
vlaams-brabant,Apartment,https://immovlan.be/en/detail/apartment/for-sale/3080/tervuren/rbw16901,rbw16901,apartment,for-sale,3080,tervuren
vlaams-brabant,House,https://immovlan.be/en/detail/residence/for-sale/1700/dilbeek/rbw16900,rbw16900,residence,for-sale,1700,dilbeek
vlaams-brabant,House,https://immovlan.be/en/detail/residence/for-sale/1730/asse/rbw16899,rbw16899,residence,for-sale,1730,asse
vlaams-brabant,House,https://immovlan.be/en/detail/villa/for-sale/3090/overijse/rbw16896,rbw16896,villa,for-sale,3090,overijse
vlaams-brabant,Apartment,https://immovlan.be/en/detail/apartment/for-sale/1700/dilbeek/rbw16893,rbw16893,apartment,for-sale,1700,dilbeek
vlaams-brabant,House,https://immovlan.be/en/detail/residence/for-sale/1820/steenokkerzeel/rbw16891,rbw16891,residence,for-sale,1820,steenokkerzeel
vlaams-brabant,Apartment,https://immovlan.be/en/detail/apartment/for-sale/3000/leuven/rbw16778,rbw16778,apartment,for-sale,3000,leuven
vlaams-brabant,House,https://immovlan.be/en/detail/residence/for-sale/3300/tienen/rbw16744,rbw16744,residence,for-sale,3300,tienen
vlaams-brabant,House,https://immovlan.be/en/detail/residence/for-sale/3000/leuven/rbw16742,rbw16742,residence,for-sale,3000,leuven
vlaams-brabant,Apartment,https://immovlan.be/en/detail/apartment/for-sale/3001/heverlee/rbw16741,rbw16741,apartment,for-sale,3001,heverlee
vlaams-brabant,House,https://immovlan.be/en/detail/residence/for-sale/3110/rotselaar/rbw16740,rbw16740,residence,for-sale,3110,rotselaar
vlaams-brabant,Apartment,https://immovlan.be/en/detail/apartment/for-sale/3000/leuven/rbw16739,rbw16739,apartment,for-sale,3000,leuven
vlaams-brabant,House,https://immovlan.be/en/detail/residence/for-sale/3140/keerbergen/rbw16731,rbw16731,residence,for-sale,3140,keerbergen
vlaams-brabant,House,https://immovlan.be/en/detail/residence/for-sale/3200/aarschot/rbw16730,rbw16730,residence,for-sale,3200,aarschot
vlaams-brabant,House,https://immovlan.be/en/detail/residence/for-sale/3130/begijnendijk/rbw16728,rbw16728,residence,for-sale,3130,begijnendijk
vlaams-brabant,Apartment,https://immovlan.be/en/detail/apartment/for-sale/1540/herne/rbw16327,rbw16327,apartment,for-sale,1540,herne
vlaams-brabant,House,https://immovlan.be/en/detail/residence/for-sale/3271/averbode/rbw16314,rbw16314,residence,for-sale,3271,averbode
vlaams-brabant,House,https://immovlan.be/en/detail/residence/for-sale/3391/meensel-kiezegem/rbw16313,rbw16313,residence,for-sale,3391,meensel-kiezegem
vlaams-brabant,House,https://immovlan.be/en/detail/residence/for-sale/3272/messelbroek/rbw16308,rbw16308,residence,for-sale,3272,messelbroek
vlaams-brabant,House,https://immovlan.be/en/detail/residence/for-sale/3460/bekkevoort/rbw16306,rbw16306,residence,for-sale,3460,bekkevoort
vlaams-brabant,House,https://immovlan.be/en/detail/residence/for-sale/1800/vilvoorde/vbe32572,vbe32572,residence,for-sale,1800,vilvoorde
vlaams-brabant,House,https://immovlan.be/en/detail/villa/for-sale/3120/tremelo/rbw16281,rbw16281,villa,for-sale,3120,tremelo
vlaams-brabant,House,https://immovlan.be/en/detail/residence/for-sale/1861/wolvertem/rbw16278,rbw16278,residence,for-sale,1861,wolvertem
vlaams-brabant,Apartment,https://immovlan.be/en/detail/apartment/for-sale/3090/overijse/rbw16265,rbw16265,apartment,for-sale,3090,overijse
vlaams-brabant,House,https://immovlan.be/en/detail/residence/for-sale/3080/tervuren/rbw16264,rbw16264,residence,for-sale,3080,tervuren
vlaams-brabant,House,https://immovlan.be/en/detail/residence/for-sale/1560/hoeilaart/rbw16262,rbw16262,residence,for-sale,1560,hoeilaart
vlaams-brabant,House,https://immovlan.be/en/detail/residence/for-sale/1560/hoeilaart/rbw16261,rbw16261,residence,for-sale,1560,hoeilaart
vlaams-brabant,House,https://immovlan.be/en/detail/bungalow/for-sale/3061/leefdaal/rbw16258,rbw16258,bungalow,for-sale,3061,leefdaal
vlaams-brabant,House,https://immovlan.be/en/detail/residence/for-sale/1730/asse/rbw16257,rbw16257,residence,for-sale,1730,asse
vlaams-brabant,House,https://immovlan.be/en/detail/residence/for-sale/1730/asse/rbw16256,rbw16256,residence,for-sale,1730,asse
vlaams-brabant,Apartment,https://immovlan.be/en/detail/studio/for-sale/3000/leuven/rbw16237,rbw16237,studio,for-sale,3000,leuven
vlaams-brabant,House,https://immovlan.be/en/detail/residence/for-sale/1800/vilvoorde/vbe32309,vbe32309,residence,for-sale,1800,vilvoorde
vlaams-brabant,House,https://immovlan.be/en/detail/cottage/for-sale/1602/vlezenbeek/vbe32291,vbe32291,cottage,for-sale,1602,vlezenbeek
vlaams-brabant,House,https://immovlan.be/en/detail/residence/for-sale/1980/zemst/rbw16225,rbw16225,residence,for-sale,1980,zemst
vlaams-brabant,House,https://immovlan.be/en/detail/residence/for-sale/1800/vilvoorde/rbw16220,rbw16220,residence,for-sale,1800,vilvoorde
vlaams-brabant,House,https://immovlan.be/en/detail/residence/for-sale/1640/sint-genesius-rode/vbe32286,vbe32286,residence,for-sale,1640,sint-genesius-rode
vlaams-brabant,Apartment,https://immovlan.be/en/detail/apartment/for-sale/1600/sint-pieters-leeuw/rbw16218,rbw16218,apartment,for-sale,1600,sint-pieters-leeuw
vlaams-brabant,House,https://immovlan.be/en/detail/residence/for-sale/3120/tremelo/rbw16091,rbw16091,residence,for-sale,3120,tremelo
vlaams-brabant,Apartment,https://immovlan.be/en/detail/duplex/for-sale/1982/elewijt/rbw16037,rbw16037,duplex,for-sale,1982,elewijt
vlaams-brabant,House,https://immovlan.be/en/detail/residence/for-sale/1760/onze-lieve-vrouw-lombeek/rbw16032,rbw16032,residence,for-sale,1760,onze-lieve-vrouw-lombeek
vlaams-brabant,Apartment,https://immovlan.be/en/detail/apartment/for-sale/1785/merchtem/rbw16030,rbw16030,apartment,for-sale,1785,merchtem
vlaams-brabant,Apartment,https://immovlan.be/en/detail/apartment/for-sale/1853/strombeek-bever/rbw16028,rbw16028,apartment,for-sale,1853,strombeek-bever
vlaams-brabant,House,https://immovlan.be/en/detail/residence/for-sale/3390/tielt-winge/rbw16026,rbw16026,residence,for-sale,3390,tielt-winge
vlaams-brabant,House,https://immovlan.be/en/detail/residence/for-sale/1790/affligem/rbw16025,rbw16025,residence,for-sale,1790,affligem
vlaams-brabant,Apartment,https://immovlan.be/en/detail/apartment/for-sale/1780/wemmel/vbe32216,vbe32216,apartment,for-sale,1780,wemmel
vlaams-brabant,House,https://immovlan.be/en/detail/residence/for-sale/1780/wemmel/vbe32211,vbe32211,residence,for-sale,1780,wemmel
vlaams-brabant,House,https://immovlan.be/en/detail/residence/for-sale/3080/tervuren/rbw15938,rbw15938,residence,for-sale,3080,tervuren
vlaams-brabant,House,https://immovlan.be/en/detail/residence/for-sale/3080/tervuren/rbw15937,rbw15937,residence,for-sale,3080,tervuren
vlaams-brabant,House,https://immovlan.be/en/detail/villa/for-sale/1740/ternat/rbw15936,rbw15936,villa,for-sale,1740,ternat
vlaams-brabant,House,https://immovlan.be/en/detail/residence/for-sale/1820/steenokkerzeel/vbe32011,vbe32011,residence,for-sale,1820,steenokkerzeel
vlaams-brabant,Apartment,https://immovlan.be/en/detail/duplex/for-sale/1700/dilbeek/rbw13649,rbw13649,duplex,for-sale,1700,dilbeek
vlaams-brabant,Apartment,https://immovlan.be/en/detail/apartment/for-sale/1800/vilvoorde/rbw13643,rbw13643,apartment,for-sale,1800,vilvoorde
vlaams-brabant,House,https://immovlan.be/en/detail/residence/for-sale/1702/groot-bijgaarden/rbw13640,rbw13640,residence,for-sale,1702,groot-bijgaarden
vlaams-brabant,House,https://immovlan.be/en/detail/residence/for-sale/3080/duisburg/rbw13638,rbw13638,residence,for-sale,3080,duisburg
vlaams-brabant,House,https://immovlan.be/en/detail/residence/for-sale/1502/lembeek/rbw13633,rbw13633,residence,for-sale,1502,lembeek
vlaams-brabant,House,https://immovlan.be/en/detail/residence/for-sale/1602/vlezenbeek/rbw13630,rbw13630,residence,for-sale,1602,vlezenbeek
vlaams-brabant,House,https://immovlan.be/en/detail/residence/for-sale/1640/sint-genesius-rode/rbw13628,rbw13628,residence,for-sale,1640,sint-genesius-rode
vlaams-brabant,House,https://immovlan.be/en/detail/residence/for-sale/1700/dilbeek/rbw13627,rbw13627,residence,for-sale,1700,dilbeek
vlaams-brabant,Apartment,https://immovlan.be/en/detail/apartment/for-sale/1702/groot-bijgaarden/rbw13625,rbw13625,apartment,for-sale,1702,groot-bijgaarden
vlaams-brabant,House,https://immovlan.be/en/detail/residence/for-sale/1500/halle/rbw13623,rbw13623,residence,for-sale,1500,halle
vlaams-brabant,Apartment,https://immovlan.be/en/detail/apartment/for-sale/1501/buizingen/rbw13622,rbw13622,apartment,for-sale,1501,buizingen
vlaams-brabant,House,https://immovlan.be/en/detail/residence/for-sale/1703/schepdaal/rbw13618,rbw13618,residence,for-sale,1703,schepdaal
vlaams-brabant,House,https://immovlan.be/en/detail/residence/for-sale/3080/tervuren/rbw13616,rbw13616,residence,for-sale,3080,tervuren
vlaams-brabant,House,https://immovlan.be/en/detail/residence/for-sale/3040/huldenberg/rbw13615,rbw13615,residence,for-sale,3040,huldenberg
vlaams-brabant,House,https://immovlan.be/en/detail/residence/for-sale/3040/huldenberg/rbw13614,rbw13614,residence,for-sale,3040,huldenberg
vlaams-brabant,House,https://immovlan.be/en/detail/residence/for-sale/1730/asse/rbw13613,rbw13613,residence,for-sale,1730,asse
vlaams-brabant,Apartment,https://immovlan.be/en/detail/ground-floor/for-sale/3080/tervuren/rbw13612,rbw13612,ground-floor,for-sale,3080,tervuren
vlaams-brabant,House,https://immovlan.be/en/detail/residence/for-sale/1861/wolvertem/rbw13611,rbw13611,residence,for-sale,1861,wolvertem
vlaams-brabant,House,https://immovlan.be/en/detail/residence/for-sale/1601/ruisbroek/rbw13610,rbw13610,residence,for-sale,1601,ruisbroek
vlaams-brabant,House,https://immovlan.be/en/detail/residence/for-sale/1500/halle/rbw13609,rbw13609,residence,for-sale,1500,halle
vlaams-brabant,House,https://immovlan.be/en/detail/residence/for-sale/3040/huldenberg/rbw13608,rbw13608,residence,for-sale,3040,huldenberg
vlaams-brabant,House,https://immovlan.be/en/detail/residence/for-sale/3040/huldenberg/rbw13374,rbw13374,residence,for-sale,3040,huldenberg
vlaams-brabant,House,https://immovlan.be/en/detail/residence/for-sale/3300/tienen/rbw13372,rbw13372,residence,for-sale,3300,tienen
vlaams-brabant,Apartment,https://immovlan.be/en/detail/apartment/for-sale/1600/sint-pieters-leeuw/rbw13337,rbw13337,apartment,for-sale,1600,sint-pieters-leeuw
vlaams-brabant,Apartment,https://immovlan.be/en/detail/apartment/for-sale/1731/zellik/rbw13332,rbw13332,apartment,for-sale,1731,zellik
vlaams-brabant,House,https://immovlan.be/en/detail/villa/for-sale/3140/keerbergen/rbw13312,rbw13312,villa,for-sale,3140,keerbergen
vlaams-brabant,House,https://immovlan.be/en/detail/villa/for-sale/3140/keerbergen/rbw13276,rbw13276,villa,for-sale,3140,keerbergen
vlaams-brabant,House,https://immovlan.be/en/detail/mixed-building/for-sale/1702/groot-bijgaarden/rbw13275,rbw13275,mixed-building,for-sale,1702,groot-bijgaarden
vlaams-brabant,House,https://immovlan.be/en/detail/villa/for-sale/3191/hever/rbw13025,rbw13025,villa,for-sale,3191,hever
vlaams-brabant,Apartment,https://immovlan.be/en/detail/apartment/for-sale/1853/strombeek-bever/rbw12768,rbw12768,apartment,for-sale,1853,strombeek-bever
vlaams-brabant,House,https://immovlan.be/en/detail/residence/for-sale/1840/londerzeel/rbw12767,rbw12767,residence,for-sale,1840,londerzeel
vlaams-brabant,House,https://immovlan.be/en/detail/residence/for-sale/3010/kessel-lo/rbw12736,rbw12736,residence,for-sale,3010,kessel-lo
vlaams-brabant,House,https://immovlan.be/en/detail/residence/for-sale/3120/tremelo/rbw12735,rbw12735,residence,for-sale,3120,tremelo
vlaams-brabant,House,https://immovlan.be/en/detail/villa/for-sale/1700/dilbeek/rbw12708,rbw12708,villa,for-sale,1700,dilbeek
vlaams-brabant,House,https://immovlan.be/en/detail/residence/for-sale/1760/roosdaal/rbw12707,rbw12707,residence,for-sale,1760,roosdaal
vlaams-brabant,House,https://immovlan.be/en/detail/residence/for-sale/3150/haacht/rbw12702,rbw12702,residence,for-sale,3150,haacht
vlaams-brabant,Apartment,https://immovlan.be/en/detail/apartment/for-sale/3111/wezemaal/rbw12696,rbw12696,apartment,for-sale,3111,wezemaal
vlaams-brabant,House,https://immovlan.be/en/detail/residence/for-sale/1731/relegem/rbw12693,rbw12693,residence,for-sale,1731,relegem
vlaams-brabant,House,https://immovlan.be/en/detail/residence/for-sale/3120/tremelo/rbw12692,rbw12692,residence,for-sale,3120,tremelo
vlaams-brabant,Apartment,https://immovlan.be/en/detail/apartment/for-sale/1745/opwijk/rbw12674,rbw12674,apartment,for-sale,1745,opwijk
vlaams-brabant,Apartment,https://immovlan.be/en/detail/apartment/for-sale/3111/wezemaal/rbw12655,rbw12655,apartment,for-sale,3111,wezemaal
vlaams-brabant,House,https://immovlan.be/en/detail/residence/for-sale/1860/meise/rbw12654,rbw12654,residence,for-sale,1860,meise
vlaams-brabant,House,https://immovlan.be/en/detail/residence/for-sale/1770/liedekerke/vbe31584,vbe31584,residence,for-sale,1770,liedekerke
vlaams-brabant,House,https://immovlan.be/en/detail/residence/for-sale/3150/haacht/rbw12652,rbw12652,residence,for-sale,3150,haacht
vlaams-brabant,House,https://immovlan.be/en/detail/residence/for-sale/1500/halle/rbw12610,rbw12610,residence,for-sale,1500,halle
vlaams-brabant,House,https://immovlan.be/en/detail/residence/for-sale/1730/asse/rbw12607,rbw12607,residence,for-sale,1730,asse
vlaams-brabant,Apartment,https://immovlan.be/en/detail/apartment/for-sale/1731/relegem/rbw12606,rbw12606,apartment,for-sale,1731,relegem
vlaams-brabant,Apartment,https://immovlan.be/en/detail/apartment/for-sale/1702/groot-bijgaarden/vbe31558,vbe31558,apartment,for-sale,1702,groot-bijgaarden
vlaams-brabant,Apartment,https://immovlan.be/en/detail/apartment/for-sale/1853/strombeek-bever/rbw12587,rbw12587,apartment,for-sale,1853,strombeek-bever
vlaams-brabant,House,https://immovlan.be/en/detail/residence/for-sale/1570/galmaarden/rbw12586,rbw12586,residence,for-sale,1570,galmaarden
vlaams-brabant,House,https://immovlan.be/en/detail/residence/for-sale/1500/halle/rbw12582,rbw12582,residence,for-sale,1500,halle
vlaams-brabant,House,https://immovlan.be/en/detail/residence/for-sale/1502/lembeek/rbw12581,rbw12581,residence,for-sale,1502,lembeek
vlaams-brabant,House,https://immovlan.be/en/detail/residence/for-sale/1980/zemst/rbw12571,rbw12571,residence,for-sale,1980,zemst
vlaams-brabant,House,https://immovlan.be/en/detail/residence/for-sale/1930/zaventem/rbw12497,rbw12497,residence,for-sale,1930,zaventem
vlaams-brabant,House,https://immovlan.be/en/detail/residence/for-sale/1910/kampenhout/rwc42725,rwc42725,residence,for-sale,1910,kampenhout
vlaams-brabant,Apartment,https://immovlan.be/en/detail/duplex/for-sale/1790/affligem/rbw12488,rbw12488,duplex,for-sale,1790,affligem
vlaams-brabant,House,https://immovlan.be/en/detail/residence/for-sale/1630/linkebeek/vbe31420,vbe31420,residence,for-sale,1630,linkebeek
vlaams-brabant,Apartment,https://immovlan.be/en/detail/studio/for-sale/3001/heverlee/rbw12459,rbw12459,studio,for-sale,3001,heverlee
vlaams-brabant,Apartment,https://immovlan.be/en/detail/apartment/for-sale/1785/merchtem/rbw12439,rbw12439,apartment,for-sale,1785,merchtem
vlaams-brabant,Apartment,https://immovlan.be/en/detail/penthouse/for-sale/1860/meise/rbw12436,rbw12436,penthouse,for-sale,1860,meise
vlaams-brabant,Apartment,https://immovlan.be/en/detail/penthouse/for-sale/1860/meise/rbw12435,rbw12435,penthouse,for-sale,1860,meise
vlaams-brabant,Apartment,https://immovlan.be/en/detail/apartment/for-sale/1780/wemmel/rbw12434,rbw12434,apartment,for-sale,1780,wemmel
vlaams-brabant,Apartment,https://immovlan.be/en/detail/apartment/for-sale/1702/groot-bijgaarden/rbw12433,rbw12433,apartment,for-sale,1702,groot-bijgaarden
vlaams-brabant,House,https://immovlan.be/en/detail/residence/for-sale/1850/grimbergen/rbw12431,rbw12431,residence,for-sale,1850,grimbergen
vlaams-brabant,House,https://immovlan.be/en/detail/residence/for-sale/1730/asse/rbw12417,rbw12417,residence,for-sale,1730,asse
vlaams-brabant,House,https://immovlan.be/en/detail/villa/for-sale/1860/meise/rbw12416,rbw12416,villa,for-sale,1860,meise
vlaams-brabant,House,https://immovlan.be/en/detail/residence/for-sale/1730/asse/rbw12415,rbw12415,residence,for-sale,1730,asse
vlaams-brabant,House,https://immovlan.be/en/detail/residence/for-sale/1910/kampenhout/rbw12366,rbw12366,residence,for-sale,1910,kampenhout
vlaams-brabant,House,https://immovlan.be/en/detail/residence/for-sale/1760/roosdaal/rbw12336,rbw12336,residence,for-sale,1760,roosdaal
vlaams-brabant,House,https://immovlan.be/en/detail/villa/for-sale/1701/itterbeek/rbw12333,rbw12333,villa,for-sale,1701,itterbeek
vlaams-brabant,House,https://immovlan.be/en/detail/villa/for-sale/1700/dilbeek/rbw12332,rbw12332,villa,for-sale,1700,dilbeek
vlaams-brabant,House,https://immovlan.be/en/detail/residence/for-sale/1700/dilbeek/rbw12330,rbw12330,residence,for-sale,1700,dilbeek
vlaams-brabant,House,https://immovlan.be/en/detail/residence/for-sale/3390/tielt-winge/rbw12328,rbw12328,residence,for-sale,3390,tielt-winge
vlaams-brabant,House,https://immovlan.be/en/detail/residence/for-sale/1800/vilvoorde/rbw12267,rbw12267,residence,for-sale,1800,vilvoorde
vlaams-brabant,House,https://immovlan.be/en/detail/residence/for-sale/3440/zoutleeuw/rbw12173,rbw12173,residence,for-sale,3440,zoutleeuw
vlaams-brabant,House,https://immovlan.be/en/detail/residence/for-sale/1601/ruisbroek/rbw12163,rbw12163,residence,for-sale,1601,ruisbroek
vlaams-brabant,House,https://immovlan.be/en/detail/residence/for-sale/1600/sint-pieters-leeuw/rbw12162,rbw12162,residence,for-sale,1600,sint-pieters-leeuw
vlaams-brabant,Apartment,https://immovlan.be/en/detail/duplex/for-sale/3360/korbeek-lo/rbw12147,rbw12147,duplex,for-sale,3360,korbeek-lo
vlaams-brabant,Apartment,https://immovlan.be/en/detail/penthouse/for-sale/3140/keerbergen/rbw11837,rbw11837,penthouse,for-sale,3140,keerbergen
vlaams-brabant,Apartment,https://immovlan.be/en/detail/penthouse/for-sale/3140/keerbergen/rbw11836,rbw11836,penthouse,for-sale,3140,keerbergen
vlaams-brabant,House,https://immovlan.be/en/detail/residence/for-sale/3120/tremelo/rbw11815,rbw11815,residence,for-sale,3120,tremelo
vlaams-brabant,House,https://immovlan.be/en/detail/mixed-building/for-sale/3020/veltem-beisem/rbw11810,rbw11810,mixed-building,for-sale,3020,veltem-beisem
vlaams-brabant,Apartment,https://immovlan.be/en/detail/apartment/for-sale/1731/relegem/rbw11797,rbw11797,apartment,for-sale,1731,relegem
vlaams-brabant,Apartment,https://immovlan.be/en/detail/apartment/for-sale/1730/asse/rbw11766,rbw11766,apartment,for-sale,1730,asse
vlaams-brabant,House,https://immovlan.be/en/detail/residence/for-sale/3350/linter/rbw11734,rbw11734,residence,for-sale,3350,linter
vlaams-brabant,Apartment,https://immovlan.be/en/detail/studio/for-sale/3000/leuven/rbw11640,rbw11640,studio,for-sale,3000,leuven
vlaams-brabant,Apartment,https://immovlan.be/en/detail/apartment/for-sale/1830/machelen/rbw11634,rbw11634,apartment,for-sale,1830,machelen
vlaams-brabant,House,https://immovlan.be/en/detail/residence/for-sale/1850/grimbergen/rbw11632,rbw11632,residence,for-sale,1850,grimbergen
vlaams-brabant,House,https://immovlan.be/en/detail/residence/for-sale/3090/overijse/rbw11605,rbw11605,residence,for-sale,3090,overijse
vlaams-brabant,House,https://immovlan.be/en/detail/residence/for-sale/1502/lembeek/rbw11598,rbw11598,residence,for-sale,1502,lembeek
vlaams-brabant,House,https://immovlan.be/en/detail/villa/for-sale/1600/sint-pieters-leeuw/vbe30900,vbe30900,villa,for-sale,1600,sint-pieters-leeuw
vlaams-brabant,House,https://immovlan.be/en/detail/residence/for-sale/1980/zemst/rbw11558,rbw11558,residence,for-sale,1980,zemst
vlaams-brabant,House,https://immovlan.be/en/detail/villa/for-sale/1970/wezembeek-oppem/vbe30747,vbe30747,villa,for-sale,1970,wezembeek-oppem
vlaams-brabant,House,https://immovlan.be/en/detail/residence/for-sale/1650/beersel/vbe30685,vbe30685,residence,for-sale,1650,beersel
vlaams-brabant,House,https://immovlan.be/en/detail/residence/for-sale/3150/tildonk/rbw11494,rbw11494,residence,for-sale,3150,tildonk
vlaams-brabant,House,https://immovlan.be/en/detail/residence/for-sale/3020/herent/rbw11493,rbw11493,residence,for-sale,3020,herent
vlaams-brabant,House,https://immovlan.be/en/detail/villa/for-sale/3140/keerbergen/rbw11455,rbw11455,villa,for-sale,3140,keerbergen
vlaams-brabant,House,https://immovlan.be/en/detail/residence/for-sale/1840/londerzeel/rbw11027,rbw11027,residence,for-sale,1840,londerzeel
vlaams-brabant,Apartment,https://immovlan.be/en/detail/duplex/for-sale/1780/wemmel/rbw11020,rbw11020,duplex,for-sale,1780,wemmel
vlaams-brabant,House,https://immovlan.be/en/detail/residence/for-sale/1930/zaventem/rbw11014,rbw11014,residence,for-sale,1930,zaventem
vlaams-brabant,House,https://immovlan.be/en/detail/residence/for-sale/1500/halle/rbw11013,rbw11013,residence,for-sale,1500,halle
vlaams-brabant,House,https://immovlan.be/en/detail/residence/for-sale/3201/langdorp/rbw11008,rbw11008,residence,for-sale,3201,langdorp
vlaams-brabant,Apartment,https://immovlan.be/en/detail/apartment/for-sale/3000/leuven/rbw11007,rbw11007,apartment,for-sale,3000,leuven
vlaams-brabant,House,https://immovlan.be/en/detail/villa/for-sale/3140/keerbergen/rbw11000,rbw11000,villa,for-sale,3140,keerbergen
vlaams-brabant,House,https://immovlan.be/en/detail/residence/for-sale/3150/haacht/rbw10999,rbw10999,residence,for-sale,3150,haacht
vlaams-brabant,House,https://immovlan.be/en/detail/residence/for-sale/3010/kessel-lo/rbw10998,rbw10998,residence,for-sale,3010,kessel-lo
vlaams-brabant,House,https://immovlan.be/en/detail/residence/for-sale/3400/landen/rbw10982,rbw10982,residence,for-sale,3400,landen
vlaams-brabant,House,https://immovlan.be/en/detail/residence/for-sale/3401/walshoutem/rbw10979,rbw10979,residence,for-sale,3401,walshoutem
vlaams-brabant,House,https://immovlan.be/en/detail/residence/for-sale/1601/ruisbroek/rbw10951,rbw10951,residence,for-sale,1601,ruisbroek
vlaams-brabant,House,https://immovlan.be/en/detail/villa/for-sale/3200/aarschot/rwc42712,rwc42712,villa,for-sale,3200,aarschot
vlaams-brabant,House,https://immovlan.be/en/detail/bungalow/for-sale/1501/buizingen/rbw10917,rbw10917,bungalow,for-sale,1501,buizingen
vlaams-brabant,House,https://immovlan.be/en/detail/residence/for-sale/1570/galmaarden/rbw10915,rbw10915,residence,for-sale,1570,galmaarden
vlaams-brabant,House,https://immovlan.be/en/detail/villa/for-sale/3020/herent/rbw10914,rbw10914,villa,for-sale,3020,herent
vlaams-brabant,House,https://immovlan.be/en/detail/residence/for-sale/1800/vilvoorde/rbw10908,rbw10908,residence,for-sale,1800,vilvoorde
vlaams-brabant,House,https://immovlan.be/en/detail/residence/for-sale/1755/gooik/rbw10906,rbw10906,residence,for-sale,1755,gooik
vlaams-brabant,House,https://immovlan.be/en/detail/residence/for-sale/1700/dilbeek/rbw10896,rbw10896,residence,for-sale,1700,dilbeek
vlaams-brabant,House,https://immovlan.be/en/detail/residence/for-sale/1630/linkebeek/rbw10752,rbw10752,residence,for-sale,1630,linkebeek
vlaams-brabant,House,https://immovlan.be/en/detail/residence/for-sale/1570/galmaarden/rbw10704,rbw10704,residence,for-sale,1570,galmaarden
vlaams-brabant,House,https://immovlan.be/en/detail/residence/for-sale/1650/beersel/rbw10703,rbw10703,residence,for-sale,1650,beersel
vlaams-brabant,Apartment,https://immovlan.be/en/detail/apartment/for-sale/1800/vilvoorde/vbe30323,vbe30323,apartment,for-sale,1800,vilvoorde
vlaams-brabant,Apartment,https://immovlan.be/en/detail/apartment/for-sale/1800/vilvoorde/vbe30322,vbe30322,apartment,for-sale,1800,vilvoorde
vlaams-brabant,House,https://immovlan.be/en/detail/residence/for-sale/1650/beersel/vbe30318,vbe30318,residence,for-sale,1650,beersel
vlaams-brabant,House,https://immovlan.be/en/detail/villa/for-sale/1640/sint-genesius-rode/rbw10701,rbw10701,villa,for-sale,1640,sint-genesius-rode
vlaams-brabant,House,https://immovlan.be/en/detail/residence/for-sale/1880/kapelle-op-den-bos/rbw10697,rbw10697,residence,for-sale,1880,kapelle-op-den-bos
vlaams-brabant,House,https://immovlan.be/en/detail/residence/for-sale/1950/kraainem/vbe30239,vbe30239,residence,for-sale,1950,kraainem
vlaams-brabant,Apartment,https://immovlan.be/en/detail/apartment/for-sale/1700/dilbeek/rbw10654,rbw10654,apartment,for-sale,1700,dilbeek
vlaams-brabant,House,https://immovlan.be/en/detail/residence/for-sale/1780/wemmel/rbv70330,rbv70330,residence,for-sale,1780,wemmel
vlaams-brabant,House,https://immovlan.be/en/detail/residence/in-public-sale/1930/nossegem/rbv96568,rbv96568,residence,in-public-sale,1930,nossegem
vlaams-brabant,House,https://immovlan.be/en/detail/residence/for-sale/1950/kraainem/vbe30159,vbe30159,residence,for-sale,1950,kraainem
vlaams-brabant,House,https://immovlan.be/en/detail/villa/for-sale/1780/wemmel/vbe30147,vbe30147,villa,for-sale,1780,wemmel
vlaams-brabant,Apartment,https://immovlan.be/en/detail/apartment/for-sale/1600/sint-pieters-leeuw/rbv67177,rbv67177,apartment,for-sale,1600,sint-pieters-leeuw
vlaams-brabant,House,https://immovlan.be/en/detail/bungalow/for-sale/1731/relegem/rbv71150,rbv71150,bungalow,for-sale,1731,relegem
vlaams-brabant,House,https://immovlan.be/en/detail/residence/for-sale/3090/overijse/rbv81033,rbv81033,residence,for-sale,3090,overijse
vlaams-brabant,House,https://immovlan.be/en/detail/residence/for-sale/1700/dilbeek/vbe29922,vbe29922,residence,for-sale,1700,dilbeek
vlaams-brabant,Apartment,https://immovlan.be/en/detail/apartment/for-sale/3000/leuven/rbw10311,rbw10311,apartment,for-sale,3000,leuven
vlaams-brabant,House,https://immovlan.be/en/detail/residence/for-sale/3270/scherpenheuvel-zichem/rbw10298,rbw10298,residence,for-sale,3270,scherpenheuvel-zichem
vlaams-brabant,Apartment,https://immovlan.be/en/detail/apartment/for-sale/1853/strombeek-bever/rbw10242,rbw10242,apartment,for-sale,1853,strombeek-bever
vlaams-brabant,House,https://immovlan.be/en/detail/residence/for-sale/1600/sint-pieters-leeuw/rbw10236,rbw10236,residence,for-sale,1600,sint-pieters-leeuw
vlaams-brabant,House,https://immovlan.be/en/detail/residence/for-sale/1840/londerzeel/rbw10027,rbw10027,residence,for-sale,1840,londerzeel
vlaams-brabant,House,https://immovlan.be/en/detail/villa/for-sale/1700/dilbeek/vwd17680,vwd17680,villa,for-sale,1700,dilbeek
vlaams-brabant,House,https://immovlan.be/en/detail/villa/for-sale/3140/keerbergen/rbw09991,rbw09991,villa,for-sale,3140,keerbergen
vlaams-brabant,House,https://immovlan.be/en/detail/residence/for-sale/3110/rotselaar/rbw09989,rbw09989,residence,for-sale,3110,rotselaar
vlaams-brabant,Apartment,https://immovlan.be/en/detail/apartment/for-sale/3000/leuven/rbv75266,rbv75266,apartment,for-sale,3000,leuven
vlaams-brabant,Apartment,https://immovlan.be/en/detail/apartment/for-sale/3000/leuven/rbv96964,rbv96964,apartment,for-sale,3000,leuven
vlaams-brabant,House,https://immovlan.be/en/detail/residence/for-sale/1860/meise/rbu42016,rbu42016,residence,for-sale,1860,meise
vlaams-brabant,House,https://immovlan.be/en/detail/residence/for-sale/3000/leuven/rbw09964,rbw09964,residence,for-sale,3000,leuven
vlaams-brabant,House,https://immovlan.be/en/detail/residence/for-sale/1600/oudenaken/rbw09959,rbw09959,residence,for-sale,1600,oudenaken
vlaams-brabant,House,https://immovlan.be/en/detail/residence/for-sale/1600/oudenaken/rbv89935,rbv89935,residence,for-sale,1600,oudenaken
vlaams-brabant,Apartment,https://immovlan.be/en/detail/apartment/for-sale/1730/asse/rbw09942,rbw09942,apartment,for-sale,1730,asse
vlaams-brabant,Apartment,https://immovlan.be/en/detail/studio/for-sale/1730/asse/rbw09941,rbw09941,studio,for-sale,1730,asse
vlaams-brabant,Apartment,https://immovlan.be/en/detail/ground-floor/for-sale/1933/sterrebeek/vbe29754,vbe29754,ground-floor,for-sale,1933,sterrebeek
vlaams-brabant,House,https://immovlan.be/en/detail/residence/for-sale/1740/ternat/rbw09918,rbw09918,residence,for-sale,1740,ternat
vlaams-brabant,House,https://immovlan.be/en/detail/residence/for-sale/1650/beersel/vbe29641,vbe29641,residence,for-sale,1650,beersel
vlaams-brabant,House,https://immovlan.be/en/detail/residence/for-sale/1760/pamel/rwc42700,rwc42700,residence,for-sale,1760,pamel
vlaams-brabant,House,https://immovlan.be/en/detail/residence/for-sale/1840/londerzeel/rbw09786,rbw09786,residence,for-sale,1840,londerzeel
vlaams-brabant,House,https://immovlan.be/en/detail/residence/for-sale/3300/tienen/rbw09780,rbw09780,residence,for-sale,3300,tienen
vlaams-brabant,Apartment,https://immovlan.be/en/detail/apartment/for-sale/1620/drogenbos/vbe29481,vbe29481,apartment,for-sale,1620,drogenbos
vlaams-brabant,House,https://immovlan.be/en/detail/residence/for-sale/1800/peutie/vbe29438,vbe29438,residence,for-sale,1800,peutie
vlaams-brabant,House,https://immovlan.be/en/detail/residence/for-sale/1640/sint-genesius-rode/vbe29436,vbe29436,residence,for-sale,1640,sint-genesius-rode
vlaams-brabant,House,https://immovlan.be/en/detail/residence/for-sale/1501/buizingen/vbe29431,vbe29431,residence,for-sale,1501,buizingen
vlaams-brabant,House,https://immovlan.be/en/detail/residence/for-sale/1501/buizingen/vbe29430,vbe29430,residence,for-sale,1501,buizingen
vlaams-brabant,Apartment,https://immovlan.be/en/detail/apartment/for-sale/3000/leuven/rbw09734,rbw09734,apartment,for-sale,3000,leuven
vlaams-brabant,House,https://immovlan.be/en/detail/mixed-building/for-sale/1730/asse/rbw09716,rbw09716,mixed-building,for-sale,1730,asse
vlaams-brabant,House,https://immovlan.be/en/detail/villa/for-sale/3090/overijse/rbw02936,rbw02936,villa,for-sale,3090,overijse
vlaams-brabant,House,https://immovlan.be/en/detail/residence/for-sale/3090/overijse/rbw02934,rbw02934,residence,for-sale,3090,overijse
vlaams-brabant,House,https://immovlan.be/en/detail/villa/for-sale/3090/overijse/rbw02933,rbw02933,villa,for-sale,3090,overijse
vlaams-brabant,House,https://immovlan.be/en/detail/villa/for-sale/1630/linkebeek/vbe24881,vbe24881,villa,for-sale,1630,linkebeek
vlaams-brabant,House,https://immovlan.be/en/detail/villa/for-sale/3220/sint-pieters-rode/rbv54771,rbv54771,villa,for-sale,3220,sint-pieters-rode
vlaams-brabant,House,https://immovlan.be/en/detail/residence/for-sale/3090/overijse/rbw09655,rbw09655,residence,for-sale,3090,overijse
vlaams-brabant,Apartment,https://immovlan.be/en/detail/apartment/for-sale/1831/diegem/rbv80063,rbv80063,apartment,for-sale,1831,diegem
vlaams-brabant,House,https://immovlan.be/en/detail/cottage/for-sale/1780/wemmel/rbv96581,rbv96581,cottage,for-sale,1780,wemmel
vlaams-brabant,House,https://immovlan.be/en/detail/villa/for-sale/1640/sint-genesius-rode/vbe27348,vbe27348,villa,for-sale,1640,sint-genesius-rode
vlaams-brabant,House,https://immovlan.be/en/detail/villa/for-sale/1640/sint-genesius-rode/vbe29135,vbe29135,villa,for-sale,1640,sint-genesius-rode
vlaams-brabant,House,https://immovlan.be/en/detail/villa/for-sale/1570/galmaarden/rbw09265,rbw09265,villa,for-sale,1570,galmaarden
vlaams-brabant,House,https://immovlan.be/en/detail/residence/for-sale/1840/londerzeel/rbw09188,rbw09188,residence,for-sale,1840,londerzeel
vlaams-brabant,House,https://immovlan.be/en/detail/residence/for-sale/1560/hoeilaart/rbw09125,rbw09125,residence,for-sale,1560,hoeilaart
vlaams-brabant,House,https://immovlan.be/en/detail/villa/for-sale/1950/kraainem/rbw09115,rbw09115,villa,for-sale,1950,kraainem
vlaams-brabant,House,https://immovlan.be/en/detail/bungalow/for-sale/1730/asse/rbw09105,rbw09105,bungalow,for-sale,1730,asse
vlaams-brabant,House,https://immovlan.be/en/detail/villa/for-sale/1770/liedekerke/rbw09058,rbw09058,villa,for-sale,1770,liedekerke
vlaams-brabant,House,https://immovlan.be/en/detail/residence/for-sale/1700/dilbeek/rbw09056,rbw09056,residence,for-sale,1700,dilbeek
vlaams-brabant,House,https://immovlan.be/en/detail/residence/for-sale/1600/sint-pieters-leeuw/rbw09055,rbw09055,residence,for-sale,1600,sint-pieters-leeuw
vlaams-brabant,Apartment,https://immovlan.be/en/detail/apartment/for-sale/1500/halle/rbw11476,rbw11476,apartment,for-sale,1500,halle
vlaams-brabant,House,https://immovlan.be/en/detail/bungalow/for-sale/1500/halle/rbw10918,rbw10918,bungalow,for-sale,1500,halle
vlaams-brabant,House,https://immovlan.be/en/detail/villa/for-sale/1730/asse/rbw10650,rbw10650,villa,for-sale,1730,asse
vlaams-brabant,House,https://immovlan.be/en/detail/villa/for-sale/3040/huldenberg/vbe28951,vbe28951,villa,for-sale,3040,huldenberg
vlaams-brabant,House,https://immovlan.be/en/detail/residence/for-sale/3360/bierbeek/rwc42682,rwc42682,residence,for-sale,3360,bierbeek
vlaams-brabant,Apartment,https://immovlan.be/en/detail/apartment/for-sale/1620/drogenbos/vbe28653,vbe28653,apartment,for-sale,1620,drogenbos
vlaams-brabant,House,https://immovlan.be/en/detail/residence/for-sale/1980/eppegem/rbw04718,rbw04718,residence,for-sale,1980,eppegem
vlaams-brabant,House,https://immovlan.be/en/detail/residence/for-sale/1933/sterrebeek/vbe28338,vbe28338,residence,for-sale,1933,sterrebeek
vlaams-brabant,House,https://immovlan.be/en/detail/residence/for-sale/1570/galmaarden/rbw04067,rbw04067,residence,for-sale,1570,galmaarden
vlaams-brabant,House,https://immovlan.be/en/detail/residence/for-sale/3090/overijse/vbe20753,vbe20753,residence,for-sale,3090,overijse
vlaams-brabant,Apartment,https://immovlan.be/en/detail/apartment/for-sale/1600/sint-pieters-leeuw/rbw01520,rbw01520,apartment,for-sale,1600,sint-pieters-leeuw
vlaams-brabant,House,https://immovlan.be/en/detail/residence/for-sale/1600/sint-pieters-leeuw/rbw01397,rbw01397,residence,for-sale,1600,sint-pieters-leeuw
vlaams-brabant,House,https://immovlan.be/en/detail/residence/for-sale/1702/groot-bijgaarden/rbw01386,rbw01386,residence,for-sale,1702,groot-bijgaarden
vlaams-brabant,House,https://immovlan.be/en/detail/residence/for-sale/3080/tervuren/rbw01306,rbw01306,residence,for-sale,3080,tervuren
vlaams-brabant,House,https://immovlan.be/en/detail/mixed-building/for-sale/3212/pellenberg/rwc42611,rwc42611,mixed-building,for-sale,3212,pellenberg
vlaams-brabant,House,https://immovlan.be/en/detail/residence/for-sale/1950/kraainem/vbe25799,vbe25799,residence,for-sale,1950,kraainem
vlaams-brabant,Apartment,https://immovlan.be/en/detail/ground-floor/for-sale/1830/machelen/rwc33980,rwc33980,ground-floor,for-sale,1830,machelen
vlaams-brabant,House,https://immovlan.be/en/detail/residence/for-sale/1500/halle/rbv96418,rbv96418,residence,for-sale,1500,halle
vlaams-brabant,Apartment,https://immovlan.be/en/detail/apartment/for-sale/1930/zaventem/vbe25066,vbe25066,apartment,for-sale,1930,zaventem
vlaams-brabant,House,https://immovlan.be/en/detail/residence/for-sale/1650/beersel/rbv94127,rbv94127,residence,for-sale,1650,beersel
vlaams-brabant,House,https://immovlan.be/en/detail/residence/for-sale/1933/sterrebeek/rbv93938,rbv93938,residence,for-sale,1933,sterrebeek
vlaams-brabant,House,https://immovlan.be/en/detail/residence/for-sale/1970/wezembeek-oppem/rbv93934,rbv93934,residence,for-sale,1970,wezembeek-oppem
vlaams-brabant,House,https://immovlan.be/en/detail/residence/for-sale/3270/scherpenheuvel-zichem/rbv93865,rbv93865,residence,for-sale,3270,scherpenheuvel-zichem
vlaams-brabant,Apartment,https://immovlan.be/en/detail/loft/for-sale/1785/merchtem/rbu69906,rbu69906,loft,for-sale,1785,merchtem
vlaams-brabant,House,https://immovlan.be/en/detail/residence/for-sale/1600/sint-pieters-leeuw/rbv89444,rbv89444,residence,for-sale,1600,sint-pieters-leeuw
vlaams-brabant,House,https://immovlan.be/en/detail/residence/for-sale/1982/elewijt/rbv88167,rbv88167,residence,for-sale,1982,elewijt
vlaams-brabant,Apartment,https://immovlan.be/en/detail/apartment/for-sale/1785/merchtem/rbv87986,rbv87986,apartment,for-sale,1785,merchtem
vlaams-brabant,Apartment,https://immovlan.be/en/detail/apartment/for-sale/1800/vilvoorde/vbe19848,vbe19848,apartment,for-sale,1800,vilvoorde
vlaams-brabant,House,https://immovlan.be/en/detail/residence/for-sale/1640/sint-genesius-rode/vbe19416,vbe19416,residence,for-sale,1640,sint-genesius-rode
vlaams-brabant,House,https://immovlan.be/en/detail/residence/for-sale/1980/zemst/rbv83289,rbv83289,residence,for-sale,1980,zemst
vlaams-brabant,Apartment,https://immovlan.be/en/detail/triplex/for-sale/1780/wemmel/rbv83284,rbv83284,triplex,for-sale,1780,wemmel
vlaams-brabant,House,https://immovlan.be/en/detail/residence/for-sale/3350/linter/rbv80301,rbv80301,residence,for-sale,3350,linter
vlaams-brabant,Apartment,https://immovlan.be/en/detail/ground-floor/for-sale/1930/nossegem/rbv80087,rbv80087,ground-floor,for-sale,1930,nossegem
vlaams-brabant,Apartment,https://immovlan.be/en/detail/apartment/for-sale/1930/nossegem/rbv80086,rbv80086,apartment,for-sale,1930,nossegem
vlaams-brabant,House,https://immovlan.be/en/detail/residence/for-sale/1600/sint-pieters-leeuw/rbv79401,rbv79401,residence,for-sale,1600,sint-pieters-leeuw
vlaams-brabant,Apartment,https://immovlan.be/en/detail/apartment/for-sale/1780/wemmel/rbv78103,rbv78103,apartment,for-sale,1780,wemmel
vlaams-brabant,House,https://immovlan.be/en/detail/villa/for-sale/3000/leuven/rwc42347,rwc42347,villa,for-sale,3000,leuven
vlaams-brabant,House,https://immovlan.be/en/detail/residence/for-sale/1980/zemst/rbv71153,rbv71153,residence,for-sale,1980,zemst
vlaams-brabant,House,https://immovlan.be/en/detail/residence/for-sale/1540/herfelingen/rbv71105,rbv71105,residence,for-sale,1540,herfelingen
vlaams-brabant,House,https://immovlan.be/en/detail/residence/for-sale/1502/lembeek/rbv70376,rbv70376,residence,for-sale,1502,lembeek
vlaams-brabant,House,https://immovlan.be/en/detail/villa/for-sale/1500/halle/rbv70186,rbv70186,villa,for-sale,1500,halle
vlaams-brabant,House,https://immovlan.be/en/detail/residence/for-sale/3090/overijse/vbe09475,vbe09475,residence,for-sale,3090,overijse
vlaams-brabant,House,https://immovlan.be/en/detail/residence/for-sale/1800/vilvoorde/rbv68790,rbv68790,residence,for-sale,1800,vilvoorde
vlaams-brabant,House,https://immovlan.be/en/detail/residence/for-sale/1502/lembeek/rbv66426,rbv66426,residence,for-sale,1502,lembeek
vlaams-brabant,Apartment,https://immovlan.be/en/detail/apartment/for-sale/1620/drogenbos/rbv65016,rbv65016,apartment,for-sale,1620,drogenbos
vlaams-brabant,Apartment,https://immovlan.be/en/detail/apartment/for-sale/1600/sint-pieters-leeuw/rbv62395,rbv62395,apartment,for-sale,1600,sint-pieters-leeuw
vlaams-brabant,Apartment,https://immovlan.be/en/detail/apartment/for-sale/1500/halle/rbv47458,rbv47458,apartment,for-sale,1500,halle
vlaams-brabant,House,https://immovlan.be/en/detail/villa/for-sale/3210/lubbeek/rwc42027,rwc42027,villa,for-sale,3210,lubbeek
vlaams-brabant,House,https://immovlan.be/en/detail/residence/for-sale/1640/sint-genesius-rode/rbv35497,rbv35497,residence,for-sale,1640,sint-genesius-rode
vlaams-brabant,Apartment,https://immovlan.be/en/detail/duplex/for-sale/3150/haacht/rbv31078,rbv31078,duplex,for-sale,3150,haacht
vlaams-brabant,Apartment,https://immovlan.be/en/detail/apartment/for-sale/3080/tervuren/vbd88569,vbd88569,apartment,for-sale,3080,tervuren
vlaams-brabant,Apartment,https://immovlan.be/en/detail/apartment/for-sale/3080/tervuren/rbu82927,rbu82927,apartment,for-sale,3080,tervuren
vlaams-brabant,House,https://immovlan.be/en/detail/residence/for-sale/1980/zemst/rbv23989,rbv23989,residence,for-sale,1980,zemst
vlaams-brabant,House,https://immovlan.be/en/detail/residence/for-sale/1500/halle/rbv23969,rbv23969,residence,for-sale,1500,halle
vlaams-brabant,House,https://immovlan.be/en/detail/residence/for-sale/1600/sint-pieters-leeuw/rbv11898,rbv11898,residence,for-sale,1600,sint-pieters-leeuw
vlaams-brabant,House,https://immovlan.be/en/detail/villa/for-sale/1933/sterrebeek/rbv11235,rbv11235,villa,for-sale,1933,sterrebeek
vlaams-brabant,House,https://immovlan.be/en/detail/residence/for-sale/1730/asse/vbd65753,vbd65753,residence,for-sale,1730,asse
vlaams-brabant,House,https://immovlan.be/en/detail/residence/for-sale/3070/kortenberg/rbv00850,rbv00850,residence,for-sale,3070,kortenberg
vlaams-brabant,House,https://immovlan.be/en/detail/residence/for-sale/3070/kortenberg/rbv00849,rbv00849,residence,for-sale,3070,kortenberg
vlaams-brabant,Apartment,https://immovlan.be/en/detail/apartment/for-sale/1785/merchtem/rbu95018,rbu95018,apartment,for-sale,1785,merchtem
vlaams-brabant,House,https://immovlan.be/en/detail/villa/for-sale/3370/boutersem/rbu88002,rbu88002,villa,for-sale,3370,boutersem
vlaams-brabant,House,https://immovlan.be/en/detail/residence/for-sale/1982/elewijt/rbu82602,rbu82602,residence,for-sale,1982,elewijt
vlaams-brabant,Apartment,https://immovlan.be/en/detail/apartment/for-sale/1831/diegem/rbu58362,rbu58362,apartment,for-sale,1831,diegem
vlaams-brabant,Apartment,https://immovlan.be/en/detail/apartment/for-sale/1831/diegem/rbu58361,rbu58361,apartment,for-sale,1831,diegem
vlaams-brabant,Apartment,https://immovlan.be/en/detail/apartment/for-sale/1831/diegem/rbu58360,rbu58360,apartment,for-sale,1831,diegem
vlaams-brabant,Apartment,https://immovlan.be/en/detail/apartment/for-sale/1831/diegem/rbu58359,rbu58359,apartment,for-sale,1831,diegem
vlaams-brabant,Apartment,https://immovlan.be/en/detail/apartment/for-sale/1785/merchtem/rbu45746,rbu45746,apartment,for-sale,1785,merchtem
vlaams-brabant,Apartment,https://immovlan.be/en/detail/apartment/for-sale/1601/ruisbroek/rbu22585,rbu22585,apartment,for-sale,1601,ruisbroek
vlaams-brabant,House,https://immovlan.be/en/detail/residence/for-sale/1800/vilvoorde/rbt15330,rbt15330,residence,for-sale,1800,vilvoorde
vlaams-brabant,House,https://immovlan.be/en/detail/cottage/for-sale/1602/vlezenbeek/rbs84558,rbs84558,cottage,for-sale,1602,vlezenbeek
vlaams-brabant,House,https://immovlan.be/en/detail/residence/for-sale/3470/kortenaken/rwc38683,rwc38683,residence,for-sale,3470,kortenaken
vlaams-brabant,House,https://immovlan.be/en/detail/residence/for-sale/1540/herne/rbw08992,rbw08992,residence,for-sale,1540,herne
vlaams-brabant,House,https://immovlan.be/en/detail/villa/for-sale/3120/tremelo/rwc42691,rwc42691,villa,for-sale,3120,tremelo
vlaams-brabant,Apartment,https://immovlan.be/en/detail/studio/for-sale/3001/heverlee/rbw08985,rbw08985,studio,for-sale,3001,heverlee
vlaams-brabant,House,https://immovlan.be/en/detail/residence/for-sale/3020/veltem-beisem/rbw08982,rbw08982,residence,for-sale,3020,veltem-beisem
vlaams-brabant,House,https://immovlan.be/en/detail/residence/for-sale/1630/linkebeek/vbe28811,vbe28811,residence,for-sale,1630,linkebeek
vlaams-brabant,Apartment,https://immovlan.be/en/detail/loft/for-sale/1651/lot/vbe28784,vbe28784,loft,for-sale,1651,lot
vlaams-brabant,Apartment,https://immovlan.be/en/detail/loft/for-sale/1651/lot/vbe28783,vbe28783,loft,for-sale,1651,lot
vlaams-brabant,House,https://immovlan.be/en/detail/residence/for-sale/3040/huldenberg/rbw08887,rbw08887,residence,for-sale,3040,huldenberg
vlaams-brabant,Apartment,https://immovlan.be/en/detail/apartment/for-sale/1932/woluwe-saint-etienne/vbe28770,vbe28770,apartment,for-sale,1932,woluwe-saint-etienne
vlaams-brabant,House,https://immovlan.be/en/detail/residence/for-sale/1800/vilvoorde/rbv73738,rbv73738,residence,for-sale,1800,vilvoorde
antwerpen,Apartment,https://immovlan.be/en/detail/apartment/for-sale/2390/oostmalle/rbw20430,rbw20430,apartment,for-sale,2390,oostmalle
antwerpen,Apartment,https://immovlan.be/en/detail/penthouse/for-sale/2500/lier/rbw20388,rbw20388,penthouse,for-sale,2500,lier
antwerpen,House,https://immovlan.be/en/detail/residence/for-sale/2800/mechelen/rbw19637,rbw19637,residence,for-sale,2800,mechelen
antwerpen,House,https://immovlan.be/en/detail/residence/for-sale/2490/balen/rbw19131,rbw19131,residence,for-sale,2490,balen
antwerpen,Apartment,https://immovlan.be/en/detail/apartment/for-sale/2610/wilrijk/rbw19129,rbw19129,apartment,for-sale,2610,wilrijk
antwerpen,House,https://immovlan.be/en/detail/residence/for-sale/2340/beerse/rbw18283,rbw18283,residence,for-sale,2340,beerse
antwerpen,House,https://immovlan.be/en/detail/residence/for-sale/2980/zoersel/rbw18281,rbw18281,residence,for-sale,2980,zoersel
antwerpen,House,https://immovlan.be/en/detail/residence/for-sale/2560/kessel/rbw18235,rbw18235,residence,for-sale,2560,kessel
antwerpen,Apartment,https://immovlan.be/en/detail/apartment/for-sale/2600/berchem/rbw18132,rbw18132,apartment,for-sale,2600,berchem
antwerpen,Apartment,https://immovlan.be/en/detail/apartment/for-sale/2060/antwerp/rbw18119,rbw18119,apartment,for-sale,2060,antwerp
antwerpen,Apartment,https://immovlan.be/en/detail/apartment/for-sale/2500/lier/rbw17632,rbw17632,apartment,for-sale,2500,lier
antwerpen,House,https://immovlan.be/en/detail/residence/for-sale/2800/mechelen/rbw17564,rbw17564,residence,for-sale,2800,mechelen
antwerpen,House,https://immovlan.be/en/detail/residence/for-sale/2200/noorderwijk/rbw17211,rbw17211,residence,for-sale,2200,noorderwijk
antwerpen,House,https://immovlan.be/en/detail/residence/for-sale/2620/hemiksem/rbw17177,rbw17177,residence,for-sale,2620,hemiksem
antwerpen,House,https://immovlan.be/en/detail/residence/for-sale/2430/vorst/rbw16424,rbw16424,residence,for-sale,2430,vorst
antwerpen,Apartment,https://immovlan.be/en/detail/apartment/for-sale/2300/turnhout/rbw16205,rbw16205,apartment,for-sale,2300,turnhout
antwerpen,House,https://immovlan.be/en/detail/residence/for-sale/2440/geel/rbw16116,rbw16116,residence,for-sale,2440,geel
antwerpen,Apartment,https://immovlan.be/en/detail/studio/for-sale/2000/antwerp/rbw16107,rbw16107,studio,for-sale,2000,antwerp
antwerpen,House,https://immovlan.be/en/detail/residence/for-sale/2300/turnhout/rbw13423,rbw13423,residence,for-sale,2300,turnhout
antwerpen,House,https://immovlan.be/en/detail/residence/for-sale/2470/retie/rbw13401,rbw13401,residence,for-sale,2470,retie
antwerpen,House,https://immovlan.be/en/detail/residence/for-sale/2840/rumst/rbw13365,rbw13365,residence,for-sale,2840,rumst
antwerpen,Apartment,https://immovlan.be/en/detail/apartment/for-sale/2610/wilrijk/rbw12762,rbw12762,apartment,for-sale,2610,wilrijk
antwerpen,Apartment,https://immovlan.be/en/detail/apartment/for-sale/2500/lier/rbw12534,rbw12534,apartment,for-sale,2500,lier
antwerpen,House,https://immovlan.be/en/detail/residence/for-sale/2400/mol/rbw12346,rbw12346,residence,for-sale,2400,mol
antwerpen,House,https://immovlan.be/en/detail/residence/for-sale/2390/malle/rbw11119,rbw11119,residence,for-sale,2390,malle
antwerpen,House,https://immovlan.be/en/detail/residence/for-sale/2321/meer/rbw11108,rbw11108,residence,for-sale,2321,meer
antwerpen,House,https://immovlan.be/en/detail/residence/for-sale/2560/nijlen/rbw10751,rbw10751,residence,for-sale,2560,nijlen
antwerpen,House,https://immovlan.be/en/detail/residence/for-sale/2830/willebroek/rbw11879,rbw11879,residence,for-sale,2830,willebroek
antwerpen,House,https://immovlan.be/en/detail/residence/for-sale/2812/muizen/rbw23904,rbw23904,residence,for-sale,2812,muizen
antwerpen,Apartment,https://immovlan.be/en/detail/apartment/for-sale/2020/antwerp/rbw23897,rbw23897,apartment,for-sale,2020,antwerp
antwerpen,Apartment,https://immovlan.be/en/detail/apartment/for-sale/2600/berchem/rbw23896,rbw23896,apartment,for-sale,2600,berchem
antwerpen,Apartment,https://immovlan.be/en/detail/apartment/for-sale/2018/antwerp/rbw23895,rbw23895,apartment,for-sale,2018,antwerp
antwerpen,House,https://immovlan.be/en/detail/residence/for-sale/2812/muizen/rbw23878,rbw23878,residence,for-sale,2812,muizen
antwerpen,House,https://immovlan.be/en/detail/residence/for-sale/2800/mechelen/rbw23873,rbw23873,residence,for-sale,2800,mechelen
antwerpen,House,https://immovlan.be/en/detail/residence/for-sale/2820/bonheiden/rbw23872,rbw23872,residence,for-sale,2820,bonheiden
antwerpen,House,https://immovlan.be/en/detail/residence/for-sale/2570/duffel/rbw23866,rbw23866,residence,for-sale,2570,duffel
antwerpen,House,https://immovlan.be/en/detail/residence/for-sale/2570/duffel/rbw23865,rbw23865,residence,for-sale,2570,duffel
antwerpen,Apartment,https://immovlan.be/en/detail/penthouse/for-sale/2018/antwerp/rbw23864,rbw23864,penthouse,for-sale,2018,antwerp
antwerpen,Apartment,https://immovlan.be/en/detail/apartment/for-sale/2200/herentals/rbw23846,rbw23846,apartment,for-sale,2200,herentals
antwerpen,Apartment,https://immovlan.be/en/detail/apartment/for-sale/2200/herentals/rbw23845,rbw23845,apartment,for-sale,2200,herentals
antwerpen,Apartment,https://immovlan.be/en/detail/apartment/for-sale/2200/herentals/rbw23844,rbw23844,apartment,for-sale,2200,herentals
antwerpen,Apartment,https://immovlan.be/en/detail/apartment/for-sale/2200/herentals/rbw23843,rbw23843,apartment,for-sale,2200,herentals
antwerpen,Apartment,https://immovlan.be/en/detail/apartment/for-sale/2200/herentals/rbw23842,rbw23842,apartment,for-sale,2200,herentals
antwerpen,Apartment,https://immovlan.be/en/detail/apartment/for-sale/2200/herentals/rbw23841,rbw23841,apartment,for-sale,2200,herentals
antwerpen,Apartment,https://immovlan.be/en/detail/ground-floor/for-sale/2200/herentals/rbw23840,rbw23840,ground-floor,for-sale,2200,herentals
antwerpen,Apartment,https://immovlan.be/en/detail/apartment/for-sale/2200/herentals/rbw23836,rbw23836,apartment,for-sale,2200,herentals
antwerpen,Apartment,https://immovlan.be/en/detail/apartment/for-sale/2200/herentals/rbw23832,rbw23832,apartment,for-sale,2200,herentals
antwerpen,House,https://immovlan.be/en/detail/residence/for-sale/2390/malle/rbw23825,rbw23825,residence,for-sale,2390,malle
antwerpen,Apartment,https://immovlan.be/en/detail/apartment/for-sale/2300/turnhout/rbw23757,rbw23757,apartment,for-sale,2300,turnhout
antwerpen,Apartment,https://immovlan.be/en/detail/apartment/for-sale/2300/turnhout/rbw23756,rbw23756,apartment,for-sale,2300,turnhout
antwerpen,Apartment,https://immovlan.be/en/detail/apartment/for-sale/2300/turnhout/rbw23755,rbw23755,apartment,for-sale,2300,turnhout
antwerpen,Apartment,https://immovlan.be/en/detail/apartment/for-sale/2300/turnhout/rbw23754,rbw23754,apartment,for-sale,2300,turnhout
antwerpen,Apartment,https://immovlan.be/en/detail/apartment/for-sale/2300/turnhout/rbw23753,rbw23753,apartment,for-sale,2300,turnhout
antwerpen,Apartment,https://immovlan.be/en/detail/apartment/for-sale/2300/turnhout/rbw23752,rbw23752,apartment,for-sale,2300,turnhout
antwerpen,House,https://immovlan.be/en/detail/residence/for-sale/2300/turnhout/rbw23751,rbw23751,residence,for-sale,2300,turnhout
antwerpen,House,https://immovlan.be/en/detail/residence/for-sale/2470/retie/rbw23750,rbw23750,residence,for-sale,2470,retie
antwerpen,Apartment,https://immovlan.be/en/detail/apartment/for-sale/2150/borsbeek/rbw23746,rbw23746,apartment,for-sale,2150,borsbeek
antwerpen,House,https://immovlan.be/en/detail/residence/for-sale/2400/mol/rbw23744,rbw23744,residence,for-sale,2400,mol
antwerpen,Apartment,https://immovlan.be/en/detail/apartment/for-sale/2440/geel/rbw23742,rbw23742,apartment,for-sale,2440,geel
antwerpen,House,https://immovlan.be/en/detail/residence/for-sale/2260/oevel/rbw23741,rbw23741,residence,for-sale,2260,oevel
antwerpen,House,https://immovlan.be/en/detail/residence/for-sale/2260/westerlo/rbw23740,rbw23740,residence,for-sale,2260,westerlo
antwerpen,Apartment,https://immovlan.be/en/detail/apartment/for-sale/2440/geel/rbw23739,rbw23739,apartment,for-sale,2440,geel
antwerpen,Apartment,https://immovlan.be/en/detail/apartment/for-sale/2500/lier/rbw23733,rbw23733,apartment,for-sale,2500,lier
antwerpen,House,https://immovlan.be/en/detail/residence/for-sale/2500/lier/rbw23732,rbw23732,residence,for-sale,2500,lier
antwerpen,Apartment,https://immovlan.be/en/detail/apartment/for-sale/2590/berlaar/rbw23712,rbw23712,apartment,for-sale,2590,berlaar
antwerpen,House,https://immovlan.be/en/detail/residence/for-sale/2220/heist-op-den-berg/rbw23711,rbw23711,residence,for-sale,2220,heist-op-den-berg
antwerpen,House,https://immovlan.be/en/detail/residence/for-sale/2590/berlaar/rbw23710,rbw23710,residence,for-sale,2590,berlaar
antwerpen,House,https://immovlan.be/en/detail/residence/for-sale/2180/ekeren/rbw23709,rbw23709,residence,for-sale,2180,ekeren
antwerpen,Apartment,https://immovlan.be/en/detail/penthouse/for-sale/2100/deurne/rbw23708,rbw23708,penthouse,for-sale,2100,deurne
antwerpen,House,https://immovlan.be/en/detail/residence/for-sale/2930/brasschaat/rbw23706,rbw23706,residence,for-sale,2930,brasschaat
antwerpen,Apartment,https://immovlan.be/en/detail/apartment/for-sale/2000/antwerp/rbw23702,rbw23702,apartment,for-sale,2000,antwerp
antwerpen,Apartment,https://immovlan.be/en/detail/apartment/for-sale/2140/borgerhout/rbw23700,rbw23700,apartment,for-sale,2140,borgerhout
antwerpen,Apartment,https://immovlan.be/en/detail/apartment/for-sale/2050/antwerp/rbw23698,rbw23698,apartment,for-sale,2050,antwerp
antwerpen,Apartment,https://immovlan.be/en/detail/studio/for-sale/2018/antwerp/rbw23686,rbw23686,studio,for-sale,2018,antwerp
antwerpen,House,https://immovlan.be/en/detail/residence/for-sale/2880/bornem/rbw23685,rbw23685,residence,for-sale,2880,bornem
antwerpen,House,https://immovlan.be/en/detail/residence/for-sale/2400/mol/rbw23679,rbw23679,residence,for-sale,2400,mol
antwerpen,Apartment,https://immovlan.be/en/detail/apartment/for-sale/2020/antwerp/rbw23671,rbw23671,apartment,for-sale,2020,antwerp
antwerpen,Apartment,https://immovlan.be/en/detail/apartment/for-sale/2660/hoboken/rbw23621,rbw23621,apartment,for-sale,2660,hoboken
antwerpen,Apartment,https://immovlan.be/en/detail/apartment/for-sale/2660/hoboken/rbw23620,rbw23620,apartment,for-sale,2660,hoboken
antwerpen,Apartment,https://immovlan.be/en/detail/apartment/for-sale/2800/mechelen/rbw20631,rbw20631,apartment,for-sale,2800,mechelen
antwerpen,House,https://immovlan.be/en/detail/villa/for-sale/2570/duffel/rbw20463,rbw20463,villa,for-sale,2570,duffel
antwerpen,Apartment,https://immovlan.be/en/detail/ground-floor/for-sale/2610/wilrijk/rbw20385,rbw20385,ground-floor,for-sale,2610,wilrijk
antwerpen,House,https://immovlan.be/en/detail/master-house/for-sale/2600/berchem/rbw20384,rbw20384,master-house,for-sale,2600,berchem
antwerpen,Apartment,https://immovlan.be/en/detail/duplex/for-sale/2910/essen/rbw20382,rbw20382,duplex,for-sale,2910,essen
antwerpen,House,https://immovlan.be/en/detail/residence/for-sale/2610/wilrijk/rbw20365,rbw20365,residence,for-sale,2610,wilrijk
antwerpen,House,https://immovlan.be/en/detail/residence/for-sale/2570/duffel/rbw20364,rbw20364,residence,for-sale,2570,duffel
antwerpen,Apartment,https://immovlan.be/en/detail/apartment/for-sale/2440/geel/rbw20356,rbw20356,apartment,for-sale,2440,geel
antwerpen,Apartment,https://immovlan.be/en/detail/apartment/for-sale/2100/deurne/rbw20354,rbw20354,apartment,for-sale,2100,deurne
antwerpen,Apartment,https://immovlan.be/en/detail/apartment/for-sale/2640/mortsel/rbw20353,rbw20353,apartment,for-sale,2640,mortsel
antwerpen,Apartment,https://immovlan.be/en/detail/apartment/for-sale/2640/mortsel/rbw20352,rbw20352,apartment,for-sale,2640,mortsel
antwerpen,Apartment,https://immovlan.be/en/detail/studio/for-sale/2018/antwerp/rbw20351,rbw20351,studio,for-sale,2018,antwerp
antwerpen,House,https://immovlan.be/en/detail/residence/for-sale/2800/mechelen/rbw20341,rbw20341,residence,for-sale,2800,mechelen
antwerpen,House,https://immovlan.be/en/detail/residence/for-sale/2220/heist-op-den-berg/rbw20325,rbw20325,residence,for-sale,2220,heist-op-den-berg
antwerpen,House,https://immovlan.be/en/detail/residence/for-sale/2531/vremde/rbw20305,rbw20305,residence,for-sale,2531,vremde
antwerpen,Apartment,https://immovlan.be/en/detail/apartment/for-sale/2000/antwerp/rbw20304,rbw20304,apartment,for-sale,2000,antwerp
antwerpen,Apartment,https://immovlan.be/en/detail/apartment/for-sale/2000/antwerp/rbw20303,rbw20303,apartment,for-sale,2000,antwerp
antwerpen,Apartment,https://immovlan.be/en/detail/apartment/for-sale/2000/antwerp/rbw20302,rbw20302,apartment,for-sale,2000,antwerp
antwerpen,Apartment,https://immovlan.be/en/detail/apartment/for-sale/2020/antwerp/rbw20217,rbw20217,apartment,for-sale,2020,antwerp
antwerpen,House,https://immovlan.be/en/detail/residence/for-sale/2560/kessel/rbw20175,rbw20175,residence,for-sale,2560,kessel
antwerpen,House,https://immovlan.be/en/detail/residence/for-sale/2180/ekeren/rbw20124,rbw20124,residence,for-sale,2180,ekeren
antwerpen,House,https://immovlan.be/en/detail/residence/for-sale/2880/bornem/rbw19900,rbw19900,residence,for-sale,2880,bornem
antwerpen,House,https://immovlan.be/en/detail/residence/for-sale/2390/westmalle/rbw19803,rbw19803,residence,for-sale,2390,westmalle
antwerpen,House,https://immovlan.be/en/detail/residence/for-sale/2560/kessel/rbw19798,rbw19798,residence,for-sale,2560,kessel
antwerpen,House,https://immovlan.be/en/detail/residence/for-sale/2235/westmeerbeek/rbw19794,rbw19794,residence,for-sale,2235,westmeerbeek
antwerpen,House,https://immovlan.be/en/detail/residence/for-sale/2531/vremde/rbw19792,rbw19792,residence,for-sale,2531,vremde
antwerpen,Apartment,https://immovlan.be/en/detail/apartment/for-sale/2650/edegem/rbw19791,rbw19791,apartment,for-sale,2650,edegem
antwerpen,Apartment,https://immovlan.be/en/detail/apartment/for-sale/2930/brasschaat/rbw19787,rbw19787,apartment,for-sale,2930,brasschaat
antwerpen,Apartment,https://immovlan.be/en/detail/apartment/for-sale/2000/antwerp/rbw19771,rbw19771,apartment,for-sale,2000,antwerp
antwerpen,House,https://immovlan.be/en/detail/residence/for-sale/2300/turnhout/rbw19770,rbw19770,residence,for-sale,2300,turnhout
antwerpen,House,https://immovlan.be/en/detail/residence/for-sale/2450/meerhout/rbw19761,rbw19761,residence,for-sale,2450,meerhout
antwerpen,House,https://immovlan.be/en/detail/residence/for-sale/2830/blaasveld/rbw19759,rbw19759,residence,for-sale,2830,blaasveld
antwerpen,House,https://immovlan.be/en/detail/residence/for-sale/2560/nijlen/rbw19758,rbw19758,residence,for-sale,2560,nijlen
antwerpen,Apartment,https://immovlan.be/en/detail/ground-floor/for-sale/2100/deurne/rbw19757,rbw19757,ground-floor,for-sale,2100,deurne
antwerpen,House,https://immovlan.be/en/detail/residence/for-sale/2040/berendrecht/rbw19756,rbw19756,residence,for-sale,2040,berendrecht
antwerpen,House,https://immovlan.be/en/detail/residence/for-sale/2950/kapellen/rbw19755,rbw19755,residence,for-sale,2950,kapellen
antwerpen,House,https://immovlan.be/en/detail/residence/for-sale/2500/lier/rbw19754,rbw19754,residence,for-sale,2500,lier
antwerpen,Apartment,https://immovlan.be/en/detail/apartment/for-sale/2100/deurne/rbw19716,rbw19716,apartment,for-sale,2100,deurne
antwerpen,House,https://immovlan.be/en/detail/residence/for-sale/2610/wilrijk/rbw19715,rbw19715,residence,for-sale,2610,wilrijk
antwerpen,House,https://immovlan.be/en/detail/residence/for-sale/2930/brasschaat/rbw19713,rbw19713,residence,for-sale,2930,brasschaat
antwerpen,House,https://immovlan.be/en/detail/residence/for-sale/2845/niel/rbw19698,rbw19698,residence,for-sale,2845,niel
antwerpen,House,https://immovlan.be/en/detail/residence/for-sale/2200/morkhoven/rbw19687,rbw19687,residence,for-sale,2200,morkhoven
antwerpen,Apartment,https://immovlan.be/en/detail/apartment/for-sale/2018/antwerp/rbw19686,rbw19686,apartment,for-sale,2018,antwerp
antwerpen,Apartment,https://immovlan.be/en/detail/apartment/for-sale/2440/geel/rbw19677,rbw19677,apartment,for-sale,2440,geel
antwerpen,House,https://immovlan.be/en/detail/residence/for-sale/2288/bouwel/rbw19675,rbw19675,residence,for-sale,2288,bouwel
antwerpen,Apartment,https://immovlan.be/en/detail/ground-floor/for-sale/2235/westmeerbeek/rbw19661,rbw19661,ground-floor,for-sale,2235,westmeerbeek
antwerpen,Apartment,https://immovlan.be/en/detail/apartment/for-sale/2100/deurne/rbw19641,rbw19641,apartment,for-sale,2100,deurne
antwerpen,House,https://immovlan.be/en/detail/residence/for-sale/2170/merksem/rbw19640,rbw19640,residence,for-sale,2170,merksem
antwerpen,House,https://immovlan.be/en/detail/residence/for-sale/2830/willebroek/rbw19630,rbw19630,residence,for-sale,2830,willebroek
antwerpen,Apartment,https://immovlan.be/en/detail/apartment/for-sale/2310/rijkevorsel/rbw19620,rbw19620,apartment,for-sale,2310,rijkevorsel
antwerpen,House,https://immovlan.be/en/detail/residence/for-sale/2960/brecht/rbw19619,rbw19619,residence,for-sale,2960,brecht
antwerpen,Apartment,https://immovlan.be/en/detail/apartment/for-sale/2640/mortsel/rbw19618,rbw19618,apartment,for-sale,2640,mortsel
antwerpen,Apartment,https://immovlan.be/en/detail/apartment/for-sale/2060/antwerp/rbw19609,rbw19609,apartment,for-sale,2060,antwerp
antwerpen,Apartment,https://immovlan.be/en/detail/apartment/for-sale/2800/mechelen/rbw19598,rbw19598,apartment,for-sale,2800,mechelen
antwerpen,House,https://immovlan.be/en/detail/residence/for-sale/2490/balen/rbw19596,rbw19596,residence,for-sale,2490,balen
antwerpen,House,https://immovlan.be/en/detail/residence/for-sale/2180/ekeren/rbw19587,rbw19587,residence,for-sale,2180,ekeren
antwerpen,House,https://immovlan.be/en/detail/residence/for-sale/2400/mol/rbw19586,rbw19586,residence,for-sale,2400,mol
antwerpen,House,https://immovlan.be/en/detail/residence/for-sale/2640/mortsel/rbw19496,rbw19496,residence,for-sale,2640,mortsel
antwerpen,Apartment,https://immovlan.be/en/detail/triplex/for-sale/2800/mechelen/rbw19495,rbw19495,triplex,for-sale,2800,mechelen
antwerpen,Apartment,https://immovlan.be/en/detail/apartment/for-sale/2018/antwerp/rbw19492,rbw19492,apartment,for-sale,2018,antwerp
antwerpen,Apartment,https://immovlan.be/en/detail/apartment/for-sale/2018/antwerp/rbw19491,rbw19491,apartment,for-sale,2018,antwerp
antwerpen,House,https://immovlan.be/en/detail/residence/for-sale/2840/rumst/rbw19473,rbw19473,residence,for-sale,2840,rumst
antwerpen,House,https://immovlan.be/en/detail/residence/for-sale/2840/rumst/rbw19472,rbw19472,residence,for-sale,2840,rumst
antwerpen,House,https://immovlan.be/en/detail/residence/for-sale/2840/rumst/rbw19466,rbw19466,residence,for-sale,2840,rumst
antwerpen,House,https://immovlan.be/en/detail/residence/for-sale/2460/kasterlee/rbw19387,rbw19387,residence,for-sale,2460,kasterlee
antwerpen,House,https://immovlan.be/en/detail/residence/for-sale/2500/lier/rbw19348,rbw19348,residence,for-sale,2500,lier
antwerpen,House,https://immovlan.be/en/detail/residence/for-sale/2500/lier/rbw19347,rbw19347,residence,for-sale,2500,lier
antwerpen,House,https://immovlan.be/en/detail/residence/for-sale/2500/lier/rbw19346,rbw19346,residence,for-sale,2500,lier
antwerpen,House,https://immovlan.be/en/detail/residence/for-sale/2800/mechelen/rbw19342,rbw19342,residence,for-sale,2800,mechelen
antwerpen,House,https://immovlan.be/en/detail/residence/for-sale/2220/heist-op-den-berg/rbw19334,rbw19334,residence,for-sale,2220,heist-op-den-berg
antwerpen,Apartment,https://immovlan.be/en/detail/apartment/for-sale/2220/heist-op-den-berg/rbw19324,rbw19324,apartment,for-sale,2220,heist-op-den-berg
antwerpen,Apartment,https://immovlan.be/en/detail/apartment/for-sale/2100/deurne/rbw19323,rbw19323,apartment,for-sale,2100,deurne
antwerpen,Apartment,https://immovlan.be/en/detail/apartment/for-sale/2100/deurne/rbw19322,rbw19322,apartment,for-sale,2100,deurne
antwerpen,House,https://immovlan.be/en/detail/residence/for-sale/2660/hoboken/rbw19285,rbw19285,residence,for-sale,2660,hoboken
antwerpen,House,https://immovlan.be/en/detail/residence/for-sale/2610/wilrijk/rbw19284,rbw19284,residence,for-sale,2610,wilrijk
antwerpen,Apartment,https://immovlan.be/en/detail/apartment/for-sale/2000/antwerp/rbw19283,rbw19283,apartment,for-sale,2000,antwerp
antwerpen,Apartment,https://immovlan.be/en/detail/apartment/for-sale/2660/hoboken/rbw19269,rbw19269,apartment,for-sale,2660,hoboken
antwerpen,Apartment,https://immovlan.be/en/detail/apartment/for-sale/2050/antwerp/rbw19263,rbw19263,apartment,for-sale,2050,antwerp
antwerpen,Apartment,https://immovlan.be/en/detail/apartment/for-sale/2100/deurne/rbw19260,rbw19260,apartment,for-sale,2100,deurne
antwerpen,Apartment,https://immovlan.be/en/detail/apartment/for-sale/2845/niel/rbw19254,rbw19254,apartment,for-sale,2845,niel
antwerpen,House,https://immovlan.be/en/detail/residence/for-sale/2550/kontich/rbw19253,rbw19253,residence,for-sale,2550,kontich
antwerpen,House,https://immovlan.be/en/detail/residence/for-sale/2550/kontich/rbw19252,rbw19252,residence,for-sale,2550,kontich
antwerpen,House,https://immovlan.be/en/detail/residence/for-sale/2830/willebroek/rbw19246,rbw19246,residence,for-sale,2830,willebroek
antwerpen,House,https://immovlan.be/en/detail/residence/for-sale/2830/willebroek/rbw19245,rbw19245,residence,for-sale,2830,willebroek
antwerpen,Apartment,https://immovlan.be/en/detail/apartment/for-sale/2000/antwerp/rbw19244,rbw19244,apartment,for-sale,2000,antwerp
antwerpen,Apartment,https://immovlan.be/en/detail/apartment/for-sale/2660/hoboken/rbw19217,rbw19217,apartment,for-sale,2660,hoboken
antwerpen,House,https://immovlan.be/en/detail/residence/in-public-sale/2610/wilrijk/rbw19204,rbw19204,residence,in-public-sale,2610,wilrijk
antwerpen,House,https://immovlan.be/en/detail/residence/for-sale/2800/mechelen/rbw19175,rbw19175,residence,for-sale,2800,mechelen
antwerpen,Apartment,https://immovlan.be/en/detail/apartment/for-sale/2000/antwerp/rbw19174,rbw19174,apartment,for-sale,2000,antwerp
antwerpen,Apartment,https://immovlan.be/en/detail/apartment/for-sale/2018/antwerp/rbw19173,rbw19173,apartment,for-sale,2018,antwerp
antwerpen,House,https://immovlan.be/en/detail/residence/for-sale/2290/vorselaar/rbw19141,rbw19141,residence,for-sale,2290,vorselaar
antwerpen,House,https://immovlan.be/en/detail/residence/for-sale/2275/lille/rbw19138,rbw19138,residence,for-sale,2275,lille
antwerpen,House,https://immovlan.be/en/detail/residence/for-sale/2480/dessel/rbw19135,rbw19135,residence,for-sale,2480,dessel
antwerpen,Apartment,https://immovlan.be/en/detail/apartment/for-sale/2300/turnhout/rbw19133,rbw19133,apartment,for-sale,2300,turnhout
antwerpen,House,https://immovlan.be/en/detail/residence/for-sale/2500/lier/rbw19130,rbw19130,residence,for-sale,2500,lier
antwerpen,House,https://immovlan.be/en/detail/residence/for-sale/2800/mechelen/rbw19128,rbw19128,residence,for-sale,2800,mechelen
antwerpen,House,https://immovlan.be/en/detail/residence/for-sale/2610/wilrijk/rbw19114,rbw19114,residence,for-sale,2610,wilrijk
antwerpen,House,https://immovlan.be/en/detail/residence/for-sale/2610/wilrijk/rbw19113,rbw19113,residence,for-sale,2610,wilrijk
antwerpen,Apartment,https://immovlan.be/en/detail/duplex/for-sale/2110/wijnegem/rwc42781,rwc42781,duplex,for-sale,2110,wijnegem
antwerpen,House,https://immovlan.be/en/detail/villa/for-sale/2547/lint/rbw19103,rbw19103,villa,for-sale,2547,lint
antwerpen,House,https://immovlan.be/en/detail/master-house/for-sale/2000/antwerp/rbw19101,rbw19101,master-house,for-sale,2000,antwerp
antwerpen,House,https://immovlan.be/en/detail/residence/for-sale/2630/aartselaar/rbw19090,rbw19090,residence,for-sale,2630,aartselaar
antwerpen,House,https://immovlan.be/en/detail/residence/for-sale/2440/geel/rwc42776,rwc42776,residence,for-sale,2440,geel
antwerpen,Apartment,https://immovlan.be/en/detail/studio/for-sale/2000/antwerp/rbw19065,rbw19065,studio,for-sale,2000,antwerp
antwerpen,House,https://immovlan.be/en/detail/residence/for-sale/2160/wommelgem/rbw19033,rbw19033,residence,for-sale,2160,wommelgem
antwerpen,House,https://immovlan.be/en/detail/residence/for-sale/2235/hulshout/rbw19011,rbw19011,residence,for-sale,2235,hulshout
antwerpen,House,https://immovlan.be/en/detail/residence/for-sale/2580/beerzel/rbw18843,rbw18843,residence,for-sale,2580,beerzel
antwerpen,House,https://immovlan.be/en/detail/residence/for-sale/2580/beerzel/rbw18837,rbw18837,residence,for-sale,2580,beerzel
antwerpen,Apartment,https://immovlan.be/en/detail/apartment/for-sale/2220/heist-op-den-berg/rbw18816,rbw18816,apartment,for-sale,2220,heist-op-den-berg
antwerpen,Apartment,https://immovlan.be/en/detail/apartment/for-sale/2150/borsbeek/rbw18782,rbw18782,apartment,for-sale,2150,borsbeek
antwerpen,House,https://immovlan.be/en/detail/residence/for-sale/2180/ekeren/rbw18744,rbw18744,residence,for-sale,2180,ekeren
antwerpen,Apartment,https://immovlan.be/en/detail/apartment/for-sale/2930/brasschaat/rbw18742,rbw18742,apartment,for-sale,2930,brasschaat
antwerpen,House,https://immovlan.be/en/detail/residence/for-sale/2300/turnhout/rbw18553,rbw18553,residence,for-sale,2300,turnhout
antwerpen,Apartment,https://immovlan.be/en/detail/apartment/for-sale/2430/laakdal/rbw18549,rbw18549,apartment,for-sale,2430,laakdal
antwerpen,Apartment,https://immovlan.be/en/detail/ground-floor/for-sale/2430/laakdal/rbw18548,rbw18548,ground-floor,for-sale,2430,laakdal
antwerpen,Apartment,https://immovlan.be/en/detail/apartment/for-sale/2861/onze-lieve-vrouw-waver/rbw18519,rbw18519,apartment,for-sale,2861,onze-lieve-vrouw-waver
antwerpen,House,https://immovlan.be/en/detail/residence/for-sale/2830/willebroek/rbw18513,rbw18513,residence,for-sale,2830,willebroek
antwerpen,House,https://immovlan.be/en/detail/residence/for-sale/2660/hoboken/rbw18512,rbw18512,residence,for-sale,2660,hoboken
antwerpen,House,https://immovlan.be/en/detail/residence/for-sale/2820/bonheiden/rbw18509,rbw18509,residence,for-sale,2820,bonheiden
antwerpen,House,https://immovlan.be/en/detail/residence/for-sale/2260/westerlo/rbw18371,rbw18371,residence,for-sale,2260,westerlo
antwerpen,House,https://immovlan.be/en/detail/residence/for-sale/2020/antwerp/rbw18367,rbw18367,residence,for-sale,2020,antwerp
antwerpen,Apartment,https://immovlan.be/en/detail/apartment/for-sale/2140/antwerp/rbw18366,rbw18366,apartment,for-sale,2140,antwerp
antwerpen,House,https://immovlan.be/en/detail/residence/for-sale/2110/wijnegem/rwc42762,rwc42762,residence,for-sale,2110,wijnegem
antwerpen,House,https://immovlan.be/en/detail/residence/for-sale/2627/schelle/rbw18301,rbw18301,residence,for-sale,2627,schelle
antwerpen,House,https://immovlan.be/en/detail/residence/for-sale/2870/puurs-sint-amands/rbw18300,rbw18300,residence,for-sale,2870,puurs-sint-amands
antwerpen,Apartment,https://immovlan.be/en/detail/apartment/for-sale/2830/willebroek/rbw18299,rbw18299,apartment,for-sale,2830,willebroek
antwerpen,House,https://immovlan.be/en/detail/residence/for-sale/2390/malle/rbw18282,rbw18282,residence,for-sale,2390,malle
antwerpen,House,https://immovlan.be/en/detail/residence/for-sale/2321/meer/rbw18280,rbw18280,residence,for-sale,2321,meer
antwerpen,House,https://immovlan.be/en/detail/residence/for-sale/2340/beerse/rbw18279,rbw18279,residence,for-sale,2340,beerse
antwerpen,House,https://immovlan.be/en/detail/residence/for-sale/2340/beerse/rbw18278,rbw18278,residence,for-sale,2340,beerse
antwerpen,House,https://immovlan.be/en/detail/residence/for-sale/2340/beerse/rbw18277,rbw18277,residence,for-sale,2340,beerse
antwerpen,House,https://immovlan.be/en/detail/residence/for-sale/2340/beerse/rbw18276,rbw18276,residence,for-sale,2340,beerse
antwerpen,Apartment,https://immovlan.be/en/detail/apartment/for-sale/2340/beerse/rbw18275,rbw18275,apartment,for-sale,2340,beerse
antwerpen,House,https://immovlan.be/en/detail/residence/for-sale/2310/rijkevorsel/rbw18274,rbw18274,residence,for-sale,2310,rijkevorsel
antwerpen,House,https://immovlan.be/en/detail/residence/for-sale/2390/malle/rbw18273,rbw18273,residence,for-sale,2390,malle
antwerpen,House,https://immovlan.be/en/detail/residence/for-sale/2340/beerse/rbw18272,rbw18272,residence,for-sale,2340,beerse
antwerpen,House,https://immovlan.be/en/detail/residence/for-sale/2310/rijkevorsel/rbw18271,rbw18271,residence,for-sale,2310,rijkevorsel
antwerpen,House,https://immovlan.be/en/detail/residence/for-sale/2980/zoersel/rbw18270,rbw18270,residence,for-sale,2980,zoersel
antwerpen,House,https://immovlan.be/en/detail/residence/for-sale/2328/meerle/rbw18269,rbw18269,residence,for-sale,2328,meerle
antwerpen,House,https://immovlan.be/en/detail/residence/for-sale/2980/halle/rbw18268,rbw18268,residence,for-sale,2980,halle
antwerpen,House,https://immovlan.be/en/detail/residence/for-sale/2340/beerse/rbw18267,rbw18267,residence,for-sale,2340,beerse
antwerpen,House,https://immovlan.be/en/detail/residence/for-sale/2340/beerse/rbw18266,rbw18266,residence,for-sale,2340,beerse
antwerpen,House,https://immovlan.be/en/detail/residence/for-sale/2328/meerle/rbw18265,rbw18265,residence,for-sale,2328,meerle
antwerpen,House,https://immovlan.be/en/detail/residence/for-sale/2390/malle/rbw18264,rbw18264,residence,for-sale,2390,malle
antwerpen,House,https://immovlan.be/en/detail/residence/for-sale/2320/hoogstraten/rbw18263,rbw18263,residence,for-sale,2320,hoogstraten
antwerpen,House,https://immovlan.be/en/detail/residence/for-sale/2340/beerse/rbw18262,rbw18262,residence,for-sale,2340,beerse
antwerpen,House,https://immovlan.be/en/detail/residence/for-sale/2340/beerse/rbw18261,rbw18261,residence,for-sale,2340,beerse
antwerpen,House,https://immovlan.be/en/detail/residence/for-sale/2340/beerse/rbw18260,rbw18260,residence,for-sale,2340,beerse
antwerpen,House,https://immovlan.be/en/detail/residence/for-sale/2340/beerse/rbw18258,rbw18258,residence,for-sale,2340,beerse
antwerpen,House,https://immovlan.be/en/detail/residence/for-sale/2440/geel/rbw18257,rbw18257,residence,for-sale,2440,geel
antwerpen,House,https://immovlan.be/en/detail/residence/for-sale/2500/lier/rbw18253,rbw18253,residence,for-sale,2500,lier
antwerpen,House,https://immovlan.be/en/detail/residence/for-sale/2500/lier/rbw18252,rbw18252,residence,for-sale,2500,lier
antwerpen,House,https://immovlan.be/en/detail/residence/for-sale/2500/lier/rbw18251,rbw18251,residence,for-sale,2500,lier
antwerpen,House,https://immovlan.be/en/detail/residence/for-sale/2288/bouwel/rbw18250,rbw18250,residence,for-sale,2288,bouwel
antwerpen,Apartment,https://immovlan.be/en/detail/apartment/for-sale/2500/lier/rbw18249,rbw18249,apartment,for-sale,2500,lier
antwerpen,Apartment,https://immovlan.be/en/detail/apartment/for-sale/2500/lier/rbw18246,rbw18246,apartment,for-sale,2500,lier
antwerpen,House,https://immovlan.be/en/detail/residence/for-sale/2520/emblem/rbw18245,rbw18245,residence,for-sale,2520,emblem
antwerpen,House,https://immovlan.be/en/detail/residence/for-sale/2280/grobbendonk/rbw18244,rbw18244,residence,for-sale,2280,grobbendonk
antwerpen,Apartment,https://immovlan.be/en/detail/apartment/for-sale/2500/lier/rbw18242,rbw18242,apartment,for-sale,2500,lier
antwerpen,House,https://immovlan.be/en/detail/residence/for-sale/2240/zandhoven/rbw18241,rbw18241,residence,for-sale,2240,zandhoven
antwerpen,House,https://immovlan.be/en/detail/residence/for-sale/2500/lier/rbw18240,rbw18240,residence,for-sale,2500,lier
antwerpen,House,https://immovlan.be/en/detail/master-house/for-sale/2500/lier/rbw18239,rbw18239,master-house,for-sale,2500,lier
antwerpen,House,https://immovlan.be/en/detail/residence/for-sale/2242/pulderbos/rbw18238,rbw18238,residence,for-sale,2242,pulderbos
antwerpen,House,https://immovlan.be/en/detail/residence/for-sale/2520/ranst/rbw18237,rbw18237,residence,for-sale,2520,ranst
antwerpen,Apartment,https://immovlan.be/en/detail/apartment/for-sale/2500/lier/rbw18236,rbw18236,apartment,for-sale,2500,lier
antwerpen,Apartment,https://immovlan.be/en/detail/apartment/for-sale/2850/boom/rbw18228,rbw18228,apartment,for-sale,2850,boom
antwerpen,House,https://immovlan.be/en/detail/master-house/for-sale/2000/antwerp/rbw18223,rbw18223,master-house,for-sale,2000,antwerp
antwerpen,House,https://immovlan.be/en/detail/residence/for-sale/2100/deurne/rbw18213,rbw18213,residence,for-sale,2100,deurne
antwerpen,Apartment,https://immovlan.be/en/detail/apartment/for-sale/2100/deurne/rbw18212,rbw18212,apartment,for-sale,2100,deurne
antwerpen,Apartment,https://immovlan.be/en/detail/apartment/for-sale/2170/merksem/rbw18211,rbw18211,apartment,for-sale,2170,merksem
antwerpen,House,https://immovlan.be/en/detail/residence/for-sale/2160/wommelgem/rbw18210,rbw18210,residence,for-sale,2160,wommelgem
antwerpen,Apartment,https://immovlan.be/en/detail/apartment/for-sale/2170/merksem/rbw18209,rbw18209,apartment,for-sale,2170,merksem
antwerpen,Apartment,https://immovlan.be/en/detail/apartment/for-sale/2170/merksem/rbw18208,rbw18208,apartment,for-sale,2170,merksem
antwerpen,House,https://immovlan.be/en/detail/residence/for-sale/2100/deurne/rbw18207,rbw18207,residence,for-sale,2100,deurne
antwerpen,Apartment,https://immovlan.be/en/detail/apartment/for-sale/2170/merksem/rbw18206,rbw18206,apartment,for-sale,2170,merksem
antwerpen,House,https://immovlan.be/en/detail/residence/for-sale/2110/wijnegem/rbw18205,rbw18205,residence,for-sale,2110,wijnegem
antwerpen,Apartment,https://immovlan.be/en/detail/ground-floor/for-sale/2170/merksem/rbw18204,rbw18204,ground-floor,for-sale,2170,merksem
antwerpen,House,https://immovlan.be/en/detail/residence/for-sale/2160/wommelgem/rbw18203,rbw18203,residence,for-sale,2160,wommelgem
antwerpen,House,https://immovlan.be/en/detail/residence/for-sale/2100/deurne/rbw18202,rbw18202,residence,for-sale,2100,deurne
antwerpen,Apartment,https://immovlan.be/en/detail/apartment/for-sale/2170/merksem/rbw18201,rbw18201,apartment,for-sale,2170,merksem
antwerpen,Apartment,https://immovlan.be/en/detail/apartment/for-sale/2170/merksem/rbw18200,rbw18200,apartment,for-sale,2170,merksem
antwerpen,Apartment,https://immovlan.be/en/detail/apartment/for-sale/2100/deurne/rbw18199,rbw18199,apartment,for-sale,2100,deurne
antwerpen,House,https://immovlan.be/en/detail/residence/for-sale/2100/deurne/rbw18197,rbw18197,residence,for-sale,2100,deurne
antwerpen,Apartment,https://immovlan.be/en/detail/apartment/for-sale/2100/deurne/rbw18196,rbw18196,apartment,for-sale,2100,deurne
antwerpen,House,https://immovlan.be/en/detail/residence/for-sale/2150/borsbeek/rbw18195,rbw18195,residence,for-sale,2150,borsbeek
antwerpen,Apartment,https://immovlan.be/en/detail/duplex/for-sale/2100/deurne/rbw18194,rbw18194,duplex,for-sale,2100,deurne
antwerpen,House,https://immovlan.be/en/detail/residence/for-sale/2160/wommelgem/rbw18193,rbw18193,residence,for-sale,2160,wommelgem
antwerpen,Apartment,https://immovlan.be/en/detail/apartment/for-sale/2100/deurne/rbw18192,rbw18192,apartment,for-sale,2100,deurne
antwerpen,Apartment,https://immovlan.be/en/detail/apartment/for-sale/2100/deurne/rbw18191,rbw18191,apartment,for-sale,2100,deurne
antwerpen,House,https://immovlan.be/en/detail/residence/for-sale/2170/merksem/rbw18190,rbw18190,residence,for-sale,2170,merksem
antwerpen,Apartment,https://immovlan.be/en/detail/apartment/for-sale/2100/deurne/rbw18189,rbw18189,apartment,for-sale,2100,deurne
antwerpen,House,https://immovlan.be/en/detail/residence/for-sale/2170/merksem/rbw18188,rbw18188,residence,for-sale,2170,merksem
antwerpen,House,https://immovlan.be/en/detail/residence/for-sale/2100/deurne/rbw18187,rbw18187,residence,for-sale,2100,deurne
antwerpen,Apartment,https://immovlan.be/en/detail/apartment/for-sale/2170/merksem/rbw18186,rbw18186,apartment,for-sale,2170,merksem
antwerpen,House,https://immovlan.be/en/detail/residence/for-sale/2100/deurne/rbw18185,rbw18185,residence,for-sale,2100,deurne
antwerpen,Apartment,https://immovlan.be/en/detail/apartment/for-sale/2100/deurne/rbw18184,rbw18184,apartment,for-sale,2100,deurne
antwerpen,Apartment,https://immovlan.be/en/detail/apartment/for-sale/2160/wommelgem/rbw18183,rbw18183,apartment,for-sale,2160,wommelgem
antwerpen,Apartment,https://immovlan.be/en/detail/apartment/for-sale/2160/wommelgem/rbw18182,rbw18182,apartment,for-sale,2160,wommelgem
antwerpen,Apartment,https://immovlan.be/en/detail/apartment/for-sale/2100/deurne/rbw18181,rbw18181,apartment,for-sale,2100,deurne
antwerpen,House,https://immovlan.be/en/detail/residence/for-sale/2100/deurne/rbw18180,rbw18180,residence,for-sale,2100,deurne
antwerpen,House,https://immovlan.be/en/detail/residence/for-sale/2100/deurne/rbw18178,rbw18178,residence,for-sale,2100,deurne
antwerpen,House,https://immovlan.be/en/detail/residence/for-sale/2170/merksem/rbw18177,rbw18177,residence,for-sale,2170,merksem
antwerpen,House,https://immovlan.be/en/detail/residence/for-sale/2150/borsbeek/rbw18174,rbw18174,residence,for-sale,2150,borsbeek
antwerpen,House,https://immovlan.be/en/detail/residence/for-sale/2170/merksem/rbw18173,rbw18173,residence,for-sale,2170,merksem
antwerpen,Apartment,https://immovlan.be/en/detail/apartment/for-sale/2050/antwerp/rbw18170,rbw18170,apartment,for-sale,2050,antwerp
antwerpen,House,https://immovlan.be/en/detail/residence/for-sale/2060/antwerp/rbw18164,rbw18164,residence,for-sale,2060,antwerp
antwerpen,Apartment,https://immovlan.be/en/detail/apartment/for-sale/2020/antwerp/rbw18145,rbw18145,apartment,for-sale,2020,antwerp
antwerpen,Apartment,https://immovlan.be/en/detail/apartment/for-sale/2600/berchem/rbw18143,rbw18143,apartment,for-sale,2600,berchem
antwerpen,Apartment,https://immovlan.be/en/detail/apartment/for-sale/2600/berchem/rbw18142,rbw18142,apartment,for-sale,2600,berchem
antwerpen,House,https://immovlan.be/en/detail/residence/for-sale/2660/hoboken/rbw18141,rbw18141,residence,for-sale,2660,hoboken
antwerpen,House,https://immovlan.be/en/detail/residence/for-sale/2050/antwerp/rbw18139,rbw18139,residence,for-sale,2050,antwerp
antwerpen,Apartment,https://immovlan.be/en/detail/apartment/for-sale/2650/edegem/rbw18137,rbw18137,apartment,for-sale,2650,edegem
antwerpen,Apartment,https://immovlan.be/en/detail/apartment/for-sale/2018/antwerp/rbw18136,rbw18136,apartment,for-sale,2018,antwerp
antwerpen,Apartment,https://immovlan.be/en/detail/ground-floor/for-sale/2600/berchem/rbw18135,rbw18135,ground-floor,for-sale,2600,berchem
antwerpen,Apartment,https://immovlan.be/en/detail/apartment/for-sale/2610/wilrijk/rbw18133,rbw18133,apartment,for-sale,2610,wilrijk
antwerpen,Apartment,https://immovlan.be/en/detail/apartment/for-sale/2060/antwerp/rbw18131,rbw18131,apartment,for-sale,2060,antwerp
antwerpen,Apartment,https://immovlan.be/en/detail/apartment/for-sale/2018/antwerp/rbw18130,rbw18130,apartment,for-sale,2018,antwerp
antwerpen,House,https://immovlan.be/en/detail/residence/for-sale/2660/hoboken/rbw18129,rbw18129,residence,for-sale,2660,hoboken
antwerpen,Apartment,https://immovlan.be/en/detail/apartment/for-sale/2060/antwerp/rbw18128,rbw18128,apartment,for-sale,2060,antwerp
antwerpen,House,https://immovlan.be/en/detail/residence/for-sale/2060/antwerp/rbw18127,rbw18127,residence,for-sale,2060,antwerp
antwerpen,House,https://immovlan.be/en/detail/residence/for-sale/2140/borgerhout/rbw18126,rbw18126,residence,for-sale,2140,borgerhout
antwerpen,Apartment,https://immovlan.be/en/detail/apartment/for-sale/2018/antwerp/rbw18125,rbw18125,apartment,for-sale,2018,antwerp
antwerpen,House,https://immovlan.be/en/detail/residence/for-sale/2600/berchem/rbw18124,rbw18124,residence,for-sale,2600,berchem
antwerpen,Apartment,https://immovlan.be/en/detail/apartment/for-sale/2018/antwerp/rbw18123,rbw18123,apartment,for-sale,2018,antwerp
antwerpen,Apartment,https://immovlan.be/en/detail/apartment/for-sale/2060/antwerp/rbw18122,rbw18122,apartment,for-sale,2060,antwerp
antwerpen,Apartment,https://immovlan.be/en/detail/apartment/for-sale/2600/berchem/rbw18121,rbw18121,apartment,for-sale,2600,berchem
antwerpen,Apartment,https://immovlan.be/en/detail/duplex/for-sale/2060/antwerp/rbw18120,rbw18120,duplex,for-sale,2060,antwerp
antwerpen,Apartment,https://immovlan.be/en/detail/apartment/for-sale/2018/antwerp/rbw18118,rbw18118,apartment,for-sale,2018,antwerp
antwerpen,Apartment,https://immovlan.be/en/detail/apartment/for-sale/2060/antwerp/rbw18117,rbw18117,apartment,for-sale,2060,antwerp
antwerpen,Apartment,https://immovlan.be/en/detail/apartment/for-sale/2018/antwerp/rbw18116,rbw18116,apartment,for-sale,2018,antwerp
antwerpen,House,https://immovlan.be/en/detail/residence/for-sale/2820/bonheiden/rbw18096,rbw18096,residence,for-sale,2820,bonheiden
antwerpen,House,https://immovlan.be/en/detail/residence/for-sale/2490/balen/rbw18079,rbw18079,residence,for-sale,2490,balen
antwerpen,House,https://immovlan.be/en/detail/residence/for-sale/2400/mol/rbw18066,rbw18066,residence,for-sale,2400,mol
antwerpen,House,https://immovlan.be/en/detail/residence/for-sale/2490/balen/rbw18064,rbw18064,residence,for-sale,2490,balen
antwerpen,House,https://immovlan.be/en/detail/residence/for-sale/2100/deurne/rbw18045,rbw18045,residence,for-sale,2100,deurne
antwerpen,House,https://immovlan.be/en/detail/villa/for-sale/2861/onze-lieve-vrouw-waver/rbw18027,rbw18027,villa,for-sale,2861,onze-lieve-vrouw-waver
antwerpen,Apartment,https://immovlan.be/en/detail/duplex/for-sale/2845/niel/rbw17999,rbw17999,duplex,for-sale,2845,niel
antwerpen,House,https://immovlan.be/en/detail/master-house/for-sale/2800/mechelen/rbw17994,rbw17994,master-house,for-sale,2800,mechelen
antwerpen,House,https://immovlan.be/en/detail/residence/for-sale/2800/mechelen/rbw17993,rbw17993,residence,for-sale,2800,mechelen
antwerpen,House,https://immovlan.be/en/detail/residence/for-sale/2275/lille/rbw17973,rbw17973,residence,for-sale,2275,lille
antwerpen,Apartment,https://immovlan.be/en/detail/apartment/for-sale/2801/heffen/rbw17964,rbw17964,apartment,for-sale,2801,heffen
antwerpen,Apartment,https://immovlan.be/en/detail/apartment/for-sale/2930/brasschaat/rbw17948,rbw17948,apartment,for-sale,2930,brasschaat
antwerpen,Apartment,https://immovlan.be/en/detail/apartment/for-sale/2930/brasschaat/rbw17947,rbw17947,apartment,for-sale,2930,brasschaat
antwerpen,Apartment,https://immovlan.be/en/detail/apartment/for-sale/2930/brasschaat/rbw17946,rbw17946,apartment,for-sale,2930,brasschaat
antwerpen,Apartment,https://immovlan.be/en/detail/apartment/for-sale/2930/brasschaat/rbw17945,rbw17945,apartment,for-sale,2930,brasschaat
antwerpen,Apartment,https://immovlan.be/en/detail/apartment/for-sale/2930/brasschaat/rbw17944,rbw17944,apartment,for-sale,2930,brasschaat
antwerpen,Apartment,https://immovlan.be/en/detail/penthouse/for-sale/2930/brasschaat/rbw17943,rbw17943,penthouse,for-sale,2930,brasschaat
antwerpen,Apartment,https://immovlan.be/en/detail/apartment/for-sale/2930/brasschaat/rbw17942,rbw17942,apartment,for-sale,2930,brasschaat
antwerpen,Apartment,https://immovlan.be/en/detail/apartment/for-sale/2570/duffel/rbw17941,rbw17941,apartment,for-sale,2570,duffel
antwerpen,Apartment,https://immovlan.be/en/detail/apartment/for-sale/2570/duffel/rbw17940,rbw17940,apartment,for-sale,2570,duffel
antwerpen,House,https://immovlan.be/en/detail/residence/for-sale/2200/herentals/rbw17696,rbw17696,residence,for-sale,2200,herentals
antwerpen,House,https://immovlan.be/en/detail/residence/for-sale/2500/koningshooikt/rbw17585,rbw17585,residence,for-sale,2500,koningshooikt
antwerpen,House,https://immovlan.be/en/detail/residence/for-sale/2820/rijmenam/rbw17583,rbw17583,residence,for-sale,2820,rijmenam
antwerpen,House,https://immovlan.be/en/detail/residence/for-sale/2800/mechelen/rbw17582,rbw17582,residence,for-sale,2800,mechelen
antwerpen,House,https://immovlan.be/en/detail/residence/for-sale/2820/bonheiden/rbw17581,rbw17581,residence,for-sale,2820,bonheiden
antwerpen,House,https://immovlan.be/en/detail/residence/for-sale/2861/onze-lieve-vrouw-waver/rbw17580,rbw17580,residence,for-sale,2861,onze-lieve-vrouw-waver
antwerpen,Apartment,https://immovlan.be/en/detail/apartment/for-sale/2800/mechelen/rbw17579,rbw17579,apartment,for-sale,2800,mechelen
antwerpen,House,https://immovlan.be/en/detail/residence/for-sale/2800/mechelen/rbw17578,rbw17578,residence,for-sale,2800,mechelen
antwerpen,Apartment,https://immovlan.be/en/detail/apartment/for-sale/2800/mechelen/rbw17577,rbw17577,apartment,for-sale,2800,mechelen
antwerpen,House,https://immovlan.be/en/detail/residence/for-sale/2800/mechelen/rbw17576,rbw17576,residence,for-sale,2800,mechelen
antwerpen,House,https://immovlan.be/en/detail/residence/for-sale/2800/mechelen/rbw17575,rbw17575,residence,for-sale,2800,mechelen
antwerpen,House,https://immovlan.be/en/detail/residence/for-sale/2860/sint-katelijne-waver/rbw17574,rbw17574,residence,for-sale,2860,sint-katelijne-waver
antwerpen,House,https://immovlan.be/en/detail/residence/for-sale/2570/duffel/rbw17573,rbw17573,residence,for-sale,2570,duffel
antwerpen,Apartment,https://immovlan.be/en/detail/studio/for-sale/2800/mechelen/rbw17572,rbw17572,studio,for-sale,2800,mechelen
antwerpen,House,https://immovlan.be/en/detail/residence/for-sale/2800/mechelen/rbw17571,rbw17571,residence,for-sale,2800,mechelen
antwerpen,House,https://immovlan.be/en/detail/residence/for-sale/2800/mechelen/rbw17570,rbw17570,residence,for-sale,2800,mechelen
antwerpen,House,https://immovlan.be/en/detail/residence/for-sale/2800/mechelen/rbw17569,rbw17569,residence,for-sale,2800,mechelen
antwerpen,Apartment,https://immovlan.be/en/detail/apartment/for-sale/2940/stabroek/rbw17568,rbw17568,apartment,for-sale,2940,stabroek
antwerpen,House,https://immovlan.be/en/detail/residence/for-sale/2800/mechelen/rbw17567,rbw17567,residence,for-sale,2800,mechelen
antwerpen,Apartment,https://immovlan.be/en/detail/apartment/for-sale/2800/mechelen/rbw17566,rbw17566,apartment,for-sale,2800,mechelen
antwerpen,House,https://immovlan.be/en/detail/residence/for-sale/2840/rumst/rbw17565,rbw17565,residence,for-sale,2840,rumst
antwerpen,House,https://immovlan.be/en/detail/residence/for-sale/2860/sint-katelijne-waver/rbw17563,rbw17563,residence,for-sale,2860,sint-katelijne-waver
antwerpen,Apartment,https://immovlan.be/en/detail/apartment/for-sale/2800/mechelen/rbw17562,rbw17562,apartment,for-sale,2800,mechelen
antwerpen,Apartment,https://immovlan.be/en/detail/apartment/for-sale/2180/ekeren/rbw17558,rbw17558,apartment,for-sale,2180,ekeren
antwerpen,Apartment,https://immovlan.be/en/detail/ground-floor/for-sale/2660/hoboken/rbw17547,rbw17547,ground-floor,for-sale,2660,hoboken
antwerpen,House,https://immovlan.be/en/detail/residence/for-sale/2490/balen/rbw17515,rbw17515,residence,for-sale,2490,balen
antwerpen,House,https://immovlan.be/en/detail/residence/for-sale/2490/balen/rbw17506,rbw17506,residence,for-sale,2490,balen
antwerpen,House,https://immovlan.be/en/detail/residence/for-sale/2400/mol/rbw17503,rbw17503,residence,for-sale,2400,mol
antwerpen,House,https://immovlan.be/en/detail/residence/for-sale/2400/mol/rbw17500,rbw17500,residence,for-sale,2400,mol
antwerpen,House,https://immovlan.be/en/detail/residence/for-sale/2400/mol/rbw17491,rbw17491,residence,for-sale,2400,mol
antwerpen,Apartment,https://immovlan.be/en/detail/apartment/for-sale/2400/mol/rbw17490,rbw17490,apartment,for-sale,2400,mol
antwerpen,House,https://immovlan.be/en/detail/residence/for-sale/2580/beerzel/rbw17459,rbw17459,residence,for-sale,2580,beerzel
antwerpen,House,https://immovlan.be/en/detail/residence/for-sale/2580/beerzel/rbw17445,rbw17445,residence,for-sale,2580,beerzel
antwerpen,House,https://immovlan.be/en/detail/residence/for-sale/2580/beerzel/rbw17443,rbw17443,residence,for-sale,2580,beerzel
antwerpen,House,https://immovlan.be/en/detail/residence/for-sale/2500/lier/rbw17442,rbw17442,residence,for-sale,2500,lier
antwerpen,Apartment,https://immovlan.be/en/detail/apartment/for-sale/2650/edegem/rbw17440,rbw17440,apartment,for-sale,2650,edegem
antwerpen,House,https://immovlan.be/en/detail/residence/for-sale/2820/bonheiden/rbw17439,rbw17439,residence,for-sale,2820,bonheiden
antwerpen,House,https://immovlan.be/en/detail/residence/for-sale/2235/hulshout/rbw17437,rbw17437,residence,for-sale,2235,hulshout
antwerpen,House,https://immovlan.be/en/detail/residence/for-sale/2861/onze-lieve-vrouw-waver/rbw17431,rbw17431,residence,for-sale,2861,onze-lieve-vrouw-waver
antwerpen,House,https://immovlan.be/en/detail/residence/for-sale/2580/beerzel/rbw17428,rbw17428,residence,for-sale,2580,beerzel
antwerpen,House,https://immovlan.be/en/detail/residence/for-sale/2820/bonheiden/rbw17427,rbw17427,residence,for-sale,2820,bonheiden
antwerpen,House,https://immovlan.be/en/detail/residence/for-sale/2860/sint-katelijne-waver/rbw17426,rbw17426,residence,for-sale,2860,sint-katelijne-waver
antwerpen,House,https://immovlan.be/en/detail/residence/for-sale/2580/beerzel/rbw17425,rbw17425,residence,for-sale,2580,beerzel
antwerpen,Apartment,https://immovlan.be/en/detail/apartment/for-sale/2580/beerzel/rbw17419,rbw17419,apartment,for-sale,2580,beerzel
antwerpen,House,https://immovlan.be/en/detail/residence/for-sale/2820/bonheiden/rbw17418,rbw17418,residence,for-sale,2820,bonheiden
antwerpen,House,https://immovlan.be/en/detail/residence/for-sale/2580/beerzel/rbw17417,rbw17417,residence,for-sale,2580,beerzel
antwerpen,House,https://immovlan.be/en/detail/residence/for-sale/2580/beerzel/rbw17416,rbw17416,residence,for-sale,2580,beerzel
antwerpen,House,https://immovlan.be/en/detail/residence/for-sale/2500/koningshooikt/rbw17415,rbw17415,residence,for-sale,2500,koningshooikt
antwerpen,House,https://immovlan.be/en/detail/residence/for-sale/2580/beerzel/rbw17414,rbw17414,residence,for-sale,2580,beerzel
antwerpen,House,https://immovlan.be/en/detail/residence/for-sale/2860/sint-katelijne-waver/rbw17412,rbw17412,residence,for-sale,2860,sint-katelijne-waver
antwerpen,Apartment,https://immovlan.be/en/detail/apartment/for-sale/2600/berchem/rbw17388,rbw17388,apartment,for-sale,2600,berchem
antwerpen,Apartment,https://immovlan.be/en/detail/apartment/for-sale/2580/putte/rbw17386,rbw17386,apartment,for-sale,2580,putte
antwerpen,Apartment,https://immovlan.be/en/detail/apartment/for-sale/2580/beerzel/rbw17382,rbw17382,apartment,for-sale,2580,beerzel
antwerpen,House,https://immovlan.be/en/detail/residence/for-sale/2220/heist-op-den-berg/rbw17381,rbw17381,residence,for-sale,2220,heist-op-den-berg
antwerpen,Apartment,https://immovlan.be/en/detail/apartment/for-sale/2850/boom/rbw17369,rbw17369,apartment,for-sale,2850,boom
antwerpen,Apartment,https://immovlan.be/en/detail/apartment/for-sale/2850/boom/rbw17368,rbw17368,apartment,for-sale,2850,boom
antwerpen,Apartment,https://immovlan.be/en/detail/apartment/for-sale/2850/boom/rbw17367,rbw17367,apartment,for-sale,2850,boom
antwerpen,House,https://immovlan.be/en/detail/residence/for-sale/2230/herselt/rbw17366,rbw17366,residence,for-sale,2230,herselt
antwerpen,House,https://immovlan.be/en/detail/residence/for-sale/2440/geel/rbw17335,rbw17335,residence,for-sale,2440,geel
antwerpen,House,https://immovlan.be/en/detail/residence/for-sale/2440/geel/rbw17334,rbw17334,residence,for-sale,2440,geel
antwerpen,House,https://immovlan.be/en/detail/residence/for-sale/2260/westerlo/rbw17332,rbw17332,residence,for-sale,2260,westerlo
antwerpen,House,https://immovlan.be/en/detail/residence/for-sale/2440/geel/rbw17331,rbw17331,residence,for-sale,2440,geel
antwerpen,Apartment,https://immovlan.be/en/detail/apartment/for-sale/2440/geel/rbw17328,rbw17328,apartment,for-sale,2440,geel
antwerpen,Apartment,https://immovlan.be/en/detail/apartment/for-sale/2440/geel/rbw17327,rbw17327,apartment,for-sale,2440,geel
antwerpen,House,https://immovlan.be/en/detail/residence/for-sale/2260/westerlo/rbw17326,rbw17326,residence,for-sale,2260,westerlo
antwerpen,Apartment,https://immovlan.be/en/detail/apartment/for-sale/2440/geel/rbw17325,rbw17325,apartment,for-sale,2440,geel
antwerpen,House,https://immovlan.be/en/detail/residence/for-sale/2400/mol/rbw17324,rbw17324,residence,for-sale,2400,mol
antwerpen,House,https://immovlan.be/en/detail/residence/for-sale/2440/geel/rbw17323,rbw17323,residence,for-sale,2440,geel
antwerpen,House,https://immovlan.be/en/detail/residence/for-sale/2440/geel/rbw17321,rbw17321,residence,for-sale,2440,geel
antwerpen,Apartment,https://immovlan.be/en/detail/apartment/for-sale/2400/mol/rbw17320,rbw17320,apartment,for-sale,2400,mol
antwerpen,Apartment,https://immovlan.be/en/detail/apartment/for-sale/2440/geel/rbw17319,rbw17319,apartment,for-sale,2440,geel
antwerpen,Apartment,https://immovlan.be/en/detail/apartment/for-sale/2440/geel/rbw17318,rbw17318,apartment,for-sale,2440,geel
antwerpen,Apartment,https://immovlan.be/en/detail/apartment/for-sale/2260/westerlo/rbw17317,rbw17317,apartment,for-sale,2260,westerlo
antwerpen,House,https://immovlan.be/en/detail/residence/for-sale/2431/varendonk/rbw17316,rbw17316,residence,for-sale,2431,varendonk
antwerpen,House,https://immovlan.be/en/detail/residence/for-sale/2431/varendonk/rbw17315,rbw17315,residence,for-sale,2431,varendonk
antwerpen,House,https://immovlan.be/en/detail/residence/for-sale/2431/varendonk/rbw17314,rbw17314,residence,for-sale,2431,varendonk
antwerpen,House,https://immovlan.be/en/detail/residence/for-sale/2431/varendonk/rbw17313,rbw17313,residence,for-sale,2431,varendonk
antwerpen,House,https://immovlan.be/en/detail/residence/for-sale/2431/varendonk/rbw17311,rbw17311,residence,for-sale,2431,varendonk
antwerpen,House,https://immovlan.be/en/detail/residence/for-sale/2440/geel/rbw17310,rbw17310,residence,for-sale,2440,geel
antwerpen,Apartment,https://immovlan.be/en/detail/apartment/for-sale/2440/geel/rbw17309,rbw17309,apartment,for-sale,2440,geel
antwerpen,House,https://immovlan.be/en/detail/residence/for-sale/2440/geel/rbw17308,rbw17308,residence,for-sale,2440,geel
antwerpen,House,https://immovlan.be/en/detail/residence/for-sale/2430/laakdal/rbw17307,rbw17307,residence,for-sale,2430,laakdal
antwerpen,House,https://immovlan.be/en/detail/residence/for-sale/2431/veerle/rbw17306,rbw17306,residence,for-sale,2431,veerle
antwerpen,House,https://immovlan.be/en/detail/residence/for-sale/2440/geel/rbw17304,rbw17304,residence,for-sale,2440,geel
antwerpen,Apartment,https://immovlan.be/en/detail/apartment/for-sale/2440/geel/rbw17303,rbw17303,apartment,for-sale,2440,geel
antwerpen,House,https://immovlan.be/en/detail/residence/for-sale/2260/westerlo/rbw17302,rbw17302,residence,for-sale,2260,westerlo
antwerpen,House,https://immovlan.be/en/detail/residence/for-sale/2440/geel/rbw17301,rbw17301,residence,for-sale,2440,geel
antwerpen,House,https://immovlan.be/en/detail/residence/for-sale/2260/oevel/rbw17300,rbw17300,residence,for-sale,2260,oevel
antwerpen,House,https://immovlan.be/en/detail/residence/for-sale/2230/herselt/rbw17299,rbw17299,residence,for-sale,2230,herselt
antwerpen,House,https://immovlan.be/en/detail/residence/for-sale/2430/laakdal/rbw17298,rbw17298,residence,for-sale,2430,laakdal
antwerpen,House,https://immovlan.be/en/detail/residence/for-sale/2431/varendonk/rbw17296,rbw17296,residence,for-sale,2431,varendonk
antwerpen,Apartment,https://immovlan.be/en/detail/apartment/for-sale/2440/geel/rbw17295,rbw17295,apartment,for-sale,2440,geel
antwerpen,Apartment,https://immovlan.be/en/detail/apartment/for-sale/2440/geel/rbw17294,rbw17294,apartment,for-sale,2440,geel
antwerpen,House,https://immovlan.be/en/detail/residence/for-sale/2260/westerlo/rbw17293,rbw17293,residence,for-sale,2260,westerlo
antwerpen,Apartment,https://immovlan.be/en/detail/penthouse/for-sale/2440/geel/rbw17292,rbw17292,penthouse,for-sale,2440,geel
antwerpen,House,https://immovlan.be/en/detail/residence/for-sale/2490/balen/rbw17291,rbw17291,residence,for-sale,2490,balen
antwerpen,House,https://immovlan.be/en/detail/residence/for-sale/2440/geel/rbw17290,rbw17290,residence,for-sale,2440,geel
antwerpen,House,https://immovlan.be/en/detail/residence/for-sale/2450/meerhout/rbw17289,rbw17289,residence,for-sale,2450,meerhout
antwerpen,House,https://immovlan.be/en/detail/residence/for-sale/2440/geel/rbw17288,rbw17288,residence,for-sale,2440,geel
antwerpen,Apartment,https://immovlan.be/en/detail/apartment/for-sale/2440/geel/rbw17287,rbw17287,apartment,for-sale,2440,geel
antwerpen,House,https://immovlan.be/en/detail/residence/for-sale/2140/antwerp/rbw17259,rbw17259,residence,for-sale,2140,antwerp
antwerpen,House,https://immovlan.be/en/detail/residence/for-sale/2570/duffel/rbw17240,rbw17240,residence,for-sale,2570,duffel
antwerpen,House,https://immovlan.be/en/detail/residence/for-sale/2200/morkhoven/rbw17210,rbw17210,residence,for-sale,2200,morkhoven
antwerpen,House,https://immovlan.be/en/detail/residence/for-sale/2200/morkhoven/rbw17209,rbw17209,residence,for-sale,2200,morkhoven
antwerpen,Apartment,https://immovlan.be/en/detail/apartment/for-sale/2200/herentals/rbw17208,rbw17208,apartment,for-sale,2200,herentals
antwerpen,House,https://immovlan.be/en/detail/residence/for-sale/2520/emblem/rbw17185,rbw17185,residence,for-sale,2520,emblem
antwerpen,House,https://immovlan.be/en/detail/residence/for-sale/2520/emblem/rbw17184,rbw17184,residence,for-sale,2520,emblem
antwerpen,House,https://immovlan.be/en/detail/residence/for-sale/2590/berlaar/rbw17183,rbw17183,residence,for-sale,2590,berlaar
antwerpen,Apartment,https://immovlan.be/en/detail/penthouse/for-sale/2500/koningshooikt/rbw17180,rbw17180,penthouse,for-sale,2500,koningshooikt
antwerpen,House,https://immovlan.be/en/detail/residence/for-sale/2800/mechelen/rbw17176,rbw17176,residence,for-sale,2800,mechelen
antwerpen,Apartment,https://immovlan.be/en/detail/apartment/for-sale/2018/antwerp/rbw17161,rbw17161,apartment,for-sale,2018,antwerp
antwerpen,House,https://immovlan.be/en/detail/residence/for-sale/2180/ekeren/rbw17105,rbw17105,residence,for-sale,2180,ekeren
antwerpen,House,https://immovlan.be/en/detail/villa/for-sale/2160/wommelgem/rbw17104,rbw17104,villa,for-sale,2160,wommelgem
antwerpen,Apartment,https://immovlan.be/en/detail/apartment/for-sale/2640/mortsel/rbw17065,rbw17065,apartment,for-sale,2640,mortsel
antwerpen,Apartment,https://immovlan.be/en/detail/apartment/for-sale/2640/mortsel/rbw17064,rbw17064,apartment,for-sale,2640,mortsel
antwerpen,House,https://immovlan.be/en/detail/residence/for-sale/2060/antwerp/rbw17050,rbw17050,residence,for-sale,2060,antwerp
antwerpen,House,https://immovlan.be/en/detail/master-house/for-sale/2600/berchem/rbw17049,rbw17049,master-house,for-sale,2600,berchem
antwerpen,House,https://immovlan.be/en/detail/residence/for-sale/2920/kalmthout/rbw17042,rbw17042,residence,for-sale,2920,kalmthout
antwerpen,Apartment,https://immovlan.be/en/detail/apartment/for-sale/2070/burcht/rbw17035,rbw17035,apartment,for-sale,2070,burcht
antwerpen,House,https://immovlan.be/en/detail/residence/for-sale/2310/rijkevorsel/rbw17001,rbw17001,residence,for-sale,2310,rijkevorsel
antwerpen,Apartment,https://immovlan.be/en/detail/apartment/for-sale/2140/borgerhout/rbw17000,rbw17000,apartment,for-sale,2140,borgerhout
antwerpen,Apartment,https://immovlan.be/en/detail/apartment/for-sale/2100/deurne/rbw16999,rbw16999,apartment,for-sale,2100,deurne
antwerpen,Apartment,https://immovlan.be/en/detail/studio/for-sale/2018/antwerp/rbw16998,rbw16998,studio,for-sale,2018,antwerp
antwerpen,House,https://immovlan.be/en/detail/residence/for-sale/2170/merksem/rbw16997,rbw16997,residence,for-sale,2170,merksem
antwerpen,Apartment,https://immovlan.be/en/detail/apartment/for-sale/2950/kapellen/rbw16996,rbw16996,apartment,for-sale,2950,kapellen
antwerpen,House,https://immovlan.be/en/detail/residence/for-sale/2020/antwerp/rbw16995,rbw16995,residence,for-sale,2020,antwerp
antwerpen,House,https://immovlan.be/en/detail/residence/for-sale/2100/deurne/rbw16991,rbw16991,residence,for-sale,2100,deurne
antwerpen,Apartment,https://immovlan.be/en/detail/apartment/for-sale/2000/antwerp/rbw16992,rbw16992,apartment,for-sale,2000,antwerp
antwerpen,House,https://immovlan.be/en/detail/residence/for-sale/2020/antwerp/rbw16990,rbw16990,residence,for-sale,2020,antwerp
antwerpen,House,https://immovlan.be/en/detail/residence/for-sale/2140/borgerhout/rbw16987,rbw16987,residence,for-sale,2140,borgerhout
antwerpen,House,https://immovlan.be/en/detail/residence/for-sale/2140/borgerhout/rbw16987,rbw16987,residence,for-sale,2140,borgerhout
antwerpen,Apartment,https://immovlan.be/en/detail/apartment/for-sale/2180/ekeren/rbw16984,rbw16984,apartment,for-sale,2180,ekeren
antwerpen,House,https://immovlan.be/en/detail/residence/for-sale/2640/mortsel/rbw16985,rbw16985,residence,for-sale,2640,mortsel
antwerpen,Apartment,https://immovlan.be/en/detail/apartment/for-sale/2020/antwerp/rbw16983,rbw16983,apartment,for-sale,2020,antwerp
antwerpen,Apartment,https://immovlan.be/en/detail/apartment/for-sale/2100/deurne/rbw16980,rbw16980,apartment,for-sale,2100,deurne
antwerpen,Apartment,https://immovlan.be/en/detail/apartment/for-sale/2170/merksem/rbw16979,rbw16979,apartment,for-sale,2170,merksem
antwerpen,Apartment,https://immovlan.be/en/detail/apartment/for-sale/2100/deurne/rbw16978,rbw16978,apartment,for-sale,2100,deurne
antwerpen,Apartment,https://immovlan.be/en/detail/apartment/for-sale/2140/borgerhout/rbw16976,rbw16976,apartment,for-sale,2140,borgerhout
antwerpen,Apartment,https://immovlan.be/en/detail/apartment/for-sale/2018/antwerp/rbw16977,rbw16977,apartment,for-sale,2018,antwerp
antwerpen,Apartment,https://immovlan.be/en/detail/apartment/for-sale/2600/berchem/rbw16975,rbw16975,apartment,for-sale,2600,berchem
antwerpen,Apartment,https://immovlan.be/en/detail/apartment/for-sale/2000/antwerp/rbw16974,rbw16974,apartment,for-sale,2000,antwerp
antwerpen,Apartment,https://immovlan.be/en/detail/apartment/for-sale/2140/borgerhout/rbw16972,rbw16972,apartment,for-sale,2140,borgerhout
antwerpen,Apartment,https://immovlan.be/en/detail/apartment/for-sale/2170/merksem/rbw16971,rbw16971,apartment,for-sale,2170,merksem
antwerpen,Apartment,https://immovlan.be/en/detail/apartment/for-sale/2100/deurne/rbw16969,rbw16969,apartment,for-sale,2100,deurne
antwerpen,Apartment,https://immovlan.be/en/detail/ground-floor/for-sale/2020/antwerp/rbw16968,rbw16968,ground-floor,for-sale,2020,antwerp
antwerpen,Apartment,https://immovlan.be/en/detail/ground-floor/for-sale/2140/borgerhout/rbw16967,rbw16967,ground-floor,for-sale,2140,borgerhout
antwerpen,House,https://immovlan.be/en/detail/residence/for-sale/2018/antwerp/rbw16964,rbw16964,residence,for-sale,2018,antwerp
antwerpen,Apartment,https://immovlan.be/en/detail/studio/for-sale/2000/antwerp/rbw16963,rbw16963,studio,for-sale,2000,antwerp
antwerpen,Apartment,https://immovlan.be/en/detail/apartment/for-sale/2100/deurne/rbw16961,rbw16961,apartment,for-sale,2100,deurne
antwerpen,House,https://immovlan.be/en/detail/residence/for-sale/2100/deurne/rbw16959,rbw16959,residence,for-sale,2100,deurne
antwerpen,House,https://immovlan.be/en/detail/residence/for-sale/2140/borgerhout/rbw16957,rbw16957,residence,for-sale,2140,borgerhout
antwerpen,House,https://immovlan.be/en/detail/residence/for-sale/2640/mortsel/rbw16955,rbw16955,residence,for-sale,2640,mortsel
antwerpen,Apartment,https://immovlan.be/en/detail/apartment/for-sale/2100/deurne/rbw16956,rbw16956,apartment,for-sale,2100,deurne
antwerpen,House,https://immovlan.be/en/detail/residence/for-sale/2018/antwerp/rbw16954,rbw16954,residence,for-sale,2018,antwerp
antwerpen,Apartment,https://immovlan.be/en/detail/apartment/for-sale/2940/stabroek/rbw16952,rbw16952,apartment,for-sale,2940,stabroek
antwerpen,Apartment,https://immovlan.be/en/detail/apartment/for-sale/2000/antwerp/rbw16950,rbw16950,apartment,for-sale,2000,antwerp
antwerpen,Apartment,https://immovlan.be/en/detail/studio/for-sale/2060/antwerp/rbw16949,rbw16949,studio,for-sale,2060,antwerp
antwerpen,Apartment,https://immovlan.be/en/detail/apartment/for-sale/2140/borgerhout/rbw16948,rbw16948,apartment,for-sale,2140,borgerhout
antwerpen,House,https://immovlan.be/en/detail/residence/for-sale/2100/deurne/rbw16947,rbw16947,residence,for-sale,2100,deurne
antwerpen,Apartment,https://immovlan.be/en/detail/apartment/for-sale/2650/edegem/rbw16946,rbw16946,apartment,for-sale,2650,edegem
antwerpen,Apartment,https://immovlan.be/en/detail/apartment/for-sale/2100/deurne/rbw16945,rbw16945,apartment,for-sale,2100,deurne
antwerpen,House,https://immovlan.be/en/detail/residence/for-sale/2100/deurne/rbw16944,rbw16944,residence,for-sale,2100,deurne
antwerpen,Apartment,https://immovlan.be/en/detail/apartment/for-sale/2300/turnhout/rbw16941,rbw16941,apartment,for-sale,2300,turnhout
antwerpen,Apartment,https://immovlan.be/en/detail/penthouse/for-sale/2650/edegem/vbe32721,vbe32721,penthouse,for-sale,2650,edegem
antwerpen,House,https://immovlan.be/en/detail/residence/for-sale/2800/mechelen/rbw16921,rbw16921,residence,for-sale,2800,mechelen
antwerpen,Apartment,https://immovlan.be/en/detail/apartment/for-sale/2000/antwerp/rbw16917,rbw16917,apartment,for-sale,2000,antwerp
antwerpen,House,https://immovlan.be/en/detail/residence/for-sale/2950/kapellen/rbw16880,rbw16880,residence,for-sale,2950,kapellen
antwerpen,House,https://immovlan.be/en/detail/residence/for-sale/2560/nijlen/rbw16770,rbw16770,residence,for-sale,2560,nijlen
antwerpen,House,https://immovlan.be/en/detail/residence/for-sale/2570/duffel/rbw16724,rbw16724,residence,for-sale,2570,duffel
antwerpen,House,https://immovlan.be/en/detail/residence/for-sale/2860/sint-katelijne-waver/rbw16723,rbw16723,residence,for-sale,2860,sint-katelijne-waver
antwerpen,House,https://immovlan.be/en/detail/residence/for-sale/2580/beerzel/rbw16722,rbw16722,residence,for-sale,2580,beerzel
antwerpen,House,https://immovlan.be/en/detail/residence/for-sale/2340/vlimmeren/rbw16430,rbw16430,residence,for-sale,2340,vlimmeren
antwerpen,House,https://immovlan.be/en/detail/residence/for-sale/2322/minderhout/rbw16427,rbw16427,residence,for-sale,2322,minderhout
antwerpen,House,https://immovlan.be/en/detail/residence/for-sale/2300/turnhout/rbw16426,rbw16426,residence,for-sale,2300,turnhout
antwerpen,Apartment,https://immovlan.be/en/detail/apartment/for-sale/2050/antwerp/rbw16410,rbw16410,apartment,for-sale,2050,antwerp
antwerpen,House,https://immovlan.be/en/detail/residence/for-sale/2610/wilrijk/rbw16409,rbw16409,residence,for-sale,2610,wilrijk
antwerpen,House,https://immovlan.be/en/detail/residence/for-sale/2100/deurne/rbw16408,rbw16408,residence,for-sale,2100,deurne
antwerpen,Apartment,https://immovlan.be/en/detail/apartment/for-sale/2018/antwerp/rbw16358,rbw16358,apartment,for-sale,2018,antwerp
antwerpen,House,https://immovlan.be/en/detail/residence/for-sale/2310/rijkevorsel/rbw16357,rbw16357,residence,for-sale,2310,rijkevorsel
antwerpen,House,https://immovlan.be/en/detail/villa/for-sale/2910/essen/rbw16348,rbw16348,villa,for-sale,2910,essen
antwerpen,House,https://immovlan.be/en/detail/residence/for-sale/2910/essen/rbw16347,rbw16347,residence,for-sale,2910,essen
antwerpen,House,https://immovlan.be/en/detail/villa/for-sale/2940/stabroek/rbw16345,rbw16345,villa,for-sale,2940,stabroek
antwerpen,House,https://immovlan.be/en/detail/villa/for-sale/2910/essen/rbw16344,rbw16344,villa,for-sale,2910,essen
antwerpen,House,https://immovlan.be/en/detail/residence/for-sale/2910/essen/rbw16343,rbw16343,residence,for-sale,2910,essen
antwerpen,House,https://immovlan.be/en/detail/residence/for-sale/2920/kalmthout/rbw16340,rbw16340,residence,for-sale,2920,kalmthout
antwerpen,House,https://immovlan.be/en/detail/residence/for-sale/2910/essen/rbw16339,rbw16339,residence,for-sale,2910,essen
antwerpen,House,https://immovlan.be/en/detail/residence/for-sale/2990/wuustwezel/rbw16337,rbw16337,residence,for-sale,2990,wuustwezel
antwerpen,House,https://immovlan.be/en/detail/residence/for-sale/2940/stabroek/rbw16330,rbw16330,residence,for-sale,2940,stabroek
antwerpen,House,https://immovlan.be/en/detail/residence/for-sale/2910/essen/rbw16329,rbw16329,residence,for-sale,2910,essen
antwerpen,House,https://immovlan.be/en/detail/residence/for-sale/2970/schilde/vbe32594,vbe32594,residence,for-sale,2970,schilde
antwerpen,Apartment,https://immovlan.be/en/detail/apartment/for-sale/2480/dessel/rbw16290,rbw16290,apartment,for-sale,2480,dessel
antwerpen,House,https://immovlan.be/en/detail/residence/for-sale/2490/balen/rbw16289,rbw16289,residence,for-sale,2490,balen
antwerpen,Apartment,https://immovlan.be/en/detail/ground-floor/for-sale/2100/deurne/rbw16280,rbw16280,ground-floor,for-sale,2100,deurne
antwerpen,Apartment,https://immovlan.be/en/detail/penthouse/for-sale/2000/antwerp/rbw16279,rbw16279,penthouse,for-sale,2000,antwerp
antwerpen,Apartment,https://immovlan.be/en/detail/ground-floor/for-sale/2520/ranst/rbw16273,rbw16273,ground-floor,for-sale,2520,ranst
antwerpen,House,https://immovlan.be/en/detail/residence/for-sale/2275/lille/rbw16263,rbw16263,residence,for-sale,2275,lille
antwerpen,House,https://immovlan.be/en/detail/residence/for-sale/2110/wijnegem/rwc42739,rwc42739,residence,for-sale,2110,wijnegem
antwerpen,Apartment,https://immovlan.be/en/detail/apartment/for-sale/2310/rijkevorsel/rbw16244,rbw16244,apartment,for-sale,2310,rijkevorsel
antwerpen,House,https://immovlan.be/en/detail/residence/for-sale/2970/schilde/vbe32360,vbe32360,residence,for-sale,2970,schilde
antwerpen,House,https://immovlan.be/en/detail/residence/for-sale/2820/bonheiden/vbe32359,vbe32359,residence,for-sale,2820,bonheiden
antwerpen,House,https://immovlan.be/en/detail/residence/for-sale/2930/brasschaat/vbe32358,vbe32358,residence,for-sale,2930,brasschaat
antwerpen,House,https://immovlan.be/en/detail/residence/for-sale/2590/berlaar/vbe32357,vbe32357,residence,for-sale,2590,berlaar
antwerpen,House,https://immovlan.be/en/detail/residence/for-sale/2570/duffel/vbe32356,vbe32356,residence,for-sale,2570,duffel
antwerpen,House,https://immovlan.be/en/detail/residence/for-sale/2221/booischot/vbe32355,vbe32355,residence,for-sale,2221,booischot
antwerpen,House,https://immovlan.be/en/detail/residence/for-sale/2570/duffel/vbe32354,vbe32354,residence,for-sale,2570,duffel
antwerpen,House,https://immovlan.be/en/detail/residence/for-sale/2220/heist-op-den-berg/vbe32353,vbe32353,residence,for-sale,2220,heist-op-den-berg
antwerpen,House,https://immovlan.be/en/detail/residence/for-sale/2960/brecht/rbw16236,rbw16236,residence,for-sale,2960,brecht
antwerpen,House,https://immovlan.be/en/detail/residence/for-sale/2110/wijnegem/rwc42737,rwc42737,residence,for-sale,2110,wijnegem
antwerpen,Apartment,https://immovlan.be/en/detail/apartment/for-sale/2000/antwerp/rbw16232,rbw16232,apartment,for-sale,2000,antwerp
antwerpen,House,https://immovlan.be/en/detail/residence/for-sale/2300/turnhout/rbw16206,rbw16206,residence,for-sale,2300,turnhout
antwerpen,Apartment,https://immovlan.be/en/detail/apartment/for-sale/2430/laakdal/rbw16122,rbw16122,apartment,for-sale,2430,laakdal
antwerpen,Apartment,https://immovlan.be/en/detail/apartment/for-sale/2430/laakdal/rbw16121,rbw16121,apartment,for-sale,2430,laakdal
antwerpen,Apartment,https://immovlan.be/en/detail/apartment/for-sale/2430/laakdal/rbw16120,rbw16120,apartment,for-sale,2430,laakdal
antwerpen,House,https://immovlan.be/en/detail/chalet/for-sale/2230/herselt/rbw16119,rbw16119,chalet,for-sale,2230,herselt
antwerpen,House,https://immovlan.be/en/detail/residence/for-sale/2140/borgerhout/rbw16112,rbw16112,residence,for-sale,2140,borgerhout
antwerpen,Apartment,https://immovlan.be/en/detail/apartment/for-sale/2000/antwerp/rbw16106,rbw16106,apartment,for-sale,2000,antwerp
antwerpen,Apartment,https://immovlan.be/en/detail/apartment/for-sale/2180/ekeren/rbw16082,rbw16082,apartment,for-sale,2180,ekeren
antwerpen,House,https://immovlan.be/en/detail/residence/for-sale/2900/schoten/rbw16081,rbw16081,residence,for-sale,2900,schoten
antwerpen,House,https://immovlan.be/en/detail/residence/for-sale/2180/ekeren/rbw16080,rbw16080,residence,for-sale,2180,ekeren
antwerpen,Apartment,https://immovlan.be/en/detail/apartment/for-sale/2180/ekeren/rbw16079,rbw16079,apartment,for-sale,2180,ekeren
antwerpen,Apartment,https://immovlan.be/en/detail/ground-floor/for-sale/2950/kapellen/rbw16078,rbw16078,ground-floor,for-sale,2950,kapellen
antwerpen,House,https://immovlan.be/en/detail/villa/for-sale/2940/hoevenen/rbw16077,rbw16077,villa,for-sale,2940,hoevenen
antwerpen,House,https://immovlan.be/en/detail/residence/for-sale/2180/ekeren/rbw16076,rbw16076,residence,for-sale,2180,ekeren
antwerpen,Apartment,https://immovlan.be/en/detail/duplex/for-sale/2030/antwerp/rbw16074,rbw16074,duplex,for-sale,2030,antwerp
antwerpen,House,https://immovlan.be/en/detail/residence/for-sale/2180/ekeren/rbw16073,rbw16073,residence,for-sale,2180,ekeren
antwerpen,House,https://immovlan.be/en/detail/residence/for-sale/2950/kapellen/rbw16072,rbw16072,residence,for-sale,2950,kapellen
antwerpen,Apartment,https://immovlan.be/en/detail/duplex/for-sale/2950/kapellen/rbw16071,rbw16071,duplex,for-sale,2950,kapellen
antwerpen,House,https://immovlan.be/en/detail/residence/for-sale/2900/schoten/rbw16070,rbw16070,residence,for-sale,2900,schoten
antwerpen,House,https://immovlan.be/en/detail/residence/for-sale/2180/ekeren/rbw16069,rbw16069,residence,for-sale,2180,ekeren
antwerpen,Apartment,https://immovlan.be/en/detail/apartment/for-sale/2100/deurne/rbw16067,rbw16067,apartment,for-sale,2100,deurne
antwerpen,Apartment,https://immovlan.be/en/detail/apartment/for-sale/2640/mortsel/rbw16064,rbw16064,apartment,for-sale,2640,mortsel
antwerpen,House,https://immovlan.be/en/detail/residence/for-sale/2650/edegem/rbw16063,rbw16063,residence,for-sale,2650,edegem
antwerpen,House,https://immovlan.be/en/detail/residence/for-sale/2547/lint/rbw16061,rbw16061,residence,for-sale,2547,lint
antwerpen,Apartment,https://immovlan.be/en/detail/apartment/for-sale/2640/mortsel/rbw16060,rbw16060,apartment,for-sale,2640,mortsel
antwerpen,Apartment,https://immovlan.be/en/detail/ground-floor/for-sale/2550/kontich/rbw16059,rbw16059,ground-floor,for-sale,2550,kontich
antwerpen,Apartment,https://immovlan.be/en/detail/ground-floor/for-sale/2640/mortsel/rbw16058,rbw16058,ground-floor,for-sale,2640,mortsel
antwerpen,Apartment,https://immovlan.be/en/detail/apartment/for-sale/2930/brasschaat/rbw16056,rbw16056,apartment,for-sale,2930,brasschaat
antwerpen,Apartment,https://immovlan.be/en/detail/apartment/for-sale/2930/brasschaat/rbw16055,rbw16055,apartment,for-sale,2930,brasschaat
antwerpen,House,https://immovlan.be/en/detail/residence/for-sale/2930/brasschaat/rbw16054,rbw16054,residence,for-sale,2930,brasschaat
antwerpen,House,https://immovlan.be/en/detail/residence/for-sale/2960/brecht/rbw16053,rbw16053,residence,for-sale,2960,brecht
antwerpen,House,https://immovlan.be/en/detail/residence/for-sale/2930/brasschaat/rbw16052,rbw16052,residence,for-sale,2930,brasschaat
antwerpen,House,https://immovlan.be/en/detail/chalet/for-sale/2960/brecht/rbw16051,rbw16051,chalet,for-sale,2960,brecht
antwerpen,House,https://immovlan.be/en/detail/residence/for-sale/2930/brasschaat/rbw16050,rbw16050,residence,for-sale,2930,brasschaat
antwerpen,Apartment,https://immovlan.be/en/detail/apartment/for-sale/2930/brasschaat/rbw16049,rbw16049,apartment,for-sale,2930,brasschaat
antwerpen,House,https://immovlan.be/en/detail/residence/for-sale/2970/schilde/rbw16048,rbw16048,residence,for-sale,2970,schilde
antwerpen,House,https://immovlan.be/en/detail/residence/for-sale/2960/sint-job-in--t-goor/rbw16047,rbw16047,residence,for-sale,2960,sint-job-in--t-goor
antwerpen,House,https://immovlan.be/en/detail/residence/for-sale/2960/brecht/rbw16046,rbw16046,residence,for-sale,2960,brecht
antwerpen,House,https://immovlan.be/en/detail/residence/for-sale/2960/brecht/rbw16045,rbw16045,residence,for-sale,2960,brecht
antwerpen,House,https://immovlan.be/en/detail/residence/for-sale/2960/sint-job-in--t-goor/rbw16044,rbw16044,residence,for-sale,2960,sint-job-in--t-goor
antwerpen,Apartment,https://immovlan.be/en/detail/apartment/for-sale/2930/brasschaat/rbw16043,rbw16043,apartment,for-sale,2930,brasschaat
antwerpen,House,https://immovlan.be/en/detail/residence/for-sale/2800/mechelen/rbw16036,rbw16036,residence,for-sale,2800,mechelen
antwerpen,House,https://immovlan.be/en/detail/residence/for-sale/2860/sint-katelijne-waver/rbw16035,rbw16035,residence,for-sale,2860,sint-katelijne-waver
antwerpen,Apartment,https://immovlan.be/en/detail/apartment/for-sale/2140/borgerhout/rbw16000,rbw16000,apartment,for-sale,2140,borgerhout
antwerpen,House,https://immovlan.be/en/detail/residence/for-sale/2290/vorselaar/rbw15998,rbw15998,residence,for-sale,2290,vorselaar
antwerpen,House,https://immovlan.be/en/detail/master-house/in-public-sale/2018/antwerp/rbw15979,rbw15979,master-house,in-public-sale,2018,antwerp
antwerpen,House,https://immovlan.be/en/detail/bungalow/for-sale/2630/aartselaar/rbw15968,rbw15968,bungalow,for-sale,2630,aartselaar
antwerpen,Apartment,https://immovlan.be/en/detail/apartment/for-sale/2020/antwerp/rbw15921,rbw15921,apartment,for-sale,2020,antwerp
antwerpen,Apartment,https://immovlan.be/en/detail/penthouse/for-sale/2260/westerlo/rbw15920,rbw15920,penthouse,for-sale,2260,westerlo
antwerpen,Apartment,https://immovlan.be/en/detail/apartment/for-sale/2930/brasschaat/rbw13669,rbw13669,apartment,for-sale,2930,brasschaat
antwerpen,Apartment,https://immovlan.be/en/detail/apartment/for-sale/2100/deurne/rbw13668,rbw13668,apartment,for-sale,2100,deurne
antwerpen,House,https://immovlan.be/en/detail/residence/for-sale/2580/beerzel/rbw13667,rbw13667,residence,for-sale,2580,beerzel
antwerpen,House,https://immovlan.be/en/detail/residence/for-sale/2220/heist-op-den-berg/rbw13666,rbw13666,residence,for-sale,2220,heist-op-den-berg
antwerpen,House,https://immovlan.be/en/detail/residence/for-sale/2860/sint-katelijne-waver/rbw13655,rbw13655,residence,for-sale,2860,sint-katelijne-waver
antwerpen,House,https://immovlan.be/en/detail/mixed-building/for-sale/2800/mechelen/vbe31976,vbe31976,mixed-building,for-sale,2800,mechelen
antwerpen,Apartment,https://immovlan.be/en/detail/apartment/for-sale/2050/antwerp/rbw13651,rbw13651,apartment,for-sale,2050,antwerp
antwerpen,Apartment,https://immovlan.be/en/detail/apartment/for-sale/2800/mechelen/rbw13648,rbw13648,apartment,for-sale,2800,mechelen
antwerpen,Apartment,https://immovlan.be/en/detail/apartment/for-sale/2800/mechelen/rbw13647,rbw13647,apartment,for-sale,2800,mechelen
antwerpen,Apartment,https://immovlan.be/en/detail/apartment/for-sale/2850/boom/rwc42730,rwc42730,apartment,for-sale,2850,boom
antwerpen,Apartment,https://immovlan.be/en/detail/apartment/for-sale/2300/turnhout/rbw13424,rbw13424,apartment,for-sale,2300,turnhout
antwerpen,House,https://immovlan.be/en/detail/residence/for-sale/2300/turnhout/rbw13422,rbw13422,residence,for-sale,2300,turnhout
antwerpen,House,https://immovlan.be/en/detail/residence/for-sale/2300/turnhout/rbw13421,rbw13421,residence,for-sale,2300,turnhout
antwerpen,Apartment,https://immovlan.be/en/detail/apartment/for-sale/2300/turnhout/rbw13420,rbw13420,apartment,for-sale,2300,turnhout
antwerpen,Apartment,https://immovlan.be/en/detail/apartment/for-sale/2275/gierle/rbw13419,rbw13419,apartment,for-sale,2275,gierle
antwerpen,House,https://immovlan.be/en/detail/residence/for-sale/2300/turnhout/rbw13418,rbw13418,residence,for-sale,2300,turnhout
antwerpen,House,https://immovlan.be/en/detail/residence/for-sale/2300/turnhout/rbw13417,rbw13417,residence,for-sale,2300,turnhout
antwerpen,House,https://immovlan.be/en/detail/residence/for-sale/2300/turnhout/rbw13416,rbw13416,residence,for-sale,2300,turnhout
antwerpen,Apartment,https://immovlan.be/en/detail/apartment/for-sale/2300/turnhout/rbw13415,rbw13415,apartment,for-sale,2300,turnhout
antwerpen,Apartment,https://immovlan.be/en/detail/apartment/for-sale/2275/gierle/rbw13414,rbw13414,apartment,for-sale,2275,gierle
antwerpen,Apartment,https://immovlan.be/en/detail/apartment/for-sale/2300/turnhout/rbw13413,rbw13413,apartment,for-sale,2300,turnhout
antwerpen,Apartment,https://immovlan.be/en/detail/apartment/for-sale/2300/turnhout/rbw13412,rbw13412,apartment,for-sale,2300,turnhout
antwerpen,House,https://immovlan.be/en/detail/residence/for-sale/2300/turnhout/rbw13411,rbw13411,residence,for-sale,2300,turnhout
antwerpen,House,https://immovlan.be/en/detail/residence/for-sale/2300/turnhout/rbw13410,rbw13410,residence,for-sale,2300,turnhout
antwerpen,Apartment,https://immovlan.be/en/detail/apartment/for-sale/2300/turnhout/rbw13409,rbw13409,apartment,for-sale,2300,turnhout
antwerpen,House,https://immovlan.be/en/detail/residence/for-sale/2380/ravels/rbw13407,rbw13407,residence,for-sale,2380,ravels
antwerpen,House,https://immovlan.be/en/detail/residence/for-sale/2300/turnhout/rbw13405,rbw13405,residence,for-sale,2300,turnhout
antwerpen,House,https://immovlan.be/en/detail/residence/for-sale/2480/dessel/rbw13404,rbw13404,residence,for-sale,2480,dessel
antwerpen,House,https://immovlan.be/en/detail/residence/for-sale/2300/turnhout/rbw13403,rbw13403,residence,for-sale,2300,turnhout
antwerpen,House,https://immovlan.be/en/detail/residence/for-sale/2300/turnhout/rbw13400,rbw13400,residence,for-sale,2300,turnhout
antwerpen,Apartment,https://immovlan.be/en/detail/penthouse/for-sale/2800/mechelen/rbw13386,rbw13386,penthouse,for-sale,2800,mechelen
antwerpen,House,https://immovlan.be/en/detail/residence/for-sale/2580/putte/rbw13381,rbw13381,residence,for-sale,2580,putte
antwerpen,House,https://immovlan.be/en/detail/residence/for-sale/2550/kontich/rbw13373,rbw13373,residence,for-sale,2550,kontich
antwerpen,House,https://immovlan.be/en/detail/residence/for-sale/2200/herentals/rbw13368,rbw13368,residence,for-sale,2200,herentals
antwerpen,House,https://immovlan.be/en/detail/residence/for-sale/2845/niel/rbw13364,rbw13364,residence,for-sale,2845,niel
antwerpen,House,https://immovlan.be/en/detail/residence/for-sale/2800/mechelen/rbw13363,rbw13363,residence,for-sale,2800,mechelen
antwerpen,Apartment,https://immovlan.be/en/detail/apartment/for-sale/2170/merksem/rbw13362,rbw13362,apartment,for-sale,2170,merksem
antwerpen,House,https://immovlan.be/en/detail/villa/for-sale/2550/kontich/rbw13361,rbw13361,villa,for-sale,2550,kontich
antwerpen,House,https://immovlan.be/en/detail/residence/for-sale/2070/zwijndrecht/rbw13338,rbw13338,residence,for-sale,2070,zwijndrecht
antwerpen,Apartment,https://immovlan.be/en/detail/apartment/for-sale/2000/antwerp/rbw13328,rbw13328,apartment,for-sale,2000,antwerp
antwerpen,Apartment,https://immovlan.be/en/detail/apartment/for-sale/2150/borsbeek/rbw13316,rbw13316,apartment,for-sale,2150,borsbeek
antwerpen,House,https://immovlan.be/en/detail/villa/for-sale/2580/putte/rbw13311,rbw13311,villa,for-sale,2580,putte
antwerpen,Apartment,https://immovlan.be/en/detail/apartment/for-sale/2140/antwerp/rbw13282,rbw13282,apartment,for-sale,2140,antwerp
antwerpen,Apartment,https://immovlan.be/en/detail/apartment/for-sale/2650/edegem/rbw13272,rbw13272,apartment,for-sale,2650,edegem
antwerpen,Apartment,https://immovlan.be/en/detail/apartment/for-sale/2200/herentals/rbw12788,rbw12788,apartment,for-sale,2200,herentals
antwerpen,House,https://immovlan.be/en/detail/residence/for-sale/2390/malle/rbw12782,rbw12782,residence,for-sale,2390,malle
antwerpen,House,https://immovlan.be/en/detail/residence/for-sale/2300/turnhout/rbw12780,rbw12780,residence,for-sale,2300,turnhout
antwerpen,Apartment,https://immovlan.be/en/detail/apartment/for-sale/2830/willebroek/rbw12776,rbw12776,apartment,for-sale,2830,willebroek
antwerpen,House,https://immovlan.be/en/detail/residence/for-sale/2830/willebroek/rbw12769,rbw12769,residence,for-sale,2830,willebroek
antwerpen,Apartment,https://immovlan.be/en/detail/duplex/for-sale/2600/berchem/rbw12766,rbw12766,duplex,for-sale,2600,berchem
antwerpen,House,https://immovlan.be/en/detail/residence/for-sale/2040/berendrecht/rbw12748,rbw12748,residence,for-sale,2040,berendrecht
antwerpen,Apartment,https://immovlan.be/en/detail/apartment/for-sale/2560/kessel/rbw12738,rbw12738,apartment,for-sale,2560,kessel
antwerpen,House,https://immovlan.be/en/detail/residence/for-sale/2560/kessel/rbw12737,rbw12737,residence,for-sale,2560,kessel
antwerpen,House,https://immovlan.be/en/detail/residence/for-sale/2860/sint-katelijne-waver/rbw12734,rbw12734,residence,for-sale,2860,sint-katelijne-waver
antwerpen,House,https://immovlan.be/en/detail/residence/for-sale/2222/wiekevorst/rbw12726,rbw12726,residence,for-sale,2222,wiekevorst
antwerpen,House,https://immovlan.be/en/detail/residence/for-sale/2260/westerlo/rbw12725,rbw12725,residence,for-sale,2260,westerlo
antwerpen,House,https://immovlan.be/en/detail/residence/for-sale/2870/puurs/rbw12713,rbw12713,residence,for-sale,2870,puurs
antwerpen,House,https://immovlan.be/en/detail/residence/for-sale/2870/puurs/rbw12712,rbw12712,residence,for-sale,2870,puurs
antwerpen,House,https://immovlan.be/en/detail/residence/for-sale/2560/nijlen/rbw12699,rbw12699,residence,for-sale,2560,nijlen
antwerpen,Apartment,https://immovlan.be/en/detail/apartment/for-sale/2070/zwijndrecht/rbw12659,rbw12659,apartment,for-sale,2070,zwijndrecht
antwerpen,House,https://immovlan.be/en/detail/residence/for-sale/2480/dessel/rbw12651,rbw12651,residence,for-sale,2480,dessel
antwerpen,Apartment,https://immovlan.be/en/detail/apartment/for-sale/2440/geel/rbw12608,rbw12608,apartment,for-sale,2440,geel
antwerpen,House,https://immovlan.be/en/detail/residence/for-sale/2400/mol/rbw12603,rbw12603,residence,for-sale,2400,mol
antwerpen,House,https://immovlan.be/en/detail/residence/for-sale/2450/meerhout/rbw12602,rbw12602,residence,for-sale,2450,meerhout
antwerpen,Apartment,https://immovlan.be/en/detail/apartment/for-sale/2018/antwerp/rbw12547,rbw12547,apartment,for-sale,2018,antwerp
antwerpen,House,https://immovlan.be/en/detail/residence/for-sale/2430/eindhout/rbw12546,rbw12546,residence,for-sale,2430,eindhout
antwerpen,Apartment,https://immovlan.be/en/detail/apartment/for-sale/2100/deurne/rbw12545,rbw12545,apartment,for-sale,2100,deurne
antwerpen,Apartment,https://immovlan.be/en/detail/apartment/for-sale/2060/antwerp/rbw12544,rbw12544,apartment,for-sale,2060,antwerp
antwerpen,Apartment,https://immovlan.be/en/detail/apartment/for-sale/2500/lier/rbw12535,rbw12535,apartment,for-sale,2500,lier
antwerpen,Apartment,https://immovlan.be/en/detail/apartment/for-sale/2500/lier/rbw12533,rbw12533,apartment,for-sale,2500,lier
antwerpen,House,https://immovlan.be/en/detail/residence/for-sale/2800/mechelen/rbw12522,rbw12522,residence,for-sale,2800,mechelen
antwerpen,House,https://immovlan.be/en/detail/residence/for-sale/2800/mechelen/rbw12521,rbw12521,residence,for-sale,2800,mechelen
antwerpen,House,https://immovlan.be/en/detail/residence/for-sale/2811/leest/rbw12519,rbw12519,residence,for-sale,2811,leest
antwerpen,House,https://immovlan.be/en/detail/residence/for-sale/2820/rijmenam/rbw12518,rbw12518,residence,for-sale,2820,rijmenam
antwerpen,House,https://immovlan.be/en/detail/residence/for-sale/2970/schilde/rbw12510,rbw12510,residence,for-sale,2970,schilde
antwerpen,House,https://immovlan.be/en/detail/residence/for-sale/2930/brasschaat/rbw12509,rbw12509,residence,for-sale,2930,brasschaat
antwerpen,Apartment,https://immovlan.be/en/detail/apartment/for-sale/2850/boom/rbw12500,rbw12500,apartment,for-sale,2850,boom
antwerpen,House,https://immovlan.be/en/detail/residence/for-sale/2811/leest/rbw12498,rbw12498,residence,for-sale,2811,leest
antwerpen,House,https://immovlan.be/en/detail/villa/for-sale/2500/lier/rbw12490,rbw12490,villa,for-sale,2500,lier
antwerpen,Apartment,https://immovlan.be/en/detail/apartment/for-sale/2600/berchem/rbw12398,rbw12398,apartment,for-sale,2600,berchem
antwerpen,Apartment,https://immovlan.be/en/detail/apartment/for-sale/2600/berchem/rbw12397,rbw12397,apartment,for-sale,2600,berchem
antwerpen,House,https://immovlan.be/en/detail/residence/for-sale/2820/bonheiden/rbw12347,rbw12347,residence,for-sale,2820,bonheiden
antwerpen,Apartment,https://immovlan.be/en/detail/apartment/for-sale/2100/deurne/rbw12291,rbw12291,apartment,for-sale,2100,deurne
antwerpen,Apartment,https://immovlan.be/en/detail/apartment/for-sale/2100/deurne/rbw12290,rbw12290,apartment,for-sale,2100,deurne
antwerpen,Apartment,https://immovlan.be/en/detail/apartment/for-sale/2100/deurne/rbw12289,rbw12289,apartment,for-sale,2100,deurne
antwerpen,Apartment,https://immovlan.be/en/detail/apartment/for-sale/2100/deurne/rbw12288,rbw12288,apartment,for-sale,2100,deurne
antwerpen,Apartment,https://immovlan.be/en/detail/apartment/for-sale/2100/deurne/rbw12287,rbw12287,apartment,for-sale,2100,deurne
antwerpen,Apartment,https://immovlan.be/en/detail/apartment/for-sale/2100/deurne/rbw12286,rbw12286,apartment,for-sale,2100,deurne
antwerpen,Apartment,https://immovlan.be/en/detail/apartment/for-sale/2100/deurne/rbw12285,rbw12285,apartment,for-sale,2100,deurne
antwerpen,Apartment,https://immovlan.be/en/detail/apartment/for-sale/2100/deurne/rbw12284,rbw12284,apartment,for-sale,2100,deurne
antwerpen,Apartment,https://immovlan.be/en/detail/apartment/for-sale/2100/deurne/rbw12283,rbw12283,apartment,for-sale,2100,deurne
antwerpen,Apartment,https://immovlan.be/en/detail/apartment/for-sale/2100/deurne/rbw12282,rbw12282,apartment,for-sale,2100,deurne
antwerpen,Apartment,https://immovlan.be/en/detail/apartment/for-sale/2060/antwerp/rbw12167,rbw12167,apartment,for-sale,2060,antwerp
antwerpen,House,https://immovlan.be/en/detail/residence/for-sale/2500/lier/rbw12142,rbw12142,residence,for-sale,2500,lier
antwerpen,Apartment,https://immovlan.be/en/detail/apartment/for-sale/2000/antwerp/rbw12137,rbw12137,apartment,for-sale,2000,antwerp
antwerpen,Apartment,https://immovlan.be/en/detail/apartment/for-sale/2800/mechelen/rbw12113,rbw12113,apartment,for-sale,2800,mechelen
antwerpen,Apartment,https://immovlan.be/en/detail/apartment/for-sale/2800/mechelen/rbw12112,rbw12112,apartment,for-sale,2800,mechelen
antwerpen,House,https://immovlan.be/en/detail/residence/for-sale/2382/poppel/rbw11885,rbw11885,residence,for-sale,2382,poppel
antwerpen,House,https://immovlan.be/en/detail/residence/for-sale/2830/willebroek/rbw11880,rbw11880,residence,for-sale,2830,willebroek
antwerpen,House,https://immovlan.be/en/detail/residence/for-sale/2830/willebroek/rbw11878,rbw11878,residence,for-sale,2830,willebroek
antwerpen,House,https://immovlan.be/en/detail/residence/for-sale/2830/willebroek/rbw11877,rbw11877,residence,for-sale,2830,willebroek
antwerpen,House,https://immovlan.be/en/detail/residence/for-sale/2830/willebroek/rbw11875,rbw11875,residence,for-sale,2830,willebroek
antwerpen,House,https://immovlan.be/en/detail/residence/for-sale/2830/willebroek/rbw11874,rbw11874,residence,for-sale,2830,willebroek
antwerpen,House,https://immovlan.be/en/detail/residence/for-sale/2830/willebroek/rbw11873,rbw11873,residence,for-sale,2830,willebroek
antwerpen,House,https://immovlan.be/en/detail/residence/for-sale/2830/willebroek/rbw11872,rbw11872,residence,for-sale,2830,willebroek
antwerpen,House,https://immovlan.be/en/detail/residence/for-sale/2830/willebroek/rbw11871,rbw11871,residence,for-sale,2830,willebroek
antwerpen,House,https://immovlan.be/en/detail/residence/for-sale/2440/geel/rbw11865,rbw11865,residence,for-sale,2440,geel
antwerpen,Apartment,https://immovlan.be/en/detail/apartment/for-sale/2100/deurne/rbw11862,rbw11862,apartment,for-sale,2100,deurne
antwerpen,House,https://immovlan.be/en/detail/master-house/for-sale/2018/antwerp/rbw11859,rbw11859,master-house,for-sale,2018,antwerp
antwerpen,House,https://immovlan.be/en/detail/residence/for-sale/2018/antwerp/rbw11856,rbw11856,residence,for-sale,2018,antwerp
antwerpen,Apartment,https://immovlan.be/en/detail/penthouse/for-sale/2223/schriek/rbw11841,rbw11841,penthouse,for-sale,2223,schriek
antwerpen,Apartment,https://immovlan.be/en/detail/penthouse/for-sale/2220/heist-op-den-berg/rbw11840,rbw11840,penthouse,for-sale,2220,heist-op-den-berg
antwerpen,Apartment,https://immovlan.be/en/detail/penthouse/for-sale/2220/heist-op-den-berg/rbw11839,rbw11839,penthouse,for-sale,2220,heist-op-den-berg
antwerpen,Apartment,https://immovlan.be/en/detail/penthouse/for-sale/2223/schriek/rbw11838,rbw11838,penthouse,for-sale,2223,schriek
antwerpen,Apartment,https://immovlan.be/en/detail/penthouse/for-sale/2223/schriek/rbw11835,rbw11835,penthouse,for-sale,2223,schriek
antwerpen,Apartment,https://immovlan.be/en/detail/penthouse/for-sale/2220/heist-op-den-berg/rbw11834,rbw11834,penthouse,for-sale,2220,heist-op-den-berg
antwerpen,House,https://immovlan.be/en/detail/residence/for-sale/2870/puurs/rbw11820,rbw11820,residence,for-sale,2870,puurs
antwerpen,House,https://immovlan.be/en/detail/residence/for-sale/2870/puurs/rbw11819,rbw11819,residence,for-sale,2870,puurs
antwerpen,House,https://immovlan.be/en/detail/residence/for-sale/2870/puurs/rbw11818,rbw11818,residence,for-sale,2870,puurs
antwerpen,House,https://immovlan.be/en/detail/residence/for-sale/2850/boom/rbw11817,rbw11817,residence,for-sale,2850,boom
antwerpen,Apartment,https://immovlan.be/en/detail/apartment/for-sale/2600/berchem/rbw11805,rbw11805,apartment,for-sale,2600,berchem
antwerpen,House,https://immovlan.be/en/detail/residence/for-sale/2840/rumst/rbw11804,rbw11804,residence,for-sale,2840,rumst
antwerpen,House,https://immovlan.be/en/detail/residence/for-sale/2200/herentals/rbw11788,rbw11788,residence,for-sale,2200,herentals
antwerpen,House,https://immovlan.be/en/detail/residence/for-sale/2220/heist-op-den-berg/rbw11783,rbw11783,residence,for-sale,2220,heist-op-den-berg
antwerpen,House,https://immovlan.be/en/detail/villa/for-sale/2830/heindonk/rbw11772,rbw11772,villa,for-sale,2830,heindonk
antwerpen,Apartment,https://immovlan.be/en/detail/apartment/for-sale/2800/mechelen/rbw11770,rbw11770,apartment,for-sale,2800,mechelen
antwerpen,House,https://immovlan.be/en/detail/residence/for-sale/2800/mechelen/rbw11769,rbw11769,residence,for-sale,2800,mechelen
antwerpen,House,https://immovlan.be/en/detail/residence/for-sale/2800/mechelen/rbw11768,rbw11768,residence,for-sale,2800,mechelen
antwerpen,Apartment,https://immovlan.be/en/detail/apartment/for-sale/2000/antwerp/rbw11756,rbw11756,apartment,for-sale,2000,antwerp
antwerpen,House,https://immovlan.be/en/detail/residence/for-sale/2100/deurne/rbw11745,rbw11745,residence,for-sale,2100,deurne
antwerpen,House,https://immovlan.be/en/detail/residence/for-sale/2460/tielen/rbw11729,rbw11729,residence,for-sale,2460,tielen
antwerpen,Apartment,https://immovlan.be/en/detail/duplex/for-sale/2200/herentals/rbw11728,rbw11728,duplex,for-sale,2200,herentals
antwerpen,House,https://immovlan.be/en/detail/residence/for-sale/2300/turnhout/rbw11727,rbw11727,residence,for-sale,2300,turnhout
antwerpen,House,https://immovlan.be/en/detail/residence/for-sale/2370/arendonk/rbw11724,rbw11724,residence,for-sale,2370,arendonk
antwerpen,Apartment,https://immovlan.be/en/detail/apartment/for-sale/2300/turnhout/rbw11722,rbw11722,apartment,for-sale,2300,turnhout
antwerpen,House,https://immovlan.be/en/detail/villa/for-sale/2300/turnhout/rbw11721,rbw11721,villa,for-sale,2300,turnhout
antwerpen,House,https://immovlan.be/en/detail/residence/for-sale/2300/turnhout/rbw11715,rbw11715,residence,for-sale,2300,turnhout
antwerpen,Apartment,https://immovlan.be/en/detail/apartment/for-sale/2400/mol/rbw11713,rbw11713,apartment,for-sale,2400,mol
antwerpen,House,https://immovlan.be/en/detail/residence/for-sale/2800/mechelen/rbw11712,rbw11712,residence,for-sale,2800,mechelen
antwerpen,House,https://immovlan.be/en/detail/residence/for-sale/2960/brecht/rbw11661,rbw11661,residence,for-sale,2960,brecht
antwerpen,House,https://immovlan.be/en/detail/residence/for-sale/2970/schilde/rbw11660,rbw11660,residence,for-sale,2970,schilde
antwerpen,House,https://immovlan.be/en/detail/residence/for-sale/2930/brasschaat/rbw11659,rbw11659,residence,for-sale,2930,brasschaat
antwerpen,Apartment,https://immovlan.be/en/detail/apartment/for-sale/2960/brecht/rbw11658,rbw11658,apartment,for-sale,2960,brecht
antwerpen,Apartment,https://immovlan.be/en/detail/apartment/for-sale/2960/brecht/rbw11657,rbw11657,apartment,for-sale,2960,brecht
antwerpen,Apartment,https://immovlan.be/en/detail/apartment/for-sale/2930/brasschaat/rbw11655,rbw11655,apartment,for-sale,2930,brasschaat
antwerpen,Apartment,https://immovlan.be/en/detail/apartment/for-sale/2930/brasschaat/rbw11654,rbw11654,apartment,for-sale,2930,brasschaat
antwerpen,House,https://immovlan.be/en/detail/residence/for-sale/2930/brasschaat/rbw11652,rbw11652,residence,for-sale,2930,brasschaat
antwerpen,Apartment,https://immovlan.be/en/detail/apartment/for-sale/2930/brasschaat/rbw11648,rbw11648,apartment,for-sale,2930,brasschaat
antwerpen,House,https://immovlan.be/en/detail/residence/for-sale/2930/brasschaat/rbw11647,rbw11647,residence,for-sale,2930,brasschaat
antwerpen,Apartment,https://immovlan.be/en/detail/apartment/for-sale/2830/willebroek/rbw11642,rbw11642,apartment,for-sale,2830,willebroek
antwerpen,House,https://immovlan.be/en/detail/residence/for-sale/2860/sint-katelijne-waver/rbw11639,rbw11639,residence,for-sale,2860,sint-katelijne-waver
antwerpen,House,https://immovlan.be/en/detail/residence/for-sale/2830/willebroek/rbw11636,rbw11636,residence,for-sale,2830,willebroek
antwerpen,Apartment,https://immovlan.be/en/detail/apartment/for-sale/2870/ruisbroek/rbw11633,rbw11633,apartment,for-sale,2870,ruisbroek
antwerpen,House,https://immovlan.be/en/detail/residence/for-sale/2800/mechelen/rbw11631,rbw11631,residence,for-sale,2800,mechelen
antwerpen,House,https://immovlan.be/en/detail/residence/for-sale/2490/balen/rbw11588,rbw11588,residence,for-sale,2490,balen
antwerpen,House,https://immovlan.be/en/detail/residence/for-sale/2400/mol/rbw11587,rbw11587,residence,for-sale,2400,mol
antwerpen,Apartment,https://immovlan.be/en/detail/duplex/for-sale/2800/mechelen/rbw11584,rbw11584,duplex,for-sale,2800,mechelen
antwerpen,House,https://immovlan.be/en/detail/residence/for-sale/2560/nijlen/rbw11568,rbw11568,residence,for-sale,2560,nijlen
antwerpen,House,https://immovlan.be/en/detail/residence/for-sale/2580/putte/rbw11556,rbw11556,residence,for-sale,2580,putte
antwerpen,House,https://immovlan.be/en/detail/mixed-building/for-sale/2000/antwerp/rbw11552,rbw11552,mixed-building,for-sale,2000,antwerp
antwerpen,House,https://immovlan.be/en/detail/residence/for-sale/2000/antwerp/rbw11551,rbw11551,residence,for-sale,2000,antwerp
antwerpen,House,https://immovlan.be/en/detail/residence/for-sale/2060/antwerp/rbw11489,rbw11489,residence,for-sale,2060,antwerp
antwerpen,House,https://immovlan.be/en/detail/residence/for-sale/2390/oostmalle/rbw11114,rbw11114,residence,for-sale,2390,oostmalle
antwerpen,Apartment,https://immovlan.be/en/detail/apartment/for-sale/2390/malle/rbw11113,rbw11113,apartment,for-sale,2390,malle
antwerpen,House,https://immovlan.be/en/detail/residence/for-sale/2390/malle/rbw11112,rbw11112,residence,for-sale,2390,malle
antwerpen,House,https://immovlan.be/en/detail/residence/for-sale/2320/hoogstraten/rbw11111,rbw11111,residence,for-sale,2320,hoogstraten
antwerpen,House,https://immovlan.be/en/detail/residence/for-sale/2340/beerse/rbw11110,rbw11110,residence,for-sale,2340,beerse
antwerpen,Apartment,https://immovlan.be/en/detail/apartment/for-sale/2640/mortsel/rbw11060,rbw11060,apartment,for-sale,2640,mortsel
antwerpen,Apartment,https://immovlan.be/en/detail/ground-floor/for-sale/2640/mortsel/rbw11059,rbw11059,ground-floor,for-sale,2640,mortsel
antwerpen,Apartment,https://immovlan.be/en/detail/apartment/for-sale/2930/brasschaat/rbw11058,rbw11058,apartment,for-sale,2930,brasschaat
antwerpen,House,https://immovlan.be/en/detail/bungalow/for-sale/2900/schoten/rbw11023,rbw11023,bungalow,for-sale,2900,schoten
antwerpen,House,https://immovlan.be/en/detail/residence/for-sale/2960/brecht/rbw11022,rbw11022,residence,for-sale,2960,brecht
antwerpen,House,https://immovlan.be/en/detail/residence/for-sale/2900/schoten/rbw11021,rbw11021,residence,for-sale,2900,schoten
antwerpen,House,https://immovlan.be/en/detail/residence/for-sale/2500/lier/rbw11017,rbw11017,residence,for-sale,2500,lier
antwerpen,House,https://immovlan.be/en/detail/residence/for-sale/2880/bornem/rbw10983,rbw10983,residence,for-sale,2880,bornem
antwerpen,Apartment,https://immovlan.be/en/detail/apartment/for-sale/2830/willebroek/rbw10976,rbw10976,apartment,for-sale,2830,willebroek
antwerpen,House,https://immovlan.be/en/detail/residence/for-sale/2520/ranst/rbw10916,rbw10916,residence,for-sale,2520,ranst
antwerpen,Apartment,https://immovlan.be/en/detail/apartment/for-sale/2018/antwerp/rbw10904,rbw10904,apartment,for-sale,2018,antwerp
antwerpen,Apartment,https://immovlan.be/en/detail/apartment/for-sale/2050/antwerp/rbw10891,rbw10891,apartment,for-sale,2050,antwerp
antwerpen,Apartment,https://immovlan.be/en/detail/apartment/for-sale/2050/antwerp/rbw10890,rbw10890,apartment,for-sale,2050,antwerp
antwerpen,Apartment,https://immovlan.be/en/detail/apartment/for-sale/2060/antwerp/rbw10887,rbw10887,apartment,for-sale,2060,antwerp
antwerpen,Apartment,https://immovlan.be/en/detail/apartment/for-sale/2060/antwerp/rbw10884,rbw10884,apartment,for-sale,2060,antwerp
antwerpen,Apartment,https://immovlan.be/en/detail/apartment/for-sale/2060/antwerp/rbw10883,rbw10883,apartment,for-sale,2060,antwerp
antwerpen,Apartment,https://immovlan.be/en/detail/apartment/for-sale/2018/antwerp/rbw10882,rbw10882,apartment,for-sale,2018,antwerp
antwerpen,Apartment,https://immovlan.be/en/detail/apartment/for-sale/2000/antwerp/rbw10881,rbw10881,apartment,for-sale,2000,antwerp
antwerpen,Apartment,https://immovlan.be/en/detail/apartment/for-sale/2830/willebroek/rbw10869,rbw10869,apartment,for-sale,2830,willebroek
antwerpen,Apartment,https://immovlan.be/en/detail/ground-floor/for-sale/2000/antwerp/rbw10868,rbw10868,ground-floor,for-sale,2000,antwerp
antwerpen,Apartment,https://immovlan.be/en/detail/apartment/for-sale/2250/olen/rbw10846,rbw10846,apartment,for-sale,2250,olen
antwerpen,Apartment,https://immovlan.be/en/detail/apartment/for-sale/2250/olen/rbw10845,rbw10845,apartment,for-sale,2250,olen
antwerpen,Apartment,https://immovlan.be/en/detail/apartment/for-sale/2250/olen/rbw10844,rbw10844,apartment,for-sale,2250,olen
antwerpen,Apartment,https://immovlan.be/en/detail/apartment/for-sale/2310/rijkevorsel/rbw10829,rbw10829,apartment,for-sale,2310,rijkevorsel
antwerpen,House,https://immovlan.be/en/detail/residence/for-sale/2400/mol/rbw10824,rbw10824,residence,for-sale,2400,mol
antwerpen,House,https://immovlan.be/en/detail/residence/for-sale/2400/mol/rbw10823,rbw10823,residence,for-sale,2400,mol
antwerpen,House,https://immovlan.be/en/detail/residence/for-sale/2440/geel/rbw10812,rbw10812,residence,for-sale,2440,geel
antwerpen,House,https://immovlan.be/en/detail/residence/for-sale/2260/westerlo/rbw10811,rbw10811,residence,for-sale,2260,westerlo
antwerpen,House,https://immovlan.be/en/detail/residence/for-sale/2440/geel/rbw10809,rbw10809,residence,for-sale,2440,geel
antwerpen,House,https://immovlan.be/en/detail/residence/for-sale/2260/tongerlo/rbw10808,rbw10808,residence,for-sale,2260,tongerlo
antwerpen,Apartment,https://immovlan.be/en/detail/apartment/for-sale/2431/varendonk/rbw10804,rbw10804,apartment,for-sale,2431,varendonk
antwerpen,House,https://immovlan.be/en/detail/residence/for-sale/2230/herselt/rbw10797,rbw10797,residence,for-sale,2230,herselt
antwerpen,House,https://immovlan.be/en/detail/residence/for-sale/2450/meerhout/rbw10786,rbw10786,residence,for-sale,2450,meerhout
antwerpen,Apartment,https://immovlan.be/en/detail/apartment/for-sale/2170/merksem/rbw10771,rbw10771,apartment,for-sale,2170,merksem
antwerpen,House,https://immovlan.be/en/detail/residence/for-sale/2440/geel/rbw10770,rbw10770,residence,for-sale,2440,geel
antwerpen,Apartment,https://immovlan.be/en/detail/apartment/for-sale/2430/laakdal/rbw10768,rbw10768,apartment,for-sale,2430,laakdal
antwerpen,Apartment,https://immovlan.be/en/detail/apartment/for-sale/2440/geel/rbw10766,rbw10766,apartment,for-sale,2440,geel
antwerpen,House,https://immovlan.be/en/detail/bungalow/for-sale/2230/herselt/rbw10765,rbw10765,bungalow,for-sale,2230,herselt
antwerpen,House,https://immovlan.be/en/detail/residence/for-sale/2440/geel/rbw10764,rbw10764,residence,for-sale,2440,geel
antwerpen,House,https://immovlan.be/en/detail/chalet/for-sale/2230/ramsel/rbw10760,rbw10760,chalet,for-sale,2230,ramsel
antwerpen,Apartment,https://immovlan.be/en/detail/apartment/for-sale/2100/deurne/rbw10741,rbw10741,apartment,for-sale,2100,deurne
antwerpen,Apartment,https://immovlan.be/en/detail/ground-floor/for-sale/2100/deurne/rbw10737,rbw10737,ground-floor,for-sale,2100,deurne
antwerpen,Apartment,https://immovlan.be/en/detail/apartment/for-sale/2170/merksem/rbw10736,rbw10736,apartment,for-sale,2170,merksem
antwerpen,Apartment,https://immovlan.be/en/detail/apartment/for-sale/2170/merksem/rbw10734,rbw10734,apartment,for-sale,2170,merksem
antwerpen,Apartment,https://immovlan.be/en/detail/apartment/for-sale/2170/merksem/rbw10733,rbw10733,apartment,for-sale,2170,merksem
antwerpen,Apartment,https://immovlan.be/en/detail/apartment/for-sale/2170/merksem/rbw10732,rbw10732,apartment,for-sale,2170,merksem
antwerpen,Apartment,https://immovlan.be/en/detail/apartment/for-sale/2160/wommelgem/rbw10731,rbw10731,apartment,for-sale,2160,wommelgem
antwerpen,Apartment,https://immovlan.be/en/detail/loft/for-sale/2110/wijnegem/rbw10730,rbw10730,loft,for-sale,2110,wijnegem
antwerpen,Apartment,https://immovlan.be/en/detail/ground-floor/for-sale/2170/merksem/rbw10727,rbw10727,ground-floor,for-sale,2170,merksem
antwerpen,House,https://immovlan.be/en/detail/residence/for-sale/2170/merksem/rbw10726,rbw10726,residence,for-sale,2170,merksem
antwerpen,House,https://immovlan.be/en/detail/residence/for-sale/2160/wommelgem/rbw10724,rbw10724,residence,for-sale,2160,wommelgem
antwerpen,Apartment,https://immovlan.be/en/detail/apartment/for-sale/2170/merksem/rbw10723,rbw10723,apartment,for-sale,2170,merksem
antwerpen,House,https://immovlan.be/en/detail/residence/for-sale/2100/deurne/rbw10721,rbw10721,residence,for-sale,2100,deurne
antwerpen,House,https://immovlan.be/en/detail/residence/for-sale/2100/deurne/rbw10718,rbw10718,residence,for-sale,2100,deurne
antwerpen,Apartment,https://immovlan.be/en/detail/apartment/for-sale/2170/merksem/rbw10715,rbw10715,apartment,for-sale,2170,merksem
antwerpen,House,https://immovlan.be/en/detail/residence/for-sale/2100/deurne/rbw10714,rbw10714,residence,for-sale,2100,deurne
antwerpen,Apartment,https://immovlan.be/en/detail/apartment/for-sale/2170/merksem/rbw10713,rbw10713,apartment,for-sale,2170,merksem
antwerpen,House,https://immovlan.be/en/detail/residence/for-sale/2490/balen/rbw10695,rbw10695,residence,for-sale,2490,balen
antwerpen,House,https://immovlan.be/en/detail/residence/for-sale/2490/balen/rbw10694,rbw10694,residence,for-sale,2490,balen
antwerpen,House,https://immovlan.be/en/detail/residence/for-sale/2520/ranst/rbw10686,rbw10686,residence,for-sale,2520,ranst
antwerpen,Apartment,https://immovlan.be/en/detail/apartment/for-sale/2140/borgerhout/rbw10675,rbw10675,apartment,for-sale,2140,borgerhout
antwerpen,Apartment,https://immovlan.be/en/detail/apartment/for-sale/2800/mechelen/rbw10671,rbw10671,apartment,for-sale,2800,mechelen
antwerpen,House,https://immovlan.be/en/detail/residence/for-sale/2400/mol/rbt61681,rbt61681,residence,for-sale,2400,mol
antwerpen,House,https://immovlan.be/en/detail/residence/for-sale/2340/beerse/rbw10637,rbw10637,residence,for-sale,2340,beerse
antwerpen,Apartment,https://immovlan.be/en/detail/apartment/for-sale/2000/antwerp/rbv93082,rbv93082,apartment,for-sale,2000,antwerp
antwerpen,Apartment,https://immovlan.be/en/detail/apartment/for-sale/2830/willebroek/rbw10604,rbw10604,apartment,for-sale,2830,willebroek
antwerpen,Apartment,https://immovlan.be/en/detail/studio/for-sale/2060/antwerp/rbv93109,rbv93109,studio,for-sale,2060,antwerp
antwerpen,House,https://immovlan.be/en/detail/residence/for-sale/2550/kontich/rbw03721,rbw03721,residence,for-sale,2550,kontich
antwerpen,Apartment,https://immovlan.be/en/detail/apartment/for-sale/2660/hoboken/rbv95543,rbv95543,apartment,for-sale,2660,hoboken
antwerpen,House,https://immovlan.be/en/detail/residence/for-sale/2845/niel/rbv83343,rbv83343,residence,for-sale,2845,niel
antwerpen,Apartment,https://immovlan.be/en/detail/apartment/for-sale/2500/lier/rbw10353,rbw10353,apartment,for-sale,2500,lier
antwerpen,Apartment,https://immovlan.be/en/detail/apartment/for-sale/2800/mechelen/rbw10303,rbw10303,apartment,for-sale,2800,mechelen
antwerpen,House,https://immovlan.be/en/detail/residence/for-sale/2860/sint-katelijne-waver/rbw10293,rbw10293,residence,for-sale,2860,sint-katelijne-waver
antwerpen,House,https://immovlan.be/en/detail/residence/for-sale/2860/sint-katelijne-waver/rbw10291,rbw10291,residence,for-sale,2860,sint-katelijne-waver
antwerpen,House,https://immovlan.be/en/detail/residence/for-sale/2580/beerzel/rbw10288,rbw10288,residence,for-sale,2580,beerzel
antwerpen,House,https://immovlan.be/en/detail/residence/for-sale/2580/beerzel/rbw10267,rbw10267,residence,for-sale,2580,beerzel
antwerpen,House,https://immovlan.be/en/detail/residence/for-sale/2580/beerzel/rbw10265,rbw10265,residence,for-sale,2580,beerzel
antwerpen,House,https://immovlan.be/en/detail/residence/for-sale/2200/herentals/rbw10045,rbw10045,residence,for-sale,2200,herentals
antwerpen,House,https://immovlan.be/en/detail/residence/for-sale/2660/hoboken/rbw10029,rbw10029,residence,for-sale,2660,hoboken
antwerpen,Apartment,https://immovlan.be/en/detail/apartment/for-sale/2170/merksem/rbw09998,rbw09998,apartment,for-sale,2170,merksem
antwerpen,House,https://immovlan.be/en/detail/residence/for-sale/2870/puurs/rbw09983,rbw09983,residence,for-sale,2870,puurs
antwerpen,House,https://immovlan.be/en/detail/residence/for-sale/2870/puurs-sint-amands/rbv71226,rbv71226,residence,for-sale,2870,puurs-sint-amands
antwerpen,House,https://immovlan.be/en/detail/residence/for-sale/2870/puurs/rbw09976,rbw09976,residence,for-sale,2870,puurs
antwerpen,House,https://immovlan.be/en/detail/residence/for-sale/2070/burcht/rbw09962,rbw09962,residence,for-sale,2070,burcht
antwerpen,House,https://immovlan.be/en/detail/residence/for-sale/2100/deurne/rbw09960,rbw09960,residence,for-sale,2100,deurne
antwerpen,House,https://immovlan.be/en/detail/residence/for-sale/2580/putte/rbw09938,rbw09938,residence,for-sale,2580,putte
antwerpen,House,https://immovlan.be/en/detail/villa/for-sale/2820/bonheiden/rbw04759,rbw04759,villa,for-sale,2820,bonheiden
antwerpen,Apartment,https://immovlan.be/en/detail/apartment/for-sale/2140/borgerhout/rbw09873,rbw09873,apartment,for-sale,2140,borgerhout
antwerpen,Apartment,https://immovlan.be/en/detail/studio/for-sale/2600/berchem/rbw09871,rbw09871,studio,for-sale,2600,berchem
antwerpen,Apartment,https://immovlan.be/en/detail/apartment/for-sale/2000/antwerp/rbw09869,rbw09869,apartment,for-sale,2000,antwerp
antwerpen,Apartment,https://immovlan.be/en/detail/apartment/for-sale/2600/berchem/rbw09866,rbw09866,apartment,for-sale,2600,berchem
antwerpen,Apartment,https://immovlan.be/en/detail/apartment/for-sale/2870/breendonk/rbw09838,rbw09838,apartment,for-sale,2870,breendonk
antwerpen,House,https://immovlan.be/en/detail/residence/for-sale/2360/oud-turnhout/rbw09788,rbw09788,residence,for-sale,2360,oud-turnhout
antwerpen,House,https://immovlan.be/en/detail/residence/for-sale/2860/sint-katelijne-waver/rbw09784,rbw09784,residence,for-sale,2860,sint-katelijne-waver
antwerpen,House,https://immovlan.be/en/detail/residence/for-sale/2500/koningshooikt/rbw09781,rbw09781,residence,for-sale,2500,koningshooikt
antwerpen,Apartment,https://immovlan.be/en/detail/apartment/for-sale/2650/edegem/rbw09772,rbw09772,apartment,for-sale,2650,edegem
antwerpen,House,https://immovlan.be/en/detail/residence/for-sale/2840/rumst/rbw09766,rbw09766,residence,for-sale,2840,rumst
antwerpen,House,https://immovlan.be/en/detail/residence/for-sale/2500/lier/rbw09733,rbw09733,residence,for-sale,2500,lier
antwerpen,House,https://immovlan.be/en/detail/residence/for-sale/2870/puurs-sint-amands/rbw09727,rbw09727,residence,for-sale,2870,puurs-sint-amands
antwerpen,House,https://immovlan.be/en/detail/villa/for-sale/2840/reet/rbw09722,rbw09722,villa,for-sale,2840,reet
antwerpen,House,https://immovlan.be/en/detail/villa/for-sale/2840/reet/rbw09721,rbw09721,villa,for-sale,2840,reet
antwerpen,Apartment,https://immovlan.be/en/detail/apartment/for-sale/2320/hoogstraten/rbw09706,rbw09706,apartment,for-sale,2320,hoogstraten
antwerpen,Apartment,https://immovlan.be/en/detail/apartment/for-sale/2000/antwerp/rbn32724,rbn32724,apartment,for-sale,2000,antwerp
antwerpen,Apartment,https://immovlan.be/en/detail/apartment/for-sale/2018/antwerp/rbw09663,rbw09663,apartment,for-sale,2018,antwerp
antwerpen,House,https://immovlan.be/en/detail/residence/for-sale/2660/hoboken/rbv76248,rbv76248,residence,for-sale,2660,hoboken
antwerpen,House,https://immovlan.be/en/detail/residence/for-sale/2800/mechelen/rbv80988,rbv80988,residence,for-sale,2800,mechelen
antwerpen,House,https://immovlan.be/en/detail/residence/for-sale/2800/mechelen/rbv80983,rbv80983,residence,for-sale,2800,mechelen
antwerpen,Apartment,https://immovlan.be/en/detail/apartment/for-sale/2500/lier/rbw09257,rbw09257,apartment,for-sale,2500,lier
antwerpen,House,https://immovlan.be/en/detail/residence/for-sale/2930/brasschaat/rbw09162,rbw09162,residence,for-sale,2930,brasschaat
antwerpen,House,https://immovlan.be/en/detail/residence/for-sale/2860/sint-katelijne-waver/rbw09160,rbw09160,residence,for-sale,2860,sint-katelijne-waver
antwerpen,House,https://immovlan.be/en/detail/residence/for-sale/2150/borsbeek/rbw09147,rbw09147,residence,for-sale,2150,borsbeek
antwerpen,Apartment,https://immovlan.be/en/detail/apartment/for-sale/2660/hoboken/rbw09146,rbw09146,apartment,for-sale,2660,hoboken
antwerpen,House,https://immovlan.be/en/detail/residence/for-sale/2530/boechout/rbw09145,rbw09145,residence,for-sale,2530,boechout
antwerpen,House,https://immovlan.be/en/detail/residence/for-sale/2222/itegem/rbw09139,rbw09139,residence,for-sale,2222,itegem
antwerpen,House,https://immovlan.be/en/detail/mixed-building/for-sale/2830/willebroek/rbw09131,rbw09131,mixed-building,for-sale,2830,willebroek
antwerpen,House,https://immovlan.be/en/detail/residence/for-sale/2830/willebroek/rbw09127,rbw09127,residence,for-sale,2830,willebroek
antwerpen,House,https://immovlan.be/en/detail/residence/for-sale/2490/balen/rbw09117,rbw09117,residence,for-sale,2490,balen
antwerpen,House,https://immovlan.be/en/detail/residence/for-sale/2870/puurs-sint-amands/rbw09089,rbw09089,residence,for-sale,2870,puurs-sint-amands
antwerpen,House,https://immovlan.be/en/detail/residence/for-sale/2300/turnhout/rbw12781,rbw12781,residence,for-sale,2300,turnhout
antwerpen,House,https://immovlan.be/en/detail/residence/for-sale/2830/willebroek/rbw11869,rbw11869,residence,for-sale,2830,willebroek
antwerpen,Apartment,https://immovlan.be/en/detail/apartment/for-sale/2610/wilrijk/rbw11858,rbw11858,apartment,for-sale,2610,wilrijk
antwerpen,Apartment,https://immovlan.be/en/detail/apartment/for-sale/2310/rijkevorsel/rbw10830,rbw10830,apartment,for-sale,2310,rijkevorsel
antwerpen,Apartment,https://immovlan.be/en/detail/apartment/for-sale/2310/rijkevorsel/rbw10828,rbw10828,apartment,for-sale,2310,rijkevorsel
antwerpen,House,https://immovlan.be/en/detail/residence/for-sale/2230/herselt/rbw10794,rbw10794,residence,for-sale,2230,herselt
antwerpen,Apartment,https://immovlan.be/en/detail/apartment/for-sale/2440/geel/rbw10017,rbw10017,apartment,for-sale,2440,geel
antwerpen,Apartment,https://immovlan.be/en/detail/apartment/for-sale/2660/hoboken/rbw09794,rbw09794,apartment,for-sale,2660,hoboken
antwerpen,Apartment,https://immovlan.be/en/detail/apartment/for-sale/2240/zandhoven/rbw08729,rbw08729,apartment,for-sale,2240,zandhoven
antwerpen,Apartment,https://immovlan.be/en/detail/apartment/for-sale/2240/zandhoven/rbw08728,rbw08728,apartment,for-sale,2240,zandhoven
antwerpen,House,https://immovlan.be/en/detail/residence/for-sale/2830/willebroek/rbw03861,rbw03861,residence,for-sale,2830,willebroek
antwerpen,Apartment,https://immovlan.be/en/detail/apartment/for-sale/2200/herentals/rbw03220,rbw03220,apartment,for-sale,2200,herentals
antwerpen,Apartment,https://immovlan.be/en/detail/apartment/for-sale/2300/turnhout/rbw03097,rbw03097,apartment,for-sale,2300,turnhout
antwerpen,Apartment,https://immovlan.be/en/detail/apartment/for-sale/2300/turnhout/rbw03095,rbw03095,apartment,for-sale,2300,turnhout
antwerpen,Apartment,https://immovlan.be/en/detail/apartment/for-sale/2300/turnhout/rbw03091,rbw03091,apartment,for-sale,2300,turnhout
antwerpen,Apartment,https://immovlan.be/en/detail/apartment/for-sale/2300/turnhout/rbw03089,rbw03089,apartment,for-sale,2300,turnhout
antwerpen,Apartment,https://immovlan.be/en/detail/apartment/for-sale/2300/turnhout/rbw03086,rbw03086,apartment,for-sale,2300,turnhout
antwerpen,Apartment,https://immovlan.be/en/detail/apartment/for-sale/2300/turnhout/rbw03062,rbw03062,apartment,for-sale,2300,turnhout
antwerpen,Apartment,https://immovlan.be/en/detail/apartment/for-sale/2300/turnhout/rbw03057,rbw03057,apartment,for-sale,2300,turnhout
antwerpen,House,https://immovlan.be/en/detail/residence/for-sale/2500/lier/rbw03012,rbw03012,residence,for-sale,2500,lier
antwerpen,House,https://immovlan.be/en/detail/residence/for-sale/2630/aartselaar/rbw02482,rbw02482,residence,for-sale,2630,aartselaar
antwerpen,Apartment,https://immovlan.be/en/detail/penthouse/for-sale/2260/westerlo/rbw02291,rbw02291,penthouse,for-sale,2260,westerlo
antwerpen,House,https://immovlan.be/en/detail/residence/for-sale/2500/lier/rbv96336,rbv96336,residence,for-sale,2500,lier
antwerpen,House,https://immovlan.be/en/detail/residence/for-sale/2660/hoboken/rbv96105,rbv96105,residence,for-sale,2660,hoboken
antwerpen,House,https://immovlan.be/en/detail/residence/for-sale/2270/herenthout/rbv95666,rbv95666,residence,for-sale,2270,herenthout
antwerpen,House,https://immovlan.be/en/detail/master-house/for-sale/2620/hemiksem/rbv94533,rbv94533,master-house,for-sale,2620,hemiksem
antwerpen,House,https://immovlan.be/en/detail/residence/for-sale/2860/sint-katelijne-waver/rbv94499,rbv94499,residence,for-sale,2860,sint-katelijne-waver
antwerpen,House,https://immovlan.be/en/detail/residence/for-sale/2800/mechelen/rbv94449,rbv94449,residence,for-sale,2800,mechelen
antwerpen,House,https://immovlan.be/en/detail/residence/for-sale/2850/boom/rbv94440,rbv94440,residence,for-sale,2850,boom
antwerpen,House,https://immovlan.be/en/detail/residence/for-sale/2250/olen/rbv94099,rbv94099,residence,for-sale,2250,olen
antwerpen,House,https://immovlan.be/en/detail/villa/for-sale/2250/olen/rbv94045,rbv94045,villa,for-sale,2250,olen
antwerpen,House,https://immovlan.be/en/detail/residence/for-sale/2200/herentals/rbv94029,rbv94029,residence,for-sale,2200,herentals
antwerpen,House,https://immovlan.be/en/detail/residence/for-sale/2270/herenthout/rbv94010,rbv94010,residence,for-sale,2270,herenthout
antwerpen,House,https://immovlan.be/en/detail/residence/for-sale/2340/beerse/rbv93355,rbv93355,residence,for-sale,2340,beerse
antwerpen,House,https://immovlan.be/en/detail/residence/for-sale/2560/nijlen/rbv93228,rbv93228,residence,for-sale,2560,nijlen
antwerpen,House,https://immovlan.be/en/detail/residence/for-sale/2520/oelegem/rbv93197,rbv93197,residence,for-sale,2520,oelegem
antwerpen,Apartment,https://immovlan.be/en/detail/studio/for-sale/2018/antwerp/rbv93131,rbv93131,studio,for-sale,2018,antwerp
antwerpen,Apartment,https://immovlan.be/en/detail/ground-floor/for-sale/2610/wilrijk/rbv93110,rbv93110,ground-floor,for-sale,2610,wilrijk
antwerpen,Apartment,https://immovlan.be/en/detail/apartment/for-sale/2060/antwerp/rbv93105,rbv93105,apartment,for-sale,2060,antwerp
antwerpen,Apartment,https://immovlan.be/en/detail/apartment/for-sale/2660/hoboken/rbv93095,rbv93095,apartment,for-sale,2660,hoboken
antwerpen,Apartment,https://immovlan.be/en/detail/apartment/for-sale/2140/borgerhout/rbv93091,rbv93091,apartment,for-sale,2140,borgerhout
antwerpen,Apartment,https://immovlan.be/en/detail/apartment/for-sale/2140/borgerhout/rbv93079,rbv93079,apartment,for-sale,2140,borgerhout
antwerpen,House,https://immovlan.be/en/detail/residence/for-sale/2060/antwerp/rbv93037,rbv93037,residence,for-sale,2060,antwerp
antwerpen,House,https://immovlan.be/en/detail/residence/for-sale/2660/hoboken/rbv93029,rbv93029,residence,for-sale,2660,hoboken
antwerpen,House,https://immovlan.be/en/detail/residence/for-sale/2020/antwerp/rbv93023,rbv93023,residence,for-sale,2020,antwerp
antwerpen,House,https://immovlan.be/en/detail/residence/for-sale/2060/antwerp/rbv93009,rbv93009,residence,for-sale,2060,antwerp
antwerpen,Apartment,https://immovlan.be/en/detail/apartment/for-sale/2018/antwerp/rbv93004,rbv93004,apartment,for-sale,2018,antwerp
antwerpen,House,https://immovlan.be/en/detail/residence/for-sale/2030/antwerp/rbv92999,rbv92999,residence,for-sale,2030,antwerp
antwerpen,Apartment,https://immovlan.be/en/detail/studio/for-sale/2060/antwerp/rbv92989,rbv92989,studio,for-sale,2060,antwerp
antwerpen,House,https://immovlan.be/en/detail/residence/for-sale/2360/oud-turnhout/rbv90325,rbv90325,residence,for-sale,2360,oud-turnhout
antwerpen,House,https://immovlan.be/en/detail/cottage/for-sale/2380/ravels/rbv90319,rbv90319,cottage,for-sale,2380,ravels
antwerpen,Apartment,https://immovlan.be/en/detail/apartment/for-sale/2300/turnhout/rbv90289,rbv90289,apartment,for-sale,2300,turnhout
antwerpen,Apartment,https://immovlan.be/en/detail/apartment/for-sale/2300/turnhout/rbv90283,rbv90283,apartment,for-sale,2300,turnhout
antwerpen,House,https://immovlan.be/en/detail/residence/for-sale/2480/dessel/rbv90272,rbv90272,residence,for-sale,2480,dessel
antwerpen,Apartment,https://immovlan.be/en/detail/apartment/for-sale/2350/vosselaar/rbv90259,rbv90259,apartment,for-sale,2350,vosselaar
antwerpen,Apartment,https://immovlan.be/en/detail/apartment/for-sale/2370/arendonk/rbv90238,rbv90238,apartment,for-sale,2370,arendonk
antwerpen,House,https://immovlan.be/en/detail/residence/for-sale/2310/rijkevorsel/rbv86323,rbv86323,residence,for-sale,2310,rijkevorsel
antwerpen,House,https://immovlan.be/en/detail/residence/for-sale/2310/rijkevorsel/rbv86322,rbv86322,residence,for-sale,2310,rijkevorsel
antwerpen,House,https://immovlan.be/en/detail/residence/for-sale/2310/rijkevorsel/rbv86320,rbv86320,residence,for-sale,2310,rijkevorsel
antwerpen,House,https://immovlan.be/en/detail/villa/for-sale/2200/herentals/rbv83201,rbv83201,villa,for-sale,2200,herentals
antwerpen,House,https://immovlan.be/en/detail/residence/for-sale/2940/stabroek/rbv79569,rbv79569,residence,for-sale,2940,stabroek
antwerpen,Apartment,https://immovlan.be/en/detail/apartment/for-sale/2050/antwerp/rbv49139,rbv49139,apartment,for-sale,2050,antwerp
antwerpen,Apartment,https://immovlan.be/en/detail/duplex/for-sale/2050/antwerp/rbv71944,rbv71944,duplex,for-sale,2050,antwerp
antwerpen,Apartment,https://immovlan.be/en/detail/apartment/for-sale/2050/antwerp/rbv71943,rbv71943,apartment,for-sale,2050,antwerp
antwerpen,Apartment,https://immovlan.be/en/detail/apartment/for-sale/2050/antwerp/rbv71942,rbv71942,apartment,for-sale,2050,antwerp
antwerpen,Apartment,https://immovlan.be/en/detail/duplex/for-sale/2050/antwerp/rbv71941,rbv71941,duplex,for-sale,2050,antwerp
antwerpen,Apartment,https://immovlan.be/en/detail/apartment/for-sale/2050/antwerp/rbv71940,rbv71940,apartment,for-sale,2050,antwerp
east-flanders,House,https://immovlan.be/en/detail/residence/for-sale/9600/ronse/rbw20337,rbw20337,residence,for-sale,9600,ronse
east-flanders,House,https://immovlan.be/en/detail/residence/for-sale/9090/melle/rbw20118,rbw20118,residence,for-sale,9090,melle
east-flanders,House,https://immovlan.be/en/detail/residence/for-sale/9600/ronse/rbw18861,rbw18861,residence,for-sale,9600,ronse
east-flanders,House,https://immovlan.be/en/detail/residence/for-sale/9600/ronse/rbw18859,rbw18859,residence,for-sale,9600,ronse
east-flanders,House,https://immovlan.be/en/detail/residence/for-sale/9600/ronse/rbw18858,rbw18858,residence,for-sale,9600,ronse
east-flanders,Apartment,https://immovlan.be/en/detail/apartment/for-sale/9000/gent/rbw18718,rbw18718,apartment,for-sale,9000,gent
east-flanders,House,https://immovlan.be/en/detail/bungalow/for-sale/9880/aalter/rbw18304,rbw18304,bungalow,for-sale,9880,aalter
east-flanders,Apartment,https://immovlan.be/en/detail/apartment/for-sale/9000/gent/rbw17018,rbw17018,apartment,for-sale,9000,gent
east-flanders,House,https://immovlan.be/en/detail/residence/for-sale/9120/beveren/rbw16332,rbw16332,residence,for-sale,9120,beveren
east-flanders,House,https://immovlan.be/en/detail/residence/for-sale/9140/temse/rbw16105,rbw16105,residence,for-sale,9140,temse
east-flanders,House,https://immovlan.be/en/detail/residence/for-sale/9930/zomergem/rbw09202,rbw09202,residence,for-sale,9930,zomergem
east-flanders,House,https://immovlan.be/en/detail/residence/for-sale/9700/ename/rbw09081,rbw09081,residence,for-sale,9700,ename
east-flanders,Apartment,https://immovlan.be/en/detail/apartment/for-sale/9470/denderleeuw/vbe35486,vbe35486,apartment,for-sale,9470,denderleeuw
east-flanders,House,https://immovlan.be/en/detail/residence/for-sale/9400/ninove/rbw23903,rbw23903,residence,for-sale,9400,ninove
east-flanders,Apartment,https://immovlan.be/en/detail/apartment/for-sale/9770/kruisem/rbw23884,rbw23884,apartment,for-sale,9770,kruisem
east-flanders,House,https://immovlan.be/en/detail/villa/for-sale/9220/hamme/rbw23713,rbw23713,villa,for-sale,9220,hamme
east-flanders,Apartment,https://immovlan.be/en/detail/apartment/for-sale/9000/gent/vbe35381,vbe35381,apartment,for-sale,9000,gent
east-flanders,House,https://immovlan.be/en/detail/residence/for-sale/9500/overboelare/rbw23705,rbw23705,residence,for-sale,9500,overboelare
east-flanders,House,https://immovlan.be/en/detail/residence/for-sale/9280/lebbeke/rbw23694,rbw23694,residence,for-sale,9280,lebbeke
east-flanders,Apartment,https://immovlan.be/en/detail/apartment/for-sale/9000/gent/rbw23690,rbw23690,apartment,for-sale,9000,gent
east-flanders,House,https://immovlan.be/en/detail/villa/for-sale/9690/kluisbergen/rbw23689,rbw23689,villa,for-sale,9690,kluisbergen
east-flanders,House,https://immovlan.be/en/detail/residence/for-sale/9520/sint-lievens-houtem/rbw23688,rbw23688,residence,for-sale,9520,sint-lievens-houtem
east-flanders,House,https://immovlan.be/en/detail/residence/for-sale/9190/stekene/rbw23675,rbw23675,residence,for-sale,9190,stekene
east-flanders,House,https://immovlan.be/en/detail/residence/for-sale/9180/moerbeke-waas/rbw23674,rbw23674,residence,for-sale,9180,moerbeke-waas
east-flanders,Apartment,https://immovlan.be/en/detail/apartment/for-sale/9300/aalst/rbw23663,rbw23663,apartment,for-sale,9300,aalst
east-flanders,Apartment,https://immovlan.be/en/detail/studio/for-sale/9000/gent/rbw23661,rbw23661,studio,for-sale,9000,gent
east-flanders,House,https://immovlan.be/en/detail/residence/for-sale/9600/ronse/rbw23659,rbw23659,residence,for-sale,9600,ronse
east-flanders,House,https://immovlan.be/en/detail/residence/for-sale/9880/aalter/rbw23655,rbw23655,residence,for-sale,9880,aalter
east-flanders,Apartment,https://immovlan.be/en/detail/studio/for-sale/9600/ronse/rbw23654,rbw23654,studio,for-sale,9600,ronse
east-flanders,House,https://immovlan.be/en/detail/residence/for-sale/9600/ronse/rbw23653,rbw23653,residence,for-sale,9600,ronse
east-flanders,House,https://immovlan.be/en/detail/residence/for-sale/9500/geraardsbergen/rbw23650,rbw23650,residence,for-sale,9500,geraardsbergen
east-flanders,House,https://immovlan.be/en/detail/residence/for-sale/9500/geraardsbergen/rbw23646,rbw23646,residence,for-sale,9500,geraardsbergen
east-flanders,Apartment,https://immovlan.be/en/detail/duplex/for-sale/9000/gent/rbw23642,rbw23642,duplex,for-sale,9000,gent
east-flanders,House,https://immovlan.be/en/detail/residence/for-sale/9000/gent/rbw23640,rbw23640,residence,for-sale,9000,gent
east-flanders,Apartment,https://immovlan.be/en/detail/apartment/for-sale/9800/deinze/rbw23639,rbw23639,apartment,for-sale,9800,deinze
east-flanders,Apartment,https://immovlan.be/en/detail/apartment/for-sale/9800/deinze/rbw23638,rbw23638,apartment,for-sale,9800,deinze
east-flanders,Apartment,https://immovlan.be/en/detail/apartment/for-sale/9800/deinze/rbw23637,rbw23637,apartment,for-sale,9800,deinze
east-flanders,Apartment,https://immovlan.be/en/detail/apartment/for-sale/9800/deinze/rbw23636,rbw23636,apartment,for-sale,9800,deinze
east-flanders,Apartment,https://immovlan.be/en/detail/apartment/for-sale/9140/temse/rbw23628,rbw23628,apartment,for-sale,9140,temse
east-flanders,Apartment,https://immovlan.be/en/detail/apartment/for-sale/9140/temse/rbw23627,rbw23627,apartment,for-sale,9140,temse
east-flanders,Apartment,https://immovlan.be/en/detail/apartment/for-sale/9140/temse/rbw23626,rbw23626,apartment,for-sale,9140,temse
east-flanders,Apartment,https://immovlan.be/en/detail/apartment/for-sale/9140/temse/rbw23625,rbw23625,apartment,for-sale,9140,temse
east-flanders,House,https://immovlan.be/en/detail/residence/for-sale/9240/zele/rbw23617,rbw23617,residence,for-sale,9240,zele
east-flanders,House,https://immovlan.be/en/detail/residence/for-sale/9600/ronse/rbw20615,rbw20615,residence,for-sale,9600,ronse
east-flanders,House,https://immovlan.be/en/detail/residence/for-sale/9100/sint-niklaas/rwc42799,rwc42799,residence,for-sale,9100,sint-niklaas
east-flanders,House,https://immovlan.be/en/detail/residence/for-sale/9120/kallo/rwc42798,rwc42798,residence,for-sale,9120,kallo
east-flanders,Apartment,https://immovlan.be/en/detail/apartment/for-sale/9120/haasdonk/rwc42797,rwc42797,apartment,for-sale,9120,haasdonk
east-flanders,House,https://immovlan.be/en/detail/residence/for-sale/9000/gent/rbw20474,rbw20474,residence,for-sale,9000,gent
east-flanders,House,https://immovlan.be/en/detail/residence/for-sale/9860/oosterzele/rbw20466,rbw20466,residence,for-sale,9860,oosterzele
east-flanders,Apartment,https://immovlan.be/en/detail/apartment/for-sale/9000/gent/rbw20452,rbw20452,apartment,for-sale,9000,gent
east-flanders,House,https://immovlan.be/en/detail/residence/for-sale/9620/zottegem/rbw20442,rbw20442,residence,for-sale,9620,zottegem
east-flanders,House,https://immovlan.be/en/detail/residence/for-sale/9230/wetteren/rbw20441,rbw20441,residence,for-sale,9230,wetteren
east-flanders,House,https://immovlan.be/en/detail/residence/for-sale/9000/gent/rbw20372,rbw20372,residence,for-sale,9000,gent
east-flanders,Apartment,https://immovlan.be/en/detail/apartment/for-sale/9000/gent/rbw20371,rbw20371,apartment,for-sale,9000,gent
east-flanders,Apartment,https://immovlan.be/en/detail/apartment/for-sale/9300/aalst/rbw20349,rbw20349,apartment,for-sale,9300,aalst
east-flanders,House,https://immovlan.be/en/detail/residence/for-sale/9320/erembodegem/rbw20344,rbw20344,residence,for-sale,9320,erembodegem
east-flanders,House,https://immovlan.be/en/detail/residence/for-sale/9860/oosterzele/rbw20336,rbw20336,residence,for-sale,9860,oosterzele
east-flanders,House,https://immovlan.be/en/detail/residence/for-sale/9340/lede/rbw20335,rbw20335,residence,for-sale,9340,lede
east-flanders,House,https://immovlan.be/en/detail/residence/for-sale/9790/wortegem-petegem/rbw20327,rbw20327,residence,for-sale,9790,wortegem-petegem
east-flanders,House,https://immovlan.be/en/detail/residence/for-sale/9000/gent/rbw20319,rbw20319,residence,for-sale,9000,gent
east-flanders,House,https://immovlan.be/en/detail/residence/for-sale/9000/gent/rbw20318,rbw20318,residence,for-sale,9000,gent
east-flanders,House,https://immovlan.be/en/detail/residence/for-sale/9100/sint-niklaas/rbw20308,rbw20308,residence,for-sale,9100,sint-niklaas
east-flanders,Apartment,https://immovlan.be/en/detail/apartment/for-sale/9100/sint-niklaas/rbw20307,rbw20307,apartment,for-sale,9100,sint-niklaas
east-flanders,House,https://immovlan.be/en/detail/residence/for-sale/9140/tielrode/rbw20306,rbw20306,residence,for-sale,9140,tielrode
east-flanders,Apartment,https://immovlan.be/en/detail/apartment/for-sale/9050/gentbrugge/rbw20116,rbw20116,apartment,for-sale,9050,gentbrugge
east-flanders,House,https://immovlan.be/en/detail/residence/for-sale/9320/erembodegem/rbw19897,rbw19897,residence,for-sale,9320,erembodegem
east-flanders,Apartment,https://immovlan.be/en/detail/apartment/for-sale/9690/kluisbergen/rbw19889,rbw19889,apartment,for-sale,9690,kluisbergen
east-flanders,House,https://immovlan.be/en/detail/residence/for-sale/9420/erpe-mere/rbw19753,rbw19753,residence,for-sale,9420,erpe-mere
east-flanders,House,https://immovlan.be/en/detail/residence/for-sale/9600/ronse/rbw19749,rbw19749,residence,for-sale,9600,ronse
east-flanders,House,https://immovlan.be/en/detail/residence/for-sale/9500/geraardsbergen/rbw19738,rbw19738,residence,for-sale,9500,geraardsbergen
east-flanders,House,https://immovlan.be/en/detail/residence/for-sale/9500/geraardsbergen/rbw19737,rbw19737,residence,for-sale,9500,geraardsbergen
east-flanders,House,https://immovlan.be/en/detail/residence/for-sale/9300/aalst/rbw19736,rbw19736,residence,for-sale,9300,aalst
east-flanders,House,https://immovlan.be/en/detail/residence/for-sale/9170/sint-gillis-waas/rbw19731,rbw19731,residence,for-sale,9170,sint-gillis-waas
east-flanders,Apartment,https://immovlan.be/en/detail/apartment/for-sale/9700/oudenaarde/rbw19703,rbw19703,apartment,for-sale,9700,oudenaarde
east-flanders,Apartment,https://immovlan.be/en/detail/apartment/for-sale/9000/gent/rbw19693,rbw19693,apartment,for-sale,9000,gent
east-flanders,Apartment,https://immovlan.be/en/detail/apartment/for-sale/9000/gent/rbw19691,rbw19691,apartment,for-sale,9000,gent
east-flanders,Apartment,https://immovlan.be/en/detail/apartment/for-sale/9000/gent/rbw19690,rbw19690,apartment,for-sale,9000,gent
east-flanders,Apartment,https://immovlan.be/en/detail/apartment/for-sale/9470/denderleeuw/rbw19688,rbw19688,apartment,for-sale,9470,denderleeuw
east-flanders,Apartment,https://immovlan.be/en/detail/apartment/for-sale/9041/oostakker/rbw19668,rbw19668,apartment,for-sale,9041,oostakker
east-flanders,Apartment,https://immovlan.be/en/detail/apartment/for-sale/9041/oostakker/rbw19663,rbw19663,apartment,for-sale,9041,oostakker
east-flanders,Apartment,https://immovlan.be/en/detail/apartment/for-sale/9041/oostakker/rbw19662,rbw19662,apartment,for-sale,9041,oostakker
east-flanders,House,https://immovlan.be/en/detail/residence/for-sale/9500/viane/rbw19622,rbw19622,residence,for-sale,9500,viane
east-flanders,House,https://immovlan.be/en/detail/residence/for-sale/9620/zottegem/rbw19617,rbw19617,residence,for-sale,9620,zottegem
east-flanders,House,https://immovlan.be/en/detail/residence/for-sale/9030/mariakerke/rbw19610,rbw19610,residence,for-sale,9030,mariakerke
east-flanders,House,https://immovlan.be/en/detail/residence/for-sale/9420/bambrugge/rbw19608,rbw19608,residence,for-sale,9420,bambrugge
east-flanders,House,https://immovlan.be/en/detail/residence/for-sale/9100/sint-niklaas/rbw19601,rbw19601,residence,for-sale,9100,sint-niklaas
east-flanders,Apartment,https://immovlan.be/en/detail/apartment/for-sale/9190/kemzeke/rbw19595,rbw19595,apartment,for-sale,9190,kemzeke
east-flanders,House,https://immovlan.be/en/detail/residence/for-sale/9040/sint-amandsberg/rbw19578,rbw19578,residence,for-sale,9040,sint-amandsberg
east-flanders,House,https://immovlan.be/en/detail/residence/for-sale/9500/geraardsbergen/rbw19570,rbw19570,residence,for-sale,9500,geraardsbergen
east-flanders,Apartment,https://immovlan.be/en/detail/apartment/for-sale/9400/ninove/rbw19569,rbw19569,apartment,for-sale,9400,ninove
east-flanders,Apartment,https://immovlan.be/en/detail/apartment/for-sale/9570/lierde/rbw19567,rbw19567,apartment,for-sale,9570,lierde
east-flanders,House,https://immovlan.be/en/detail/mixed-building/for-sale/9570/lierde/rbw19566,rbw19566,mixed-building,for-sale,9570,lierde
east-flanders,House,https://immovlan.be/en/detail/residence/for-sale/9570/lierde/rbw19565,rbw19565,residence,for-sale,9570,lierde
east-flanders,House,https://immovlan.be/en/detail/residence/for-sale/9500/geraardsbergen/rbw19564,rbw19564,residence,for-sale,9500,geraardsbergen
east-flanders,House,https://immovlan.be/en/detail/mixed-building/for-sale/9400/ninove/rbw19563,rbw19563,mixed-building,for-sale,9400,ninove
east-flanders,House,https://immovlan.be/en/detail/residence/for-sale/9500/geraardsbergen/rbw19560,rbw19560,residence,for-sale,9500,geraardsbergen
east-flanders,House,https://immovlan.be/en/detail/residence/for-sale/9506/schendelbeke/rbw19557,rbw19557,residence,for-sale,9506,schendelbeke
east-flanders,House,https://immovlan.be/en/detail/residence/for-sale/9400/denderwindeke/rbw19556,rbw19556,residence,for-sale,9400,denderwindeke
east-flanders,Apartment,https://immovlan.be/en/detail/apartment/for-sale/9500/geraardsbergen/rbw19555,rbw19555,apartment,for-sale,9500,geraardsbergen
east-flanders,House,https://immovlan.be/en/detail/mixed-building/for-sale/9570/deftinge/rbw19554,rbw19554,mixed-building,for-sale,9570,deftinge
east-flanders,Apartment,https://immovlan.be/en/detail/apartment/for-sale/9300/aalst/rbw19553,rbw19553,apartment,for-sale,9300,aalst
east-flanders,House,https://immovlan.be/en/detail/residence/for-sale/9550/herzele/rbw19552,rbw19552,residence,for-sale,9550,herzele
east-flanders,House,https://immovlan.be/en/detail/mixed-building/for-sale/9500/geraardsbergen/rbw19551,rbw19551,mixed-building,for-sale,9500,geraardsbergen
east-flanders,House,https://immovlan.be/en/detail/residence/for-sale/9500/geraardsbergen/rbw19550,rbw19550,residence,for-sale,9500,geraardsbergen
east-flanders,House,https://immovlan.be/en/detail/residence/for-sale/9500/geraardsbergen/rbw19549,rbw19549,residence,for-sale,9500,geraardsbergen
east-flanders,House,https://immovlan.be/en/detail/residence/for-sale/9500/geraardsbergen/rbw19547,rbw19547,residence,for-sale,9500,geraardsbergen
east-flanders,House,https://immovlan.be/en/detail/residence/for-sale/9570/deftinge/rbw19546,rbw19546,residence,for-sale,9570,deftinge
east-flanders,House,https://immovlan.be/en/detail/residence/for-sale/9620/zottegem/rbw19543,rbw19543,residence,for-sale,9620,zottegem
east-flanders,House,https://immovlan.be/en/detail/residence/for-sale/9572/sint-martens-lierde/rbw19542,rbw19542,residence,for-sale,9572,sint-martens-lierde
east-flanders,House,https://immovlan.be/en/detail/residence/for-sale/9500/geraardsbergen/rbw19541,rbw19541,residence,for-sale,9500,geraardsbergen
east-flanders,House,https://immovlan.be/en/detail/residence/for-sale/9570/lierde/rbw19539,rbw19539,residence,for-sale,9570,lierde
east-flanders,House,https://immovlan.be/en/detail/residence/for-sale/9570/deftinge/rbw19535,rbw19535,residence,for-sale,9570,deftinge
east-flanders,House,https://immovlan.be/en/detail/residence/for-sale/9570/deftinge/rbw19532,rbw19532,residence,for-sale,9570,deftinge
east-flanders,House,https://immovlan.be/en/detail/residence/for-sale/9470/denderleeuw/rbw19530,rbw19530,residence,for-sale,9470,denderleeuw
east-flanders,House,https://immovlan.be/en/detail/residence/for-sale/9500/geraardsbergen/rbw19522,rbw19522,residence,for-sale,9500,geraardsbergen
east-flanders,House,https://immovlan.be/en/detail/residence/for-sale/9041/oostakker/rbw19521,rbw19521,residence,for-sale,9041,oostakker
east-flanders,Apartment,https://immovlan.be/en/detail/apartment/for-sale/9830/sint-martens-latem/rbw19515,rbw19515,apartment,for-sale,9830,sint-martens-latem
east-flanders,Apartment,https://immovlan.be/en/detail/apartment/for-sale/9830/sint-martens-latem/rbw19514,rbw19514,apartment,for-sale,9830,sint-martens-latem
east-flanders,Apartment,https://immovlan.be/en/detail/duplex/for-sale/9830/sint-martens-latem/rbw19513,rbw19513,duplex,for-sale,9830,sint-martens-latem
east-flanders,Apartment,https://immovlan.be/en/detail/apartment/for-sale/9830/sint-martens-latem/rbw19512,rbw19512,apartment,for-sale,9830,sint-martens-latem
east-flanders,Apartment,https://immovlan.be/en/detail/duplex/for-sale/9830/sint-martens-latem/rbw19511,rbw19511,duplex,for-sale,9830,sint-martens-latem
east-flanders,Apartment,https://immovlan.be/en/detail/apartment/for-sale/9830/sint-martens-latem/rbw19510,rbw19510,apartment,for-sale,9830,sint-martens-latem
east-flanders,Apartment,https://immovlan.be/en/detail/apartment/for-sale/9830/sint-martens-latem/rbw19509,rbw19509,apartment,for-sale,9830,sint-martens-latem
east-flanders,Apartment,https://immovlan.be/en/detail/duplex/for-sale/9830/sint-martens-latem/rbw19508,rbw19508,duplex,for-sale,9830,sint-martens-latem
east-flanders,Apartment,https://immovlan.be/en/detail/apartment/for-sale/9830/sint-martens-latem/rbw19507,rbw19507,apartment,for-sale,9830,sint-martens-latem
east-flanders,Apartment,https://immovlan.be/en/detail/apartment/for-sale/9830/sint-martens-latem/rbw19506,rbw19506,apartment,for-sale,9830,sint-martens-latem
east-flanders,Apartment,https://immovlan.be/en/detail/apartment/for-sale/9830/sint-martens-latem/rbw19505,rbw19505,apartment,for-sale,9830,sint-martens-latem
east-flanders,Apartment,https://immovlan.be/en/detail/duplex/for-sale/9830/sint-martens-latem/rbw19504,rbw19504,duplex,for-sale,9830,sint-martens-latem
east-flanders,House,https://immovlan.be/en/detail/residence/for-sale/9000/gent/rbw19503,rbw19503,residence,for-sale,9000,gent
east-flanders,Apartment,https://immovlan.be/en/detail/apartment/for-sale/9990/maldegem/rbw19477,rbw19477,apartment,for-sale,9990,maldegem
east-flanders,House,https://immovlan.be/en/detail/residence/for-sale/9230/wetteren/rbw19468,rbw19468,residence,for-sale,9230,wetteren
east-flanders,Apartment,https://immovlan.be/en/detail/apartment/for-sale/9300/aalst/rbw19267,rbw19267,apartment,for-sale,9300,aalst
east-flanders,House,https://immovlan.be/en/detail/residence/for-sale/9630/zwalm/rbw19243,rbw19243,residence,for-sale,9630,zwalm
east-flanders,Apartment,https://immovlan.be/en/detail/apartment/for-sale/9700/oudenaarde/rbw19240,rbw19240,apartment,for-sale,9700,oudenaarde
east-flanders,Apartment,https://immovlan.be/en/detail/penthouse/for-sale/9190/stekene/rbw19233,rbw19233,penthouse,for-sale,9190,stekene
east-flanders,House,https://immovlan.be/en/detail/residence/for-sale/9240/zele/rbw19212,rbw19212,residence,for-sale,9240,zele
east-flanders,Apartment,https://immovlan.be/en/detail/apartment/for-sale/9290/berlare/rbw19211,rbw19211,apartment,for-sale,9290,berlare
east-flanders,House,https://immovlan.be/en/detail/residence/for-sale/9260/wichelen/rbw19096,rbw19096,residence,for-sale,9260,wichelen
east-flanders,House,https://immovlan.be/en/detail/residence/for-sale/9260/wichelen/rbw19095,rbw19095,residence,for-sale,9260,wichelen
east-flanders,House,https://immovlan.be/en/detail/residence/for-sale/9260/wichelen/rbw19094,rbw19094,residence,for-sale,9260,wichelen
east-flanders,House,https://immovlan.be/en/detail/residence/for-sale/9000/gent/rbw19091,rbw19091,residence,for-sale,9000,gent
east-flanders,Apartment,https://immovlan.be/en/detail/apartment/for-sale/9000/gent/rbw19079,rbw19079,apartment,for-sale,9000,gent
east-flanders,Apartment,https://immovlan.be/en/detail/apartment/for-sale/9100/sint-niklaas/rbw19077,rbw19077,apartment,for-sale,9100,sint-niklaas
east-flanders,House,https://immovlan.be/en/detail/residence/for-sale/9100/sint-niklaas/rbw19076,rbw19076,residence,for-sale,9100,sint-niklaas
east-flanders,House,https://immovlan.be/en/detail/residence/for-sale/9190/stekene/rbw19075,rbw19075,residence,for-sale,9190,stekene
east-flanders,Apartment,https://immovlan.be/en/detail/apartment/for-sale/9100/sint-niklaas/rbw19070,rbw19070,apartment,for-sale,9100,sint-niklaas
east-flanders,House,https://immovlan.be/en/detail/residence/for-sale/9100/sint-niklaas/rbw19066,rbw19066,residence,for-sale,9100,sint-niklaas
east-flanders,House,https://immovlan.be/en/detail/residence/for-sale/9000/gent/rbw19060,rbw19060,residence,for-sale,9000,gent
east-flanders,House,https://immovlan.be/en/detail/residence/for-sale/9230/wetteren/rbw19059,rbw19059,residence,for-sale,9230,wetteren
east-flanders,House,https://immovlan.be/en/detail/residence/for-sale/9040/sint-amandsberg/vbe33942,vbe33942,residence,for-sale,9040,sint-amandsberg
east-flanders,House,https://immovlan.be/en/detail/residence/for-sale/9660/brakel/rbw19029,rbw19029,residence,for-sale,9660,brakel
east-flanders,Apartment,https://immovlan.be/en/detail/apartment/for-sale/9000/gent/rbw19026,rbw19026,apartment,for-sale,9000,gent
east-flanders,Apartment,https://immovlan.be/en/detail/studio/for-sale/9000/gent/rbw19025,rbw19025,studio,for-sale,9000,gent
east-flanders,Apartment,https://immovlan.be/en/detail/studio/for-sale/9000/gent/rbw19024,rbw19024,studio,for-sale,9000,gent
east-flanders,House,https://immovlan.be/en/detail/residence/for-sale/9600/ronse/rbw18762,rbw18762,residence,for-sale,9600,ronse
east-flanders,House,https://immovlan.be/en/detail/residence/for-sale/9600/ronse/rbw18760,rbw18760,residence,for-sale,9600,ronse
east-flanders,House,https://immovlan.be/en/detail/residence/for-sale/9080/lochristi/rbw18737,rbw18737,residence,for-sale,9080,lochristi
east-flanders,Apartment,https://immovlan.be/en/detail/apartment/for-sale/9000/gent/rbw18720,rbw18720,apartment,for-sale,9000,gent
east-flanders,House,https://immovlan.be/en/detail/residence/for-sale/9890/gavere/rbw18617,rbw18617,residence,for-sale,9890,gavere
east-flanders,Apartment,https://immovlan.be/en/detail/apartment/for-sale/9170/sint-gillis-waas/rbw18379,rbw18379,apartment,for-sale,9170,sint-gillis-waas
east-flanders,House,https://immovlan.be/en/detail/residence/for-sale/9190/stekene/rbw18378,rbw18378,residence,for-sale,9190,stekene
east-flanders,House,https://immovlan.be/en/detail/residence/for-sale/9120/beveren/rbw18377,rbw18377,residence,for-sale,9120,beveren
east-flanders,House,https://immovlan.be/en/detail/residence/for-sale/9100/sint-niklaas/rbw18376,rbw18376,residence,for-sale,9100,sint-niklaas
east-flanders,House,https://immovlan.be/en/detail/residence/for-sale/9340/lede/rbw18372,rbw18372,residence,for-sale,9340,lede
east-flanders,House,https://immovlan.be/en/detail/mixed-building/for-sale/9600/ronse/rbw18364,rbw18364,mixed-building,for-sale,9600,ronse
east-flanders,Apartment,https://immovlan.be/en/detail/apartment/for-sale/9100/sint-niklaas/rbw18361,rbw18361,apartment,for-sale,9100,sint-niklaas
east-flanders,House,https://immovlan.be/en/detail/residence/for-sale/9255/buggenhout/rbw18354,rbw18354,residence,for-sale,9255,buggenhout
east-flanders,House,https://immovlan.be/en/detail/residence/for-sale/9032/wondelgem/rbw18348,rbw18348,residence,for-sale,9032,wondelgem
east-flanders,House,https://immovlan.be/en/detail/residence/for-sale/9032/wondelgem/rbw18347,rbw18347,residence,for-sale,9032,wondelgem
east-flanders,House,https://immovlan.be/en/detail/residence/for-sale/9500/geraardsbergen/rbw18340,rbw18340,residence,for-sale,9500,geraardsbergen
east-flanders,House,https://immovlan.be/en/detail/residence/for-sale/9890/dikkelvenne/rbw18328,rbw18328,residence,for-sale,9890,dikkelvenne
east-flanders,House,https://immovlan.be/en/detail/residence/for-sale/9890/dikkelvenne/rbw18327,rbw18327,residence,for-sale,9890,dikkelvenne
east-flanders,House,https://immovlan.be/en/detail/residence/for-sale/9300/aalst/rbw18322,rbw18322,residence,for-sale,9300,aalst
east-flanders,Apartment,https://immovlan.be/en/detail/apartment/for-sale/9500/geraardsbergen/rbw18307,rbw18307,apartment,for-sale,9500,geraardsbergen
east-flanders,House,https://immovlan.be/en/detail/residence/for-sale/9520/sint-lievens-houtem/rbw18295,rbw18295,residence,for-sale,9520,sint-lievens-houtem
east-flanders,House,https://immovlan.be/en/detail/master-house/for-sale/9000/gent/vbe33632,vbe33632,master-house,for-sale,9000,gent
east-flanders,Apartment,https://immovlan.be/en/detail/apartment/for-sale/9000/gent/rbw18234,rbw18234,apartment,for-sale,9000,gent
east-flanders,House,https://immovlan.be/en/detail/residence/for-sale/9890/dikkelvenne/rbw18231,rbw18231,residence,for-sale,9890,dikkelvenne
east-flanders,House,https://immovlan.be/en/detail/residence/for-sale/9890/dikkelvenne/rbw18230,rbw18230,residence,for-sale,9890,dikkelvenne
east-flanders,House,https://immovlan.be/en/detail/residence/for-sale/9890/dikkelvenne/rbw18229,rbw18229,residence,for-sale,9890,dikkelvenne
east-flanders,House,https://immovlan.be/en/detail/residence/for-sale/9890/dikkelvenne/rbw18227,rbw18227,residence,for-sale,9890,dikkelvenne
east-flanders,House,https://immovlan.be/en/detail/residence/for-sale/9820/merelbeke/rbw18226,rbw18226,residence,for-sale,9820,merelbeke
east-flanders,House,https://immovlan.be/en/detail/residence/for-sale/9050/gentbrugge/rbw18225,rbw18225,residence,for-sale,9050,gentbrugge
east-flanders,Apartment,https://immovlan.be/en/detail/apartment/for-sale/9100/sint-niklaas/rbw18172,rbw18172,apartment,for-sale,9100,sint-niklaas
east-flanders,House,https://immovlan.be/en/detail/residence/for-sale/9130/kieldrecht/rbw18171,rbw18171,residence,for-sale,9130,kieldrecht
east-flanders,Apartment,https://immovlan.be/en/detail/apartment/for-sale/9100/sint-niklaas/rbw18169,rbw18169,apartment,for-sale,9100,sint-niklaas
east-flanders,House,https://immovlan.be/en/detail/residence/for-sale/9100/sint-niklaas/rbw18168,rbw18168,residence,for-sale,9100,sint-niklaas
east-flanders,Apartment,https://immovlan.be/en/detail/apartment/for-sale/9140/temse/rbw18167,rbw18167,apartment,for-sale,9140,temse
east-flanders,Apartment,https://immovlan.be/en/detail/apartment/for-sale/9140/temse/rbw18166,rbw18166,apartment,for-sale,9140,temse
east-flanders,House,https://immovlan.be/en/detail/residence/for-sale/9180/moerbeke-waas/rbw18165,rbw18165,residence,for-sale,9180,moerbeke-waas
east-flanders,House,https://immovlan.be/en/detail/residence/for-sale/9112/sinaai/rbw18163,rbw18163,residence,for-sale,9112,sinaai
east-flanders,House,https://immovlan.be/en/detail/residence/for-sale/9112/sinaai/rbw18162,rbw18162,residence,for-sale,9112,sinaai
east-flanders,Apartment,https://immovlan.be/en/detail/apartment/for-sale/9140/temse/rbw18161,rbw18161,apartment,for-sale,9140,temse
east-flanders,House,https://immovlan.be/en/detail/residence/for-sale/9100/sint-niklaas/rbw18160,rbw18160,residence,for-sale,9100,sint-niklaas
east-flanders,House,https://immovlan.be/en/detail/residence/for-sale/9170/de-klinge/rbw18159,rbw18159,residence,for-sale,9170,de-klinge
east-flanders,House,https://immovlan.be/en/detail/residence/for-sale/9150/bazel/rbw18158,rbw18158,residence,for-sale,9150,bazel
east-flanders,House,https://immovlan.be/en/detail/residence/for-sale/9100/sint-niklaas/rbw18157,rbw18157,residence,for-sale,9100,sint-niklaas
east-flanders,Apartment,https://immovlan.be/en/detail/duplex/for-sale/9112/sinaai/rbw18156,rbw18156,duplex,for-sale,9112,sinaai
east-flanders,House,https://immovlan.be/en/detail/residence/for-sale/9150/bazel/rbw18155,rbw18155,residence,for-sale,9150,bazel
east-flanders,Apartment,https://immovlan.be/en/detail/apartment/for-sale/9140/temse/rbw18154,rbw18154,apartment,for-sale,9140,temse
east-flanders,House,https://immovlan.be/en/detail/residence/for-sale/9120/beveren/rbw18152,rbw18152,residence,for-sale,9120,beveren
east-flanders,House,https://immovlan.be/en/detail/residence/for-sale/9100/sint-niklaas/rbw18151,rbw18151,residence,for-sale,9100,sint-niklaas
east-flanders,Apartment,https://immovlan.be/en/detail/duplex/for-sale/9100/sint-niklaas/rbw18150,rbw18150,duplex,for-sale,9100,sint-niklaas
east-flanders,House,https://immovlan.be/en/detail/master-house/for-sale/9100/sint-niklaas/rbw18149,rbw18149,master-house,for-sale,9100,sint-niklaas
east-flanders,House,https://immovlan.be/en/detail/residence/for-sale/9150/kruibeke/rbw18148,rbw18148,residence,for-sale,9150,kruibeke
east-flanders,House,https://immovlan.be/en/detail/residence/for-sale/9190/stekene/rbw18147,rbw18147,residence,for-sale,9190,stekene
east-flanders,House,https://immovlan.be/en/detail/residence/for-sale/9150/bazel/rbw18146,rbw18146,residence,for-sale,9150,bazel
east-flanders,House,https://immovlan.be/en/detail/residence/for-sale/9220/hamme/rbw18099,rbw18099,residence,for-sale,9220,hamme
east-flanders,House,https://immovlan.be/en/detail/residence/for-sale/9220/hamme/rbw18098,rbw18098,residence,for-sale,9220,hamme
east-flanders,House,https://immovlan.be/en/detail/residence/for-sale/9500/geraardsbergen/rbw18094,rbw18094,residence,for-sale,9500,geraardsbergen
east-flanders,House,https://immovlan.be/en/detail/residence/for-sale/9500/geraardsbergen/rbw18093,rbw18093,residence,for-sale,9500,geraardsbergen
east-flanders,House,https://immovlan.be/en/detail/residence/for-sale/9620/zottegem/rbw18085,rbw18085,residence,for-sale,9620,zottegem
east-flanders,House,https://immovlan.be/en/detail/residence/for-sale/9620/zottegem/rbw18084,rbw18084,residence,for-sale,9620,zottegem
east-flanders,Apartment,https://immovlan.be/en/detail/apartment/for-sale/9308/gijzegem/rbw18082,rbw18082,apartment,for-sale,9308,gijzegem
east-flanders,House,https://immovlan.be/en/detail/residence/for-sale/9300/aalst/rbw18077,rbw18077,residence,for-sale,9300,aalst
east-flanders,House,https://immovlan.be/en/detail/residence/for-sale/9600/ronse/rbw18071,rbw18071,residence,for-sale,9600,ronse
east-flanders,House,https://immovlan.be/en/detail/residence/for-sale/9230/wetteren/rbw18069,rbw18069,residence,for-sale,9230,wetteren
east-flanders,House,https://immovlan.be/en/detail/residence/for-sale/9860/oosterzele/rbw18067,rbw18067,residence,for-sale,9860,oosterzele
east-flanders,House,https://immovlan.be/en/detail/residence/for-sale/9190/stekene/rbw18049,rbw18049,residence,for-sale,9190,stekene
east-flanders,House,https://immovlan.be/en/detail/residence/for-sale/9100/sint-niklaas/rbw18048,rbw18048,residence,for-sale,9100,sint-niklaas
east-flanders,Apartment,https://immovlan.be/en/detail/duplex/for-sale/9100/sint-niklaas/rbw18047,rbw18047,duplex,for-sale,9100,sint-niklaas
east-flanders,House,https://immovlan.be/en/detail/residence/for-sale/9290/berlare/rbw18042,rbw18042,residence,for-sale,9290,berlare
east-flanders,House,https://immovlan.be/en/detail/residence/for-sale/9200/dendermonde/rbw18041,rbw18041,residence,for-sale,9200,dendermonde
east-flanders,House,https://immovlan.be/en/detail/villa/for-sale/9420/erpe-mere/rbw18038,rbw18038,villa,for-sale,9420,erpe-mere
east-flanders,House,https://immovlan.be/en/detail/residence/for-sale/9080/lochristi/rbw18022,rbw18022,residence,for-sale,9080,lochristi
east-flanders,House,https://immovlan.be/en/detail/residence/for-sale/9500/geraardsbergen/rbw18021,rbw18021,residence,for-sale,9500,geraardsbergen
east-flanders,House,https://immovlan.be/en/detail/residence/for-sale/9052/zwijnaarde/rbw18018,rbw18018,residence,for-sale,9052,zwijnaarde
east-flanders,House,https://immovlan.be/en/detail/residence/for-sale/9320/erembodegem/rwc42755,rwc42755,residence,for-sale,9320,erembodegem
east-flanders,House,https://immovlan.be/en/detail/residence/for-sale/9060/zelzate/rbw17996,rbw17996,residence,for-sale,9060,zelzate
east-flanders,Apartment,https://immovlan.be/en/detail/apartment/for-sale/9000/gent/rbw17989,rbw17989,apartment,for-sale,9000,gent
east-flanders,Apartment,https://immovlan.be/en/detail/apartment/for-sale/9140/temse/rbw17969,rbw17969,apartment,for-sale,9140,temse
east-flanders,Apartment,https://immovlan.be/en/detail/apartment/for-sale/9200/dendermonde/rbw17967,rbw17967,apartment,for-sale,9200,dendermonde
east-flanders,House,https://immovlan.be/en/detail/mixed-building/for-sale/9170/sint-gillis-waas/rbw17935,rbw17935,mixed-building,for-sale,9170,sint-gillis-waas
east-flanders,House,https://immovlan.be/en/detail/residence/for-sale/9940/evergem/rbw17817,rbw17817,residence,for-sale,9940,evergem
east-flanders,House,https://immovlan.be/en/detail/residence/for-sale/9000/gent/rbw17668,rbw17668,residence,for-sale,9000,gent
east-flanders,Apartment,https://immovlan.be/en/detail/apartment/for-sale/9690/kluisbergen/rbw17553,rbw17553,apartment,for-sale,9690,kluisbergen
east-flanders,Apartment,https://immovlan.be/en/detail/apartment/for-sale/9300/aalst/rbw17551,rbw17551,apartment,for-sale,9300,aalst
east-flanders,House,https://immovlan.be/en/detail/residence/for-sale/9420/erpe-mere/rbw17549,rbw17549,residence,for-sale,9420,erpe-mere
east-flanders,House,https://immovlan.be/en/detail/residence/for-sale/9000/gent/rbw17374,rbw17374,residence,for-sale,9000,gent
east-flanders,House,https://immovlan.be/en/detail/residence/for-sale/9300/aalst/rbw17373,rbw17373,residence,for-sale,9300,aalst
east-flanders,Apartment,https://immovlan.be/en/detail/apartment/for-sale/9300/aalst/rbw17372,rbw17372,apartment,for-sale,9300,aalst
east-flanders,House,https://immovlan.be/en/detail/residence/for-sale/9032/wondelgem/rbw17357,rbw17357,residence,for-sale,9032,wondelgem
east-flanders,House,https://immovlan.be/en/detail/residence/for-sale/9810/nazareth/vbe33190,vbe33190,residence,for-sale,9810,nazareth
east-flanders,House,https://immovlan.be/en/detail/residence/for-sale/9140/temse/rbw17350,rbw17350,residence,for-sale,9140,temse
east-flanders,House,https://immovlan.be/en/detail/residence/for-sale/9470/denderleeuw/rbw17336,rbw17336,residence,for-sale,9470,denderleeuw
east-flanders,House,https://immovlan.be/en/detail/residence/for-sale/9300/aalst/rbw17286,rbw17286,residence,for-sale,9300,aalst
east-flanders,House,https://immovlan.be/en/detail/villa/for-sale/9506/grimminge/rbw17268,rbw17268,villa,for-sale,9506,grimminge
east-flanders,House,https://immovlan.be/en/detail/residence/for-sale/9870/zulte/rbw17264,rbw17264,residence,for-sale,9870,zulte
east-flanders,House,https://immovlan.be/en/detail/residence/for-sale/9042/sint-kruis-winkel/rbw17263,rbw17263,residence,for-sale,9042,sint-kruis-winkel
east-flanders,House,https://immovlan.be/en/detail/residence/for-sale/9032/wondelgem/rbw17262,rbw17262,residence,for-sale,9032,wondelgem
east-flanders,House,https://immovlan.be/en/detail/residence/for-sale/9000/gent/rbw17261,rbw17261,residence,for-sale,9000,gent
east-flanders,House,https://immovlan.be/en/detail/residence/for-sale/9040/sint-amandsberg/rbw17231,rbw17231,residence,for-sale,9040,sint-amandsberg
east-flanders,House,https://immovlan.be/en/detail/residence/for-sale/9000/gent/rbw17229,rbw17229,residence,for-sale,9000,gent
east-flanders,House,https://immovlan.be/en/detail/residence/for-sale/9160/lokeren/rbw17038,rbw17038,residence,for-sale,9160,lokeren
east-flanders,Apartment,https://immovlan.be/en/detail/apartment/for-sale/9230/wetteren/rbw17032,rbw17032,apartment,for-sale,9230,wetteren
east-flanders,House,https://immovlan.be/en/detail/villa/for-sale/9500/geraardsbergen/rbw17024,rbw17024,villa,for-sale,9500,geraardsbergen
east-flanders,House,https://immovlan.be/en/detail/mixed-building/for-sale/9320/erembodegem/rbw17022,rbw17022,mixed-building,for-sale,9320,erembodegem
east-flanders,House,https://immovlan.be/en/detail/residence/for-sale/9400/ninove/rbw17020,rbw17020,residence,for-sale,9400,ninove
east-flanders,House,https://immovlan.be/en/detail/residence/for-sale/9500/geraardsbergen/rbw17019,rbw17019,residence,for-sale,9500,geraardsbergen
east-flanders,House,https://immovlan.be/en/detail/residence/for-sale/9190/stekene/rbw17009,rbw17009,residence,for-sale,9190,stekene
east-flanders,House,https://immovlan.be/en/detail/residence/for-sale/9190/stekene/rbw17007,rbw17007,residence,for-sale,9190,stekene
east-flanders,House,https://immovlan.be/en/detail/residence/for-sale/9150/bazel/rbw16994,rbw16994,residence,for-sale,9150,bazel
east-flanders,Apartment,https://immovlan.be/en/detail/apartment/for-sale/9340/lede/rbw16988,rbw16988,apartment,for-sale,9340,lede
east-flanders,House,https://immovlan.be/en/detail/residence/for-sale/9150/kruibeke/rbw16943,rbw16943,residence,for-sale,9150,kruibeke
east-flanders,House,https://immovlan.be/en/detail/villa/for-sale/9770/kruisem/rbw16936,rbw16936,villa,for-sale,9770,kruisem
east-flanders,Apartment,https://immovlan.be/en/detail/apartment/for-sale/9880/aalter/rbw16935,rbw16935,apartment,for-sale,9880,aalter
east-flanders,Apartment,https://immovlan.be/en/detail/penthouse/for-sale/9000/gent/rbw16923,rbw16923,penthouse,for-sale,9000,gent
east-flanders,House,https://immovlan.be/en/detail/residence/for-sale/9420/erpe-mere/rbw16922,rbw16922,residence,for-sale,9420,erpe-mere
east-flanders,House,https://immovlan.be/en/detail/residence/for-sale/9300/aalst/rbw16919,rbw16919,residence,for-sale,9300,aalst
east-flanders,House,https://immovlan.be/en/detail/residence/for-sale/9400/nederhasselt/rbw16911,rbw16911,residence,for-sale,9400,nederhasselt
east-flanders,House,https://immovlan.be/en/detail/residence/for-sale/9200/dendermonde/rbw16898,rbw16898,residence,for-sale,9200,dendermonde
east-flanders,House,https://immovlan.be/en/detail/residence/for-sale/9290/berlare/rbw16895,rbw16895,residence,for-sale,9290,berlare
east-flanders,House,https://immovlan.be/en/detail/residence/for-sale/9140/temse/rbw16892,rbw16892,residence,for-sale,9140,temse
east-flanders,House,https://immovlan.be/en/detail/villa/for-sale/9771/nokere/rbw16838,rbw16838,villa,for-sale,9771,nokere
east-flanders,House,https://immovlan.be/en/detail/residence/for-sale/9500/geraardsbergen/rbw16769,rbw16769,residence,for-sale,9500,geraardsbergen
east-flanders,House,https://immovlan.be/en/detail/residence/for-sale/9450/heldergem/rbw16600,rbw16600,residence,for-sale,9450,heldergem
east-flanders,House,https://immovlan.be/en/detail/residence/for-sale/9690/kluisbergen/rbw16595,rbw16595,residence,for-sale,9690,kluisbergen
east-flanders,Apartment,https://immovlan.be/en/detail/apartment/for-sale/9690/kluisbergen/rbw16585,rbw16585,apartment,for-sale,9690,kluisbergen
east-flanders,Apartment,https://immovlan.be/en/detail/apartment/for-sale/9600/ronse/rbw16582,rbw16582,apartment,for-sale,9600,ronse
east-flanders,House,https://immovlan.be/en/detail/master-house/for-sale/9500/geraardsbergen/rbw16373,rbw16373,master-house,for-sale,9500,geraardsbergen
east-flanders,House,https://immovlan.be/en/detail/residence/for-sale/9230/wetteren/rbw16361,rbw16361,residence,for-sale,9230,wetteren
east-flanders,House,https://immovlan.be/en/detail/residence/for-sale/9120/beveren/rbw16334,rbw16334,residence,for-sale,9120,beveren
east-flanders,House,https://immovlan.be/en/detail/residence/for-sale/9120/beveren/rbw16333,rbw16333,residence,for-sale,9120,beveren
east-flanders,House,https://immovlan.be/en/detail/residence/for-sale/9120/beveren/rbw16331,rbw16331,residence,for-sale,9120,beveren
east-flanders,House,https://immovlan.be/en/detail/residence/for-sale/9991/adegem/rbw16294,rbw16294,residence,for-sale,9991,adegem
east-flanders,House,https://immovlan.be/en/detail/residence/for-sale/9500/geraardsbergen/rbw16293,rbw16293,residence,for-sale,9500,geraardsbergen
east-flanders,House,https://immovlan.be/en/detail/residence/for-sale/9520/sint-lievens-houtem/rbw16292,rbw16292,residence,for-sale,9520,sint-lievens-houtem
east-flanders,House,https://immovlan.be/en/detail/residence/for-sale/9000/gent/rbw16287,rbw16287,residence,for-sale,9000,gent
east-flanders,House,https://immovlan.be/en/detail/mixed-building/for-sale/9100/sint-niklaas/rbw16285,rbw16285,mixed-building,for-sale,9100,sint-niklaas
east-flanders,House,https://immovlan.be/en/detail/residence/for-sale/9100/sint-niklaas/rbw16266,rbw16266,residence,for-sale,9100,sint-niklaas
east-flanders,Apartment,https://immovlan.be/en/detail/apartment/for-sale/9100/sint-niklaas/rbw16260,rbw16260,apartment,for-sale,9100,sint-niklaas
east-flanders,Apartment,https://immovlan.be/en/detail/apartment/for-sale/9800/deinze/rbw16249,rbw16249,apartment,for-sale,9800,deinze
east-flanders,House,https://immovlan.be/en/detail/residence/for-sale/9600/ronse/rbw16248,rbw16248,residence,for-sale,9600,ronse
east-flanders,House,https://immovlan.be/en/detail/residence/for-sale/9340/lede/rbw16242,rbw16242,residence,for-sale,9340,lede
east-flanders,Apartment,https://immovlan.be/en/detail/apartment/for-sale/9000/gent/rbw16240,rbw16240,apartment,for-sale,9000,gent
east-flanders,House,https://immovlan.be/en/detail/residence/for-sale/9506/idegem/rbw16231,rbw16231,residence,for-sale,9506,idegem
east-flanders,House,https://immovlan.be/en/detail/master-house/for-sale/9000/gent/rbw16222,rbw16222,master-house,for-sale,9000,gent
east-flanders,Apartment,https://immovlan.be/en/detail/apartment/for-sale/9120/beveren/rbw16104,rbw16104,apartment,for-sale,9120,beveren
east-flanders,House,https://immovlan.be/en/detail/residence/for-sale/9070/destelbergen/rbw16027,rbw16027,residence,for-sale,9070,destelbergen
east-flanders,House,https://immovlan.be/en/detail/cottage/for-sale/9881/bellem/rwc42735,rwc42735,cottage,for-sale,9881,bellem
east-flanders,House,https://immovlan.be/en/detail/residence/for-sale/9320/erembodegem/rbw16015,rbw16015,residence,for-sale,9320,erembodegem
east-flanders,House,https://immovlan.be/en/detail/residence/for-sale/9550/herzele/rbw16007,rbw16007,residence,for-sale,9550,herzele
east-flanders,House,https://immovlan.be/en/detail/residence/for-sale/9550/herzele/rbw16006,rbw16006,residence,for-sale,9550,herzele
east-flanders,House,https://immovlan.be/en/detail/residence/for-sale/9310/baardegem/rbw15997,rbw15997,residence,for-sale,9310,baardegem
east-flanders,House,https://immovlan.be/en/detail/residence/for-sale/9310/baardegem/rbw15996,rbw15996,residence,for-sale,9310,baardegem
east-flanders,Apartment,https://immovlan.be/en/detail/ground-floor/for-sale/9340/lede/rbw15989,rbw15989,ground-floor,for-sale,9340,lede
east-flanders,House,https://immovlan.be/en/detail/residence/for-sale/9260/serskamp/rbw15988,rbw15988,residence,for-sale,9260,serskamp
east-flanders,House,https://immovlan.be/en/detail/residence/for-sale/9230/wetteren/rbw15987,rbw15987,residence,for-sale,9230,wetteren
east-flanders,House,https://immovlan.be/en/detail/residence/for-sale/9230/wetteren/rbw15986,rbw15986,residence,for-sale,9230,wetteren
east-flanders,Apartment,https://immovlan.be/en/detail/apartment/for-sale/9000/gent/rbw15984,rbw15984,apartment,for-sale,9000,gent
east-flanders,House,https://immovlan.be/en/detail/villa/for-sale/9400/ninove/rbw15983,rbw15983,villa,for-sale,9400,ninove
east-flanders,House,https://immovlan.be/en/detail/residence/for-sale/9770/kruishoutem/rbw15982,rbw15982,residence,for-sale,9770,kruishoutem
east-flanders,House,https://immovlan.be/en/detail/residence/for-sale/9700/eine/rwc42732,rwc42732,residence,for-sale,9700,eine
east-flanders,House,https://immovlan.be/en/detail/residence/for-sale/9000/gent/rbw15978,rbw15978,residence,for-sale,9000,gent
east-flanders,Apartment,https://immovlan.be/en/detail/apartment/for-sale/9000/gent/rbw15973,rbw15973,apartment,for-sale,9000,gent
east-flanders,House,https://immovlan.be/en/detail/mixed-building/for-sale/9500/geraardsbergen/rbw15964,rbw15964,mixed-building,for-sale,9500,geraardsbergen
east-flanders,House,https://immovlan.be/en/detail/mixed-building/for-sale/9500/geraardsbergen/rbw15963,rbw15963,mixed-building,for-sale,9500,geraardsbergen
east-flanders,House,https://immovlan.be/en/detail/residence/for-sale/9230/wetteren/rbw15961,rbw15961,residence,for-sale,9230,wetteren
east-flanders,House,https://immovlan.be/en/detail/residence/for-sale/9031/drongen/rbw15960,rbw15960,residence,for-sale,9031,drongen
east-flanders,Apartment,https://immovlan.be/en/detail/apartment/for-sale/9000/gent/rbw15958,rbw15958,apartment,for-sale,9000,gent
east-flanders,Apartment,https://immovlan.be/en/detail/apartment/for-sale/9220/hamme/rbw13675,rbw13675,apartment,for-sale,9220,hamme
east-flanders,Apartment,https://immovlan.be/en/detail/apartment/for-sale/9220/hamme/rbw13673,rbw13673,apartment,for-sale,9220,hamme
east-flanders,Apartment,https://immovlan.be/en/detail/apartment/for-sale/9220/hamme/rbw13672,rbw13672,apartment,for-sale,9220,hamme
east-flanders,Apartment,https://immovlan.be/en/detail/ground-floor/for-sale/9220/hamme/rbw13671,rbw13671,ground-floor,for-sale,9220,hamme
east-flanders,House,https://immovlan.be/en/detail/mixed-building/for-sale/9000/gent/rbw13659,rbw13659,mixed-building,for-sale,9000,gent
east-flanders,House,https://immovlan.be/en/detail/master-house/for-sale/9300/aalst/rbw13654,rbw13654,master-house,for-sale,9300,aalst
east-flanders,Apartment,https://immovlan.be/en/detail/studio/for-sale/9000/gent/rbw13634,rbw13634,studio,for-sale,9000,gent
east-flanders,Apartment,https://immovlan.be/en/detail/apartment/for-sale/9050/gentbrugge/rbw13631,rbw13631,apartment,for-sale,9050,gentbrugge
east-flanders,Apartment,https://immovlan.be/en/detail/apartment/for-sale/9050/gentbrugge/rbw13629,rbw13629,apartment,for-sale,9050,gentbrugge
east-flanders,Apartment,https://immovlan.be/en/detail/apartment/for-sale/9050/gentbrugge/rbw13626,rbw13626,apartment,for-sale,9050,gentbrugge
east-flanders,Apartment,https://immovlan.be/en/detail/apartment/for-sale/9050/gentbrugge/rbw13624,rbw13624,apartment,for-sale,9050,gentbrugge
east-flanders,Apartment,https://immovlan.be/en/detail/apartment/for-sale/9050/gentbrugge/rbw13621,rbw13621,apartment,for-sale,9050,gentbrugge
east-flanders,Apartment,https://immovlan.be/en/detail/apartment/for-sale/9050/gentbrugge/rbw13619,rbw13619,apartment,for-sale,9050,gentbrugge
east-flanders,Apartment,https://immovlan.be/en/detail/apartment/for-sale/9050/gentbrugge/rbw13617,rbw13617,apartment,for-sale,9050,gentbrugge
east-flanders,House,https://immovlan.be/en/detail/bungalow/for-sale/9170/sint-pauwels/rbw13607,rbw13607,bungalow,for-sale,9170,sint-pauwels
east-flanders,House,https://immovlan.be/en/detail/residence/for-sale/9060/zelzate/rbw13606,rbw13606,residence,for-sale,9060,zelzate
east-flanders,House,https://immovlan.be/en/detail/residence/for-sale/9600/ronse/rbw13566,rbw13566,residence,for-sale,9600,ronse
east-flanders,House,https://immovlan.be/en/detail/residence/for-sale/9910/knesselare/rbw13385,rbw13385,residence,for-sale,9910,knesselare
east-flanders,House,https://immovlan.be/en/detail/mansion/for-sale/9300/aalst/rbw13384,rbw13384,mansion,for-sale,9300,aalst
east-flanders,House,https://immovlan.be/en/detail/residence/for-sale/9050/ledeberg/rbw13377,rbw13377,residence,for-sale,9050,ledeberg
east-flanders,House,https://immovlan.be/en/detail/residence/for-sale/9300/aalst/rbw13376,rbw13376,residence,for-sale,9300,aalst
east-flanders,House,https://immovlan.be/en/detail/residence/for-sale/9220/hamme/rbw13358,rbw13358,residence,for-sale,9220,hamme
east-flanders,House,https://immovlan.be/en/detail/residence/for-sale/9280/lebbeke/rbw13356,rbw13356,residence,for-sale,9280,lebbeke
east-flanders,House,https://immovlan.be/en/detail/residence/for-sale/9220/moerzeke/rbw13355,rbw13355,residence,for-sale,9220,moerzeke
east-flanders,House,https://immovlan.be/en/detail/villa/for-sale/9220/hamme/rbw13354,rbw13354,villa,for-sale,9220,hamme
east-flanders,House,https://immovlan.be/en/detail/residence/for-sale/9200/dendermonde/rbw13352,rbw13352,residence,for-sale,9200,dendermonde
east-flanders,House,https://immovlan.be/en/detail/residence/for-sale/9080/lochristi/rbw13349,rbw13349,residence,for-sale,9080,lochristi
east-flanders,Apartment,https://immovlan.be/en/detail/apartment/for-sale/9290/berlare/rbw13348,rbw13348,apartment,for-sale,9290,berlare
east-flanders,House,https://immovlan.be/en/detail/residence/for-sale/9500/geraardsbergen/rbw13326,rbw13326,residence,for-sale,9500,geraardsbergen
east-flanders,House,https://immovlan.be/en/detail/residence/for-sale/9500/geraardsbergen/rbw13314,rbw13314,residence,for-sale,9500,geraardsbergen
east-flanders,House,https://immovlan.be/en/detail/residence/for-sale/9052/zwijnaarde/rbw13313,rbw13313,residence,for-sale,9052,zwijnaarde
east-flanders,Apartment,https://immovlan.be/en/detail/studio/for-sale/9000/gent/rbw13310,rbw13310,studio,for-sale,9000,gent
east-flanders,Apartment,https://immovlan.be/en/detail/studio/for-sale/9000/gent/rbw13309,rbw13309,studio,for-sale,9000,gent
east-flanders,Apartment,https://immovlan.be/en/detail/studio/for-sale/9000/gent/rbw13308,rbw13308,studio,for-sale,9000,gent
east-flanders,Apartment,https://immovlan.be/en/detail/studio/for-sale/9000/gent/rbw13307,rbw13307,studio,for-sale,9000,gent
east-flanders,Apartment,https://immovlan.be/en/detail/studio/for-sale/9000/gent/rbw13306,rbw13306,studio,for-sale,9000,gent
east-flanders,House,https://immovlan.be/en/detail/residence/for-sale/9050/gentbrugge/rbw13305,rbw13305,residence,for-sale,9050,gentbrugge
east-flanders,House,https://immovlan.be/en/detail/residence/for-sale/9050/gentbrugge/rbw13304,rbw13304,residence,for-sale,9050,gentbrugge
east-flanders,House,https://immovlan.be/en/detail/residence/for-sale/9050/gentbrugge/rbw13303,rbw13303,residence,for-sale,9050,gentbrugge
east-flanders,House,https://immovlan.be/en/detail/residence/for-sale/9050/gentbrugge/rbw13302,rbw13302,residence,for-sale,9050,gentbrugge
east-flanders,House,https://immovlan.be/en/detail/residence/for-sale/9050/gentbrugge/rbw13301,rbw13301,residence,for-sale,9050,gentbrugge
east-flanders,House,https://immovlan.be/en/detail/residence/for-sale/9050/gentbrugge/rbw13300,rbw13300,residence,for-sale,9050,gentbrugge
east-flanders,House,https://immovlan.be/en/detail/residence/for-sale/9050/gentbrugge/rbw13299,rbw13299,residence,for-sale,9050,gentbrugge
east-flanders,House,https://immovlan.be/en/detail/residence/for-sale/9050/gentbrugge/rbw13298,rbw13298,residence,for-sale,9050,gentbrugge
east-flanders,House,https://immovlan.be/en/detail/residence/for-sale/9050/gentbrugge/rbw13297,rbw13297,residence,for-sale,9050,gentbrugge
east-flanders,House,https://immovlan.be/en/detail/residence/for-sale/9050/gentbrugge/rbw13296,rbw13296,residence,for-sale,9050,gentbrugge
east-flanders,House,https://immovlan.be/en/detail/residence/for-sale/9050/gentbrugge/rbw13294,rbw13294,residence,for-sale,9050,gentbrugge
east-flanders,House,https://immovlan.be/en/detail/residence/for-sale/9050/gentbrugge/rbw13293,rbw13293,residence,for-sale,9050,gentbrugge
east-flanders,House,https://immovlan.be/en/detail/residence/for-sale/9050/gentbrugge/rbw13292,rbw13292,residence,for-sale,9050,gentbrugge
east-flanders,House,https://immovlan.be/en/detail/residence/for-sale/9050/gentbrugge/rbw13291,rbw13291,residence,for-sale,9050,gentbrugge
east-flanders,House,https://immovlan.be/en/detail/residence/for-sale/9050/gentbrugge/rbw13290,rbw13290,residence,for-sale,9050,gentbrugge
east-flanders,House,https://immovlan.be/en/detail/residence/for-sale/9050/gentbrugge/rbw13289,rbw13289,residence,for-sale,9050,gentbrugge
east-flanders,House,https://immovlan.be/en/detail/residence/for-sale/9050/gentbrugge/rbw13288,rbw13288,residence,for-sale,9050,gentbrugge
east-flanders,House,https://immovlan.be/en/detail/residence/for-sale/9000/gent/rbw12751,rbw12751,residence,for-sale,9000,gent
east-flanders,House,https://immovlan.be/en/detail/residence/for-sale/9000/gent/rbw12710,rbw12710,residence,for-sale,9000,gent
east-flanders,House,https://immovlan.be/en/detail/residence/for-sale/9000/gent/rbw12706,rbw12706,residence,for-sale,9000,gent
east-flanders,House,https://immovlan.be/en/detail/residence/for-sale/9220/hamme/rbw12688,rbw12688,residence,for-sale,9220,hamme
east-flanders,House,https://immovlan.be/en/detail/residence/for-sale/9000/gent/rbw12687,rbw12687,residence,for-sale,9000,gent
east-flanders,House,https://immovlan.be/en/detail/residence/for-sale/9280/lebbeke/rbw12686,rbw12686,residence,for-sale,9280,lebbeke
east-flanders,Apartment,https://immovlan.be/en/detail/apartment/for-sale/9255/buggenhout/rbw12685,rbw12685,apartment,for-sale,9255,buggenhout
east-flanders,House,https://immovlan.be/en/detail/residence/for-sale/9200/dendermonde/rbw12684,rbw12684,residence,for-sale,9200,dendermonde
east-flanders,House,https://immovlan.be/en/detail/residence/for-sale/9080/lochristi/rbw12683,rbw12683,residence,for-sale,9080,lochristi
east-flanders,House,https://immovlan.be/en/detail/residence/for-sale/9220/hamme/rbw12681,rbw12681,residence,for-sale,9220,hamme
east-flanders,House,https://immovlan.be/en/detail/residence/for-sale/9280/lebbeke/rbw12679,rbw12679,residence,for-sale,9280,lebbeke
east-flanders,Apartment,https://immovlan.be/en/detail/apartment/for-sale/9070/destelbergen/rbw12677,rbw12677,apartment,for-sale,9070,destelbergen
east-flanders,House,https://immovlan.be/en/detail/residence/for-sale/9200/dendermonde/rbw12675,rbw12675,residence,for-sale,9200,dendermonde
east-flanders,House,https://immovlan.be/en/detail/residence/for-sale/9120/beveren/rbw12673,rbw12673,residence,for-sale,9120,beveren
east-flanders,Apartment,https://immovlan.be/en/detail/apartment/for-sale/9200/dendermonde/rbw12671,rbw12671,apartment,for-sale,9200,dendermonde
east-flanders,House,https://immovlan.be/en/detail/residence/for-sale/9200/dendermonde/rbw12670,rbw12670,residence,for-sale,9200,dendermonde
east-flanders,Apartment,https://immovlan.be/en/detail/apartment/for-sale/9200/dendermonde/rbw12668,rbw12668,apartment,for-sale,9200,dendermonde
east-flanders,House,https://immovlan.be/en/detail/residence/for-sale/9200/dendermonde/rbw12667,rbw12667,residence,for-sale,9200,dendermonde
east-flanders,Apartment,https://immovlan.be/en/detail/apartment/for-sale/9280/lebbeke/rbw12665,rbw12665,apartment,for-sale,9280,lebbeke
east-flanders,Apartment,https://immovlan.be/en/detail/apartment/for-sale/9255/buggenhout/rbw12663,rbw12663,apartment,for-sale,9255,buggenhout
east-flanders,House,https://immovlan.be/en/detail/residence/for-sale/9200/grembergen/rbw12662,rbw12662,residence,for-sale,9200,grembergen
east-flanders,House,https://immovlan.be/en/detail/residence/for-sale/9000/gent/rbw12658,rbw12658,residence,for-sale,9000,gent
east-flanders,House,https://immovlan.be/en/detail/residence/for-sale/9230/wetteren/vbe31597,vbe31597,residence,for-sale,9230,wetteren
east-flanders,House,https://immovlan.be/en/detail/residence/for-sale/9470/denderleeuw/rbw12653,rbw12653,residence,for-sale,9470,denderleeuw
east-flanders,House,https://immovlan.be/en/detail/mixed-building/for-sale/9400/denderwindeke/rbw12638,rbw12638,mixed-building,for-sale,9400,denderwindeke
east-flanders,House,https://immovlan.be/en/detail/residence/for-sale/9500/geraardsbergen/rbw12620,rbw12620,residence,for-sale,9500,geraardsbergen
east-flanders,Apartment,https://immovlan.be/en/detail/apartment/for-sale/9850/landegem/rbw12599,rbw12599,apartment,for-sale,9850,landegem
east-flanders,House,https://immovlan.be/en/detail/residence/for-sale/9600/ronse/rbw12595,rbw12595,residence,for-sale,9600,ronse
east-flanders,House,https://immovlan.be/en/detail/residence/for-sale/9550/herzele/rbw12585,rbw12585,residence,for-sale,9550,herzele
east-flanders,House,https://immovlan.be/en/detail/residence/for-sale/9500/geraardsbergen/rbw12584,rbw12584,residence,for-sale,9500,geraardsbergen
east-flanders,House,https://immovlan.be/en/detail/residence/for-sale/9500/geraardsbergen/rbw12552,rbw12552,residence,for-sale,9500,geraardsbergen
east-flanders,House,https://immovlan.be/en/detail/residence/for-sale/9050/gentbrugge/rbw12551,rbw12551,residence,for-sale,9050,gentbrugge
east-flanders,House,https://immovlan.be/en/detail/residence/for-sale/9667/horebeke/rbw12479,rbw12479,residence,for-sale,9667,horebeke
east-flanders,House,https://immovlan.be/en/detail/residence/for-sale/9120/beveren/rbw12456,rbw12456,residence,for-sale,9120,beveren
east-flanders,House,https://immovlan.be/en/detail/residence/for-sale/9240/zele/rbw12455,rbw12455,residence,for-sale,9240,zele
east-flanders,Apartment,https://immovlan.be/en/detail/apartment/for-sale/9290/berlare/rbw12453,rbw12453,apartment,for-sale,9290,berlare
east-flanders,Apartment,https://immovlan.be/en/detail/apartment/for-sale/9120/beveren/rbw12451,rbw12451,apartment,for-sale,9120,beveren
east-flanders,Apartment,https://immovlan.be/en/detail/apartment/for-sale/9140/temse/rbw12449,rbw12449,apartment,for-sale,9140,temse
east-flanders,Apartment,https://immovlan.be/en/detail/apartment/for-sale/9280/lebbeke/rbw12447,rbw12447,apartment,for-sale,9280,lebbeke
east-flanders,House,https://immovlan.be/en/detail/residence/for-sale/9150/kruibeke/rbw12445,rbw12445,residence,for-sale,9150,kruibeke
east-flanders,Apartment,https://immovlan.be/en/detail/duplex/for-sale/9300/aalst/rbw12440,rbw12440,duplex,for-sale,9300,aalst
east-flanders,House,https://immovlan.be/en/detail/residence/for-sale/9100/sint-niklaas/rbw12437,rbw12437,residence,for-sale,9100,sint-niklaas
east-flanders,Apartment,https://immovlan.be/en/detail/apartment/for-sale/9280/lebbeke/rbw12432,rbw12432,apartment,for-sale,9280,lebbeke
east-flanders,House,https://immovlan.be/en/detail/residence/for-sale/9100/nieuwkerken-waas/rbw12425,rbw12425,residence,for-sale,9100,nieuwkerken-waas
east-flanders,House,https://immovlan.be/en/detail/residence/for-sale/9140/temse/rbw12411,rbw12411,residence,for-sale,9140,temse
east-flanders,Apartment,https://immovlan.be/en/detail/apartment/for-sale/9100/sint-niklaas/rbw12407,rbw12407,apartment,for-sale,9100,sint-niklaas
east-flanders,House,https://immovlan.be/en/detail/residence/for-sale/9190/stekene/rbw12405,rbw12405,residence,for-sale,9190,stekene
east-flanders,House,https://immovlan.be/en/detail/residence/for-sale/9170/sint-gillis-waas/rbw12404,rbw12404,residence,for-sale,9170,sint-gillis-waas
east-flanders,House,https://immovlan.be/en/detail/residence/for-sale/9120/beveren/rbw12403,rbw12403,residence,for-sale,9120,beveren
east-flanders,House,https://immovlan.be/en/detail/residence/for-sale/9150/kruibeke/rbw12401,rbw12401,residence,for-sale,9150,kruibeke
east-flanders,House,https://immovlan.be/en/detail/residence/for-sale/9290/berlare/rbw12400,rbw12400,residence,for-sale,9290,berlare
east-flanders,House,https://immovlan.be/en/detail/residence/for-sale/9120/beveren/rbw12396,rbw12396,residence,for-sale,9120,beveren
east-flanders,Apartment,https://immovlan.be/en/detail/apartment/for-sale/9120/beveren/rbw12395,rbw12395,apartment,for-sale,9120,beveren
east-flanders,House,https://immovlan.be/en/detail/residence/for-sale/9240/zele/rbw12391,rbw12391,residence,for-sale,9240,zele
east-flanders,House,https://immovlan.be/en/detail/residence/for-sale/9100/sint-niklaas/rbw12390,rbw12390,residence,for-sale,9100,sint-niklaas
east-flanders,House,https://immovlan.be/en/detail/residence/for-sale/9112/sinaai/rbw12389,rbw12389,residence,for-sale,9112,sinaai
east-flanders,House,https://immovlan.be/en/detail/residence/for-sale/9100/sint-niklaas/rbw12386,rbw12386,residence,for-sale,9100,sint-niklaas
east-flanders,Apartment,https://immovlan.be/en/detail/apartment/for-sale/9120/beveren/rbw12384,rbw12384,apartment,for-sale,9120,beveren
east-flanders,House,https://immovlan.be/en/detail/residence/for-sale/9100/sint-niklaas/rbw12382,rbw12382,residence,for-sale,9100,sint-niklaas
east-flanders,Apartment,https://immovlan.be/en/detail/apartment/for-sale/9140/temse/rbw12381,rbw12381,apartment,for-sale,9140,temse
east-flanders,House,https://immovlan.be/en/detail/residence/for-sale/9100/sint-niklaas/rbw12380,rbw12380,residence,for-sale,9100,sint-niklaas
east-flanders,Apartment,https://immovlan.be/en/detail/apartment/for-sale/9140/temse/rbw12379,rbw12379,apartment,for-sale,9140,temse
east-flanders,Apartment,https://immovlan.be/en/detail/apartment/for-sale/9140/temse/rbw12378,rbw12378,apartment,for-sale,9140,temse
east-flanders,House,https://immovlan.be/en/detail/residence/for-sale/9240/zele/rbw12377,rbw12377,residence,for-sale,9240,zele
east-flanders,House,https://immovlan.be/en/detail/residence/for-sale/9140/temse/rbw12375,rbw12375,residence,for-sale,9140,temse
east-flanders,House,https://immovlan.be/en/detail/residence/for-sale/9100/sint-niklaas/rbw12374,rbw12374,residence,for-sale,9100,sint-niklaas
east-flanders,Apartment,https://immovlan.be/en/detail/apartment/for-sale/9100/sint-niklaas/rbw12373,rbw12373,apartment,for-sale,9100,sint-niklaas
east-flanders,House,https://immovlan.be/en/detail/residence/for-sale/9100/sint-niklaas/rbw12370,rbw12370,residence,for-sale,9100,sint-niklaas
east-flanders,Apartment,https://immovlan.be/en/detail/apartment/for-sale/9140/temse/rbw12369,rbw12369,apartment,for-sale,9140,temse
east-flanders,Apartment,https://immovlan.be/en/detail/apartment/for-sale/9140/temse/rbw12368,rbw12368,apartment,for-sale,9140,temse
east-flanders,House,https://immovlan.be/en/detail/villa/for-sale/9830/sint-martens-latem/rwc42724,rwc42724,villa,for-sale,9830,sint-martens-latem
east-flanders,House,https://immovlan.be/en/detail/villa/for-sale/9770/kruishoutem/rbw12359,rbw12359,villa,for-sale,9770,kruishoutem
east-flanders,House,https://immovlan.be/en/detail/residence/for-sale/9870/zulte/rbw12351,rbw12351,residence,for-sale,9870,zulte
east-flanders,House,https://immovlan.be/en/detail/master-house/for-sale/9470/denderleeuw/rbw12344,rbw12344,master-house,for-sale,9470,denderleeuw
east-flanders,House,https://immovlan.be/en/detail/residence/for-sale/9500/geraardsbergen/rbw12343,rbw12343,residence,for-sale,9500,geraardsbergen
east-flanders,House,https://immovlan.be/en/detail/residence/for-sale/9000/gent/rbw12339,rbw12339,residence,for-sale,9000,gent
east-flanders,House,https://immovlan.be/en/detail/residence/for-sale/9620/zottegem/rbw12338,rbw12338,residence,for-sale,9620,zottegem
east-flanders,House,https://immovlan.be/en/detail/residence/for-sale/9700/oudenaarde/rbw12331,rbw12331,residence,for-sale,9700,oudenaarde
east-flanders,House,https://immovlan.be/en/detail/residence/for-sale/9080/lochristi/rbw12329,rbw12329,residence,for-sale,9080,lochristi
east-flanders,House,https://immovlan.be/en/detail/bungalow/for-sale/9031/drongen/rbw12327,rbw12327,bungalow,for-sale,9031,drongen
east-flanders,House,https://immovlan.be/en/detail/residence/for-sale/9620/zottegem/rbw12268,rbw12268,residence,for-sale,9620,zottegem
east-flanders,House,https://immovlan.be/en/detail/residence/for-sale/9600/ronse/rbw12075,rbw12075,residence,for-sale,9600,ronse
east-flanders,House,https://immovlan.be/en/detail/residence/for-sale/9600/ronse/rbw12073,rbw12073,residence,for-sale,9600,ronse
east-flanders,House,https://immovlan.be/en/detail/residence/for-sale/9600/ronse/rbw12072,rbw12072,residence,for-sale,9600,ronse
east-flanders,House,https://immovlan.be/en/detail/residence/for-sale/9620/zottegem/rbw12035,rbw12035,residence,for-sale,9620,zottegem
east-flanders,Apartment,https://immovlan.be/en/detail/apartment/for-sale/9770/kruishoutem/rbw11848,rbw11848,apartment,for-sale,9770,kruishoutem
east-flanders,House,https://immovlan.be/en/detail/residence/for-sale/9290/overmere/rbw11832,rbw11832,residence,for-sale,9290,overmere
east-flanders,House,https://immovlan.be/en/detail/residence/for-sale/9100/sint-niklaas/rbw11813,rbw11813,residence,for-sale,9100,sint-niklaas
east-flanders,House,https://immovlan.be/en/detail/residence/for-sale/9900/eeklo/rbw11789,rbw11789,residence,for-sale,9900,eeklo
east-flanders,House,https://immovlan.be/en/detail/master-house/for-sale/9473/welle/rbw11782,rbw11782,master-house,for-sale,9473,welle
east-flanders,House,https://immovlan.be/en/detail/residence/for-sale/9100/sint-niklaas/rbw11778,rbw11778,residence,for-sale,9100,sint-niklaas
east-flanders,House,https://immovlan.be/en/detail/residence/for-sale/9340/lede/rbw11775,rbw11775,residence,for-sale,9340,lede
east-flanders,Apartment,https://immovlan.be/en/detail/apartment/for-sale/9550/herzele/rbw11773,rbw11773,apartment,for-sale,9550,herzele
east-flanders,House,https://immovlan.be/en/detail/residence/for-sale/9470/denderleeuw/rbw11762,rbw11762,residence,for-sale,9470,denderleeuw
east-flanders,House,https://immovlan.be/en/detail/residence/for-sale/9420/erpe-mere/rbw11742,rbw11742,residence,for-sale,9420,erpe-mere
east-flanders,House,https://immovlan.be/en/detail/residence/for-sale/9100/sint-niklaas/rbw11643,rbw11643,residence,for-sale,9100,sint-niklaas
east-flanders,House,https://immovlan.be/en/detail/residence/for-sale/9820/merelbeke/rbw11604,rbw11604,residence,for-sale,9820,merelbeke
east-flanders,House,https://immovlan.be/en/detail/residence/for-sale/9820/merelbeke/rbw11603,rbw11603,residence,for-sale,9820,merelbeke
east-flanders,House,https://immovlan.be/en/detail/residence/for-sale/9890/gavere/rbw11602,rbw11602,residence,for-sale,9890,gavere
east-flanders,House,https://immovlan.be/en/detail/residence/for-sale/9500/geraardsbergen/rbw11600,rbw11600,residence,for-sale,9500,geraardsbergen
east-flanders,House,https://immovlan.be/en/detail/residence/for-sale/9500/geraardsbergen/rbw11599,rbw11599,residence,for-sale,9500,geraardsbergen
east-flanders,House,https://immovlan.be/en/detail/residence/for-sale/9400/ninove/rbw11596,rbw11596,residence,for-sale,9400,ninove
east-flanders,House,https://immovlan.be/en/detail/residence/for-sale/9400/ninove/rbw11595,rbw11595,residence,for-sale,9400,ninove
east-flanders,Apartment,https://immovlan.be/en/detail/studio/for-sale/9000/gent/rbw11593,rbw11593,studio,for-sale,9000,gent
east-flanders,House,https://immovlan.be/en/detail/residence/for-sale/9420/erpe-mere/rbw11589,rbw11589,residence,for-sale,9420,erpe-mere
east-flanders,House,https://immovlan.be/en/detail/residence/for-sale/9170/de-klinge/rbw11569,rbw11569,residence,for-sale,9170,de-klinge
east-flanders,Apartment,https://immovlan.be/en/detail/apartment/for-sale/9000/gent/vbe30838,vbe30838,apartment,for-sale,9000,gent
east-flanders,House,https://immovlan.be/en/detail/residence/for-sale/9340/lede/rbw11545,rbw11545,residence,for-sale,9340,lede
east-flanders,House,https://immovlan.be/en/detail/residence/for-sale/9340/lede/rbw11543,rbw11543,residence,for-sale,9340,lede
east-flanders,House,https://immovlan.be/en/detail/residence/for-sale/9320/nieuwerkerken/rbw11534,rbw11534,residence,for-sale,9320,nieuwerkerken
east-flanders,House,https://immovlan.be/en/detail/residence/for-sale/9800/deinze/rbw11524,rbw11524,residence,for-sale,9800,deinze
east-flanders,House,https://immovlan.be/en/detail/residence/for-sale/9990/maldegem/rbw11523,rbw11523,residence,for-sale,9990,maldegem
east-flanders,House,https://immovlan.be/en/detail/residence/for-sale/9070/destelbergen/rbw11522,rbw11522,residence,for-sale,9070,destelbergen
east-flanders,Apartment,https://immovlan.be/en/detail/studio/for-sale/9000/gent/rbw11521,rbw11521,studio,for-sale,9000,gent
east-flanders,Apartment,https://immovlan.be/en/detail/apartment/for-sale/9041/oostakker/rbw11519,rbw11519,apartment,for-sale,9041,oostakker
east-flanders,Apartment,https://immovlan.be/en/detail/apartment/for-sale/9041/oostakker/rbw11518,rbw11518,apartment,for-sale,9041,oostakker
east-flanders,Apartment,https://immovlan.be/en/detail/apartment/for-sale/9041/oostakker/rbw11517,rbw11517,apartment,for-sale,9041,oostakker
east-flanders,Apartment,https://immovlan.be/en/detail/apartment/for-sale/9041/oostakker/rbw11516,rbw11516,apartment,for-sale,9041,oostakker
east-flanders,Apartment,https://immovlan.be/en/detail/apartment/for-sale/9041/oostakker/rbw11515,rbw11515,apartment,for-sale,9041,oostakker
east-flanders,Apartment,https://immovlan.be/en/detail/apartment/for-sale/9041/oostakker/rbw11514,rbw11514,apartment,for-sale,9041,oostakker
east-flanders,Apartment,https://immovlan.be/en/detail/apartment/for-sale/9041/oostakker/rbw11513,rbw11513,apartment,for-sale,9041,oostakker
east-flanders,Apartment,https://immovlan.be/en/detail/apartment/for-sale/9041/oostakker/rbw11512,rbw11512,apartment,for-sale,9041,oostakker
east-flanders,Apartment,https://immovlan.be/en/detail/apartment/for-sale/9041/oostakker/rbw11511,rbw11511,apartment,for-sale,9041,oostakker
east-flanders,Apartment,https://immovlan.be/en/detail/apartment/for-sale/9041/oostakker/rbw11510,rbw11510,apartment,for-sale,9041,oostakker
east-flanders,Apartment,https://immovlan.be/en/detail/apartment/for-sale/9041/oostakker/rbw11509,rbw11509,apartment,for-sale,9041,oostakker
east-flanders,Apartment,https://immovlan.be/en/detail/apartment/for-sale/9041/oostakker/rbw11508,rbw11508,apartment,for-sale,9041,oostakker
east-flanders,Apartment,https://immovlan.be/en/detail/apartment/for-sale/9041/oostakker/rbw11507,rbw11507,apartment,for-sale,9041,oostakker
east-flanders,Apartment,https://immovlan.be/en/detail/apartment/for-sale/9041/oostakker/rbw11505,rbw11505,apartment,for-sale,9041,oostakker
east-flanders,Apartment,https://immovlan.be/en/detail/apartment/for-sale/9041/oostakker/rbw11504,rbw11504,apartment,for-sale,9041,oostakker
east-flanders,House,https://immovlan.be/en/detail/residence/for-sale/9100/sint-niklaas/rbw11492,rbw11492,residence,for-sale,9100,sint-niklaas
east-flanders,Apartment,https://immovlan.be/en/detail/apartment/for-sale/9910/knesselare/rbw11490,rbw11490,apartment,for-sale,9910,knesselare
east-flanders,Apartment,https://immovlan.be/en/detail/apartment/for-sale/9100/sint-niklaas/rbw11485,rbw11485,apartment,for-sale,9100,sint-niklaas
east-flanders,House,https://immovlan.be/en/detail/residence/for-sale/9630/zwalm/rbw11478,rbw11478,residence,for-sale,9630,zwalm
east-flanders,House,https://immovlan.be/en/detail/villa/for-sale/9230/wetteren/rbw11473,rbw11473,villa,for-sale,9230,wetteren
east-flanders,House,https://immovlan.be/en/detail/residence/for-sale/9300/aalst/rbw11001,rbw11001,residence,for-sale,9300,aalst
east-flanders,Apartment,https://immovlan.be/en/detail/apartment/for-sale/9200/dendermonde/rbw10993,rbw10993,apartment,for-sale,9200,dendermonde
east-flanders,Apartment,https://immovlan.be/en/detail/apartment/for-sale/9200/dendermonde/rbw10987,rbw10987,apartment,for-sale,9200,dendermonde
east-flanders,Apartment,https://immovlan.be/en/detail/apartment/for-sale/9500/moerbeke/rbw10974,rbw10974,apartment,for-sale,9500,moerbeke
east-flanders,House,https://immovlan.be/en/detail/residence/for-sale/9300/aalst/rbw10973,rbw10973,residence,for-sale,9300,aalst
east-flanders,House,https://immovlan.be/en/detail/residence/for-sale/9100/sint-niklaas/rbw10954,rbw10954,residence,for-sale,9100,sint-niklaas
east-flanders,House,https://immovlan.be/en/detail/mixed-building/for-sale/9940/evergem/rbw10928,rbw10928,mixed-building,for-sale,9940,evergem
east-flanders,Apartment,https://immovlan.be/en/detail/apartment/for-sale/9800/deinze/rbw10913,rbw10913,apartment,for-sale,9800,deinze
east-flanders,Apartment,https://immovlan.be/en/detail/apartment/for-sale/9800/deinze/rbw10911,rbw10911,apartment,for-sale,9800,deinze
east-flanders,Apartment,https://immovlan.be/en/detail/apartment/for-sale/9800/deinze/rbw10910,rbw10910,apartment,for-sale,9800,deinze
east-flanders,House,https://immovlan.be/en/detail/mixed-building/for-sale/9500/geraardsbergen/rbw10907,rbw10907,mixed-building,for-sale,9500,geraardsbergen
east-flanders,House,https://immovlan.be/en/detail/residence/for-sale/9120/beveren/rbw10893,rbw10893,residence,for-sale,9120,beveren
east-flanders,House,https://immovlan.be/en/detail/residence/for-sale/9520/sint-lievens-houtem/rbw10876,rbw10876,residence,for-sale,9520,sint-lievens-houtem
east-flanders,House,https://immovlan.be/en/detail/residence/for-sale/9880/aalter/rbw10834,rbw10834,residence,for-sale,9880,aalter
east-flanders,House,https://immovlan.be/en/detail/residence/for-sale/9506/idegem/rbw10773,rbw10773,residence,for-sale,9506,idegem
east-flanders,House,https://immovlan.be/en/detail/residence/for-sale/9150/kruibeke/rbw10742,rbw10742,residence,for-sale,9150,kruibeke
east-flanders,House,https://immovlan.be/en/detail/mixed-building/for-sale/9688/schorisse/rbw10725,rbw10725,mixed-building,for-sale,9688,schorisse
east-flanders,House,https://immovlan.be/en/detail/bungalow/for-sale/9840/de-pinte/rbw10700,rbw10700,bungalow,for-sale,9840,de-pinte
east-flanders,House,https://immovlan.be/en/detail/residence/for-sale/9320/erembodegem/rbw10696,rbw10696,residence,for-sale,9320,erembodegem
east-flanders,House,https://immovlan.be/en/detail/residence/for-sale/9240/zele/rbw10688,rbw10688,residence,for-sale,9240,zele
east-flanders,House,https://immovlan.be/en/detail/mixed-building/for-sale/9688/schorisse/rbw10666,rbw10666,mixed-building,for-sale,9688,schorisse
east-flanders,House,https://immovlan.be/en/detail/residence/for-sale/9500/geraardsbergen/rbw10651,rbw10651,residence,for-sale,9500,geraardsbergen
east-flanders,Apartment,https://immovlan.be/en/detail/apartment/for-sale/9300/aalst/rbw10648,rbw10648,apartment,for-sale,9300,aalst
east-flanders,Apartment,https://immovlan.be/en/detail/apartment/for-sale/9220/hamme/rbv83011,rbv83011,apartment,for-sale,9220,hamme
east-flanders,Apartment,https://immovlan.be/en/detail/apartment/for-sale/9700/oudenaarde/rbw10639,rbw10639,apartment,for-sale,9700,oudenaarde
east-flanders,House,https://immovlan.be/en/detail/residence/for-sale/9150/kruibeke/rwc42575,rwc42575,residence,for-sale,9150,kruibeke
east-flanders,Apartment,https://immovlan.be/en/detail/apartment/for-sale/9300/aalst/rbv40997,rbv40997,apartment,for-sale,9300,aalst
east-flanders,Apartment,https://immovlan.be/en/detail/apartment/for-sale/9500/geraardsbergen/rbw04103,rbw04103,apartment,for-sale,9500,geraardsbergen
east-flanders,Apartment,https://immovlan.be/en/detail/apartment/for-sale/9500/geraardsbergen/rbw04102,rbw04102,apartment,for-sale,9500,geraardsbergen
east-flanders,House,https://immovlan.be/en/detail/residence/for-sale/9470/denderleeuw/rbw10307,rbw10307,residence,for-sale,9470,denderleeuw
east-flanders,Apartment,https://immovlan.be/en/detail/apartment/for-sale/9000/gent/rbw10212,rbw10212,apartment,for-sale,9000,gent
east-flanders,House,https://immovlan.be/en/detail/residence/for-sale/9500/geraardsbergen/rbw09980,rbw09980,residence,for-sale,9500,geraardsbergen
east-flanders,House,https://immovlan.be/en/detail/residence/for-sale/9450/haaltert/rbw09979,rbw09979,residence,for-sale,9450,haaltert
east-flanders,House,https://immovlan.be/en/detail/residence/for-sale/9420/erpe-mere/rbw09977,rbw09977,residence,for-sale,9420,erpe-mere
east-flanders,House,https://immovlan.be/en/detail/residence/for-sale/9300/aalst/rbv66868,rbv66868,residence,for-sale,9300,aalst
east-flanders,House,https://immovlan.be/en/detail/master-house/for-sale/9500/geraardsbergen/rbw09975,rbw09975,master-house,for-sale,9500,geraardsbergen
east-flanders,Apartment,https://immovlan.be/en/detail/apartment/for-sale/9300/aalst/rbw09973,rbw09973,apartment,for-sale,9300,aalst
east-flanders,House,https://immovlan.be/en/detail/residence/for-sale/9100/sint-niklaas/rwc42639,rwc42639,residence,for-sale,9100,sint-niklaas
east-flanders,House,https://immovlan.be/en/detail/residence/for-sale/9300/aalst/rbw09957,rbw09957,residence,for-sale,9300,aalst
east-flanders,House,https://immovlan.be/en/detail/residence/for-sale/9310/baardegem/rbw09956,rbw09956,residence,for-sale,9310,baardegem
east-flanders,House,https://immovlan.be/en/detail/residence/for-sale/9070/destelbergen/rbw09954,rbw09954,residence,for-sale,9070,destelbergen
east-flanders,Apartment,https://immovlan.be/en/detail/apartment/for-sale/9300/aalst/rbw09940,rbw09940,apartment,for-sale,9300,aalst
east-flanders,House,https://immovlan.be/en/detail/residence/for-sale/9840/de-pinte/rbw09932,rbw09932,residence,for-sale,9840,de-pinte
east-flanders,House,https://immovlan.be/en/detail/master-house/for-sale/9600/ronse/rbw09930,rbw09930,master-house,for-sale,9600,ronse
east-flanders,House,https://immovlan.be/en/detail/residence/for-sale/9300/aalst/rbw09924,rbw09924,residence,for-sale,9300,aalst
east-flanders,House,https://immovlan.be/en/detail/residence/for-sale/9300/aalst/rbw09922,rbw09922,residence,for-sale,9300,aalst
east-flanders,Apartment,https://immovlan.be/en/detail/apartment/for-sale/9230/wetteren/rbw09920,rbw09920,apartment,for-sale,9230,wetteren
east-flanders,House,https://immovlan.be/en/detail/residence/for-sale/9310/baardegem/rbw09912,rbw09912,residence,for-sale,9310,baardegem
east-flanders,House,https://immovlan.be/en/detail/residence/for-sale/9000/gent/rbw09895,rbw09895,residence,for-sale,9000,gent
east-flanders,Apartment,https://immovlan.be/en/detail/apartment/for-sale/9032/wondelgem/rbw09779,rbw09779,apartment,for-sale,9032,wondelgem
east-flanders,House,https://immovlan.be/en/detail/residence/for-sale/9340/lede/rbw09775,rbw09775,residence,for-sale,9340,lede
east-flanders,House,https://immovlan.be/en/detail/mixed-building/for-sale/9260/schellebelle/rbw09774,rbw09774,mixed-building,for-sale,9260,schellebelle
east-flanders,Apartment,https://immovlan.be/en/detail/apartment/for-sale/9800/deinze/rbw09760,rbw09760,apartment,for-sale,9800,deinze
east-flanders,House,https://immovlan.be/en/detail/residence/for-sale/9840/de-pinte/rbw09751,rbw09751,residence,for-sale,9840,de-pinte
east-flanders,House,https://immovlan.be/en/detail/residence/for-sale/9450/haaltert/rbv95112,rbv95112,residence,for-sale,9450,haaltert
east-flanders,Apartment,https://immovlan.be/en/detail/apartment/for-sale/9190/stekene/rbw09743,rbw09743,apartment,for-sale,9190,stekene
east-flanders,House,https://immovlan.be/en/detail/residence/for-sale/9100/sint-niklaas/rbw09742,rbw09742,residence,for-sale,9100,sint-niklaas
east-flanders,House,https://immovlan.be/en/detail/residence/for-sale/9190/stekene/rbw09741,rbw09741,residence,for-sale,9190,stekene
east-flanders,House,https://immovlan.be/en/detail/residence/for-sale/9180/moerbeke-waas/rbw09740,rbw09740,residence,for-sale,9180,moerbeke-waas
east-flanders,Apartment,https://immovlan.be/en/detail/penthouse/for-sale/9160/lokeren/rbw09738,rbw09738,penthouse,for-sale,9160,lokeren
east-flanders,House,https://immovlan.be/en/detail/residence/for-sale/9340/lede/rbw09705,rbw09705,residence,for-sale,9340,lede
east-flanders,Apartment,https://immovlan.be/en/detail/apartment/for-sale/9040/sint-amandsberg/rwc42695,rwc42695,apartment,for-sale,9040,sint-amandsberg
east-flanders,Apartment,https://immovlan.be/en/detail/apartment/for-sale/9000/gent/rbw09693,rbw09693,apartment,for-sale,9000,gent
east-flanders,House,https://immovlan.be/en/detail/mixed-building/for-sale/9051/sint-denijs-westrem/rbw09692,rbw09692,mixed-building,for-sale,9051,sint-denijs-westrem
east-flanders,House,https://immovlan.be/en/detail/residence/for-sale/9800/deinze/rbw09691,rbw09691,residence,for-sale,9800,deinze
east-flanders,House,https://immovlan.be/en/detail/residence/for-sale/9800/deinze/rbw09690,rbw09690,residence,for-sale,9800,deinze
east-flanders,House,https://immovlan.be/en/detail/residence/for-sale/9800/deinze/rbw09689,rbw09689,residence,for-sale,9800,deinze
east-flanders,House,https://immovlan.be/en/detail/residence/for-sale/9800/deinze/rbw09688,rbw09688,residence,for-sale,9800,deinze
east-flanders,House,https://immovlan.be/en/detail/residence/for-sale/9170/sint-pauwels/rbw09661,rbw09661,residence,for-sale,9170,sint-pauwels
east-flanders,House,https://immovlan.be/en/detail/residence/for-sale/9260/wichelen/rbv33461,rbv33461,residence,for-sale,9260,wichelen
east-flanders,House,https://immovlan.be/en/detail/residence/for-sale/9900/eeklo/rbw09650,rbw09650,residence,for-sale,9900,eeklo
east-flanders,House,https://immovlan.be/en/detail/residence/for-sale/9290/berlare/rbv55712,rbv55712,residence,for-sale,9290,berlare
east-flanders,House,https://immovlan.be/en/detail/residence/for-sale/9240/zele/rbv83962,rbv83962,residence,for-sale,9240,zele
east-flanders,Apartment,https://immovlan.be/en/detail/apartment/for-sale/9300/aalst/rbw09204,rbw09204,apartment,for-sale,9300,aalst
east-flanders,House,https://immovlan.be/en/detail/master-house/for-sale/9450/haaltert/rbw09203,rbw09203,master-house,for-sale,9450,haaltert
east-flanders,House,https://immovlan.be/en/detail/residence/for-sale/9080/lochristi/rbw09164,rbw09164,residence,for-sale,9080,lochristi
east-flanders,House,https://immovlan.be/en/detail/residence/for-sale/9320/erembodegem/rbw09153,rbw09153,residence,for-sale,9320,erembodegem
east-flanders,House,https://immovlan.be/en/detail/residence/for-sale/9940/evergem/rwc42693,rwc42693,residence,for-sale,9940,evergem
east-flanders,House,https://immovlan.be/en/detail/residence/for-sale/9550/herzele/rbw09116,rbw09116,residence,for-sale,9550,herzele
east-flanders,House,https://immovlan.be/en/detail/bungalow/for-sale/9190/kemzeke/rbw09099,rbw09099,bungalow,for-sale,9190,kemzeke
east-flanders,House,https://immovlan.be/en/detail/residence/for-sale/9600/ronse/rbv71819,rbv71819,residence,for-sale,9600,ronse
east-flanders,House,https://immovlan.be/en/detail/residence/for-sale/9032/wondelgem/rbw09075,rbw09075,residence,for-sale,9032,wondelgem
east-flanders,House,https://immovlan.be/en/detail/residence/for-sale/9000/gent/rbw09074,rbw09074,residence,for-sale,9000,gent
east-flanders,House,https://immovlan.be/en/detail/residence/for-sale/9030/mariakerke/rbw09072,rbw09072,residence,for-sale,9030,mariakerke
east-flanders,House,https://immovlan.be/en/detail/residence/for-sale/9000/gent/rbw09054,rbw09054,residence,for-sale,9000,gent
east-flanders,House,https://immovlan.be/en/detail/residence/for-sale/9690/kluisbergen/rbw10107,rbw10107,residence,for-sale,9690,kluisbergen
east-flanders,House,https://immovlan.be/en/detail/mixed-building/for-sale/9600/ronse/rbw09931,rbw09931,mixed-building,for-sale,9600,ronse
east-flanders,House,https://immovlan.be/en/detail/residence/for-sale/9820/merelbeke/rbw09166,rbw09166,residence,for-sale,9820,merelbeke
east-flanders,House,https://immovlan.be/en/detail/residence/for-sale/9550/herzele/rbw04936,rbw04936,residence,for-sale,9550,herzele
east-flanders,Apartment,https://immovlan.be/en/detail/apartment/for-sale/9880/aalter/rbw04717,rbw04717,apartment,for-sale,9880,aalter
east-flanders,Apartment,https://immovlan.be/en/detail/apartment/for-sale/9700/oudenaarde/rbw04703,rbw04703,apartment,for-sale,9700,oudenaarde
east-flanders,Apartment,https://immovlan.be/en/detail/apartment/for-sale/9300/aalst/rbw04149,rbw04149,apartment,for-sale,9300,aalst
east-flanders,House,https://immovlan.be/en/detail/villa/for-sale/9620/zottegem/rbw03856,rbw03856,villa,for-sale,9620,zottegem
east-flanders,Apartment,https://immovlan.be/en/detail/apartment/for-sale/9300/aalst/rbw03855,rbw03855,apartment,for-sale,9300,aalst
east-flanders,House,https://immovlan.be/en/detail/residence/for-sale/9950/waarschoot/rbw03524,rbw03524,residence,for-sale,9950,waarschoot
east-flanders,House,https://immovlan.be/en/detail/residence/for-sale/9600/ronse/rbw02410,rbw02410,residence,for-sale,9600,ronse
east-flanders,House,https://immovlan.be/en/detail/residence/for-sale/9860/oosterzele/rbw02382,rbw02382,residence,for-sale,9860,oosterzele
east-flanders,House,https://immovlan.be/en/detail/villa/for-sale/9690/kluisbergen/rbw02286,rbw02286,villa,for-sale,9690,kluisbergen
east-flanders,Apartment,https://immovlan.be/en/detail/studio/for-sale/9140/temse/rbw02184,rbw02184,studio,for-sale,9140,temse
east-flanders,Apartment,https://immovlan.be/en/detail/apartment/for-sale/9140/temse/rbw02181,rbw02181,apartment,for-sale,9140,temse
east-flanders,House,https://immovlan.be/en/detail/residence/for-sale/9300/aalst/rbw01539,rbw01539,residence,for-sale,9300,aalst
east-flanders,Apartment,https://immovlan.be/en/detail/apartment/for-sale/9300/aalst/rbv97469,rbv97469,apartment,for-sale,9300,aalst
east-flanders,House,https://immovlan.be/en/detail/residence/for-sale/9990/maldegem/rbv96685,rbv96685,residence,for-sale,9990,maldegem
east-flanders,House,https://immovlan.be/en/detail/residence/for-sale/9600/ronse/rbv96422,rbv96422,residence,for-sale,9600,ronse
east-flanders,House,https://immovlan.be/en/detail/residence/for-sale/9042/sint-kruis-winkel/rbv95829,rbv95829,residence,for-sale,9042,sint-kruis-winkel
east-flanders,House,https://immovlan.be/en/detail/residence/for-sale/9790/wortegem-petegem/rbv95174,rbv95174,residence,for-sale,9790,wortegem-petegem
east-flanders,Apartment,https://immovlan.be/en/detail/apartment/for-sale/9880/aalter/rbv95167,rbv95167,apartment,for-sale,9880,aalter
east-flanders,House,https://immovlan.be/en/detail/residence/for-sale/9630/zwalm/rbv93153,rbv93153,residence,for-sale,9630,zwalm
east-flanders,House,https://immovlan.be/en/detail/residence/for-sale/9700/melden/rbv88761,rbv88761,residence,for-sale,9700,melden
east-flanders,House,https://immovlan.be/en/detail/residence/for-sale/9550/herzele/rbv88719,rbv88719,residence,for-sale,9550,herzele
east-flanders,Apartment,https://immovlan.be/en/detail/apartment/for-sale/9320/erembodegem/rbv88710,rbv88710,apartment,for-sale,9320,erembodegem
east-flanders,House,https://immovlan.be/en/detail/residence/for-sale/9970/kaprijke/rbv87454,rbv87454,residence,for-sale,9970,kaprijke
east-flanders,House,https://immovlan.be/en/detail/residence/for-sale/9680/maarkedal/rbv86908,rbv86908,residence,for-sale,9680,maarkedal
east-flanders,House,https://immovlan.be/en/detail/residence/for-sale/9050/gentbrugge/rbv86192,rbv86192,residence,for-sale,9050,gentbrugge
east-flanders,Apartment,https://immovlan.be/en/detail/apartment/for-sale/9120/beveren/rbv84744,rbv84744,apartment,for-sale,9120,beveren
east-flanders,House,https://immovlan.be/en/detail/residence/for-sale/9600/ronse/rbv81345,rbv81345,residence,for-sale,9600,ronse
east-flanders,House,https://immovlan.be/en/detail/residence/for-sale/9690/kluisbergen/rbv83463,rbv83463,residence,for-sale,9690,kluisbergen
east-flanders,House,https://immovlan.be/en/detail/residence/for-sale/9000/gent/rbv82695,rbv82695,residence,for-sale,9000,gent
east-flanders,House,https://immovlan.be/en/detail/master-house/for-sale/9600/ronse/rbv82654,rbv82654,master-house,for-sale,9600,ronse
east-flanders,House,https://immovlan.be/en/detail/master-house/for-sale/9600/ronse/rbv82653,rbv82653,master-house,for-sale,9600,ronse
east-flanders,House,https://immovlan.be/en/detail/residence/for-sale/9700/oudenaarde/rbv81130,rbv81130,residence,for-sale,9700,oudenaarde
east-flanders,House,https://immovlan.be/en/detail/residence/for-sale/9660/brakel/rbv80060,rbv80060,residence,for-sale,9660,brakel
east-flanders,House,https://immovlan.be/en/detail/residence/for-sale/9030/mariakerke/rbv78267,rbv78267,residence,for-sale,9030,mariakerke
east-flanders,House,https://immovlan.be/en/detail/residence/for-sale/9667/horebeke/rbv76332,rbv76332,residence,for-sale,9667,horebeke
east-flanders,Apartment,https://immovlan.be/en/detail/apartment/for-sale/9300/aalst/rbv75739,rbv75739,apartment,for-sale,9300,aalst
east-flanders,House,https://immovlan.be/en/detail/residence/for-sale/9630/zwalm/rbv74586,rbv74586,residence,for-sale,9630,zwalm
east-flanders,House,https://immovlan.be/en/detail/residence/for-sale/9880/aalter/rbv30866,rbv30866,residence,for-sale,9880,aalter
east-flanders,House,https://immovlan.be/en/detail/residence/for-sale/9200/appels/rbk24586,rbk24586,residence,for-sale,9200,appels
east-flanders,Apartment,https://immovlan.be/en/detail/apartment/for-sale/9300/aalst/rbv71500,rbv71500,apartment,for-sale,9300,aalst
east-flanders,House,https://immovlan.be/en/detail/residence/for-sale/9300/aalst/rbu33000,rbu33000,residence,for-sale,9300,aalst
east-flanders,House,https://immovlan.be/en/detail/residence/for-sale/9300/aalst/rbu32999,rbu32999,residence,for-sale,9300,aalst
east-flanders,House,https://immovlan.be/en/detail/residence/for-sale/9140/tielrode/rbv70884,rbv70884,residence,for-sale,9140,tielrode
east-flanders,House,https://immovlan.be/en/detail/residence/for-sale/9860/scheldewindeke/rbv70193,rbv70193,residence,for-sale,9860,scheldewindeke
east-flanders,House,https://immovlan.be/en/detail/residence/for-sale/9840/de-pinte/rbv65248,rbv65248,residence,for-sale,9840,de-pinte
east-flanders,House,https://immovlan.be/en/detail/residence/for-sale/9600/ronse/rbv63353,rbv63353,residence,for-sale,9600,ronse
east-flanders,Apartment,https://immovlan.be/en/detail/apartment/for-sale/9000/gent/rbv61842,rbv61842,apartment,for-sale,9000,gent
east-flanders,Apartment,https://immovlan.be/en/detail/apartment/for-sale/9000/gent/rbv61841,rbv61841,apartment,for-sale,9000,gent
east-flanders,House,https://immovlan.be/en/detail/residence/for-sale/9910/knesselare/rbv61029,rbv61029,residence,for-sale,9910,knesselare
east-flanders,House,https://immovlan.be/en/detail/master-house/for-sale/9600/ronse/rbv60312,rbv60312,master-house,for-sale,9600,ronse
east-flanders,Apartment,https://immovlan.be/en/detail/apartment/for-sale/9300/aalst/rbv59745,rbv59745,apartment,for-sale,9300,aalst
east-flanders,House,https://immovlan.be/en/detail/residence/for-sale/9300/aalst/rbv59627,rbv59627,residence,for-sale,9300,aalst
east-flanders,Apartment,https://immovlan.be/en/detail/apartment/for-sale/9300/aalst/rbv56654,rbv56654,apartment,for-sale,9300,aalst
east-flanders,Apartment,https://immovlan.be/en/detail/apartment/for-sale/9300/aalst/rbv56653,rbv56653,apartment,for-sale,9300,aalst
east-flanders,House,https://immovlan.be/en/detail/residence/for-sale/9000/gent/rbv55296,rbv55296,residence,for-sale,9000,gent
east-flanders,Apartment,https://immovlan.be/en/detail/apartment/for-sale/9340/lede/rbv55119,rbv55119,apartment,for-sale,9340,lede
east-flanders,House,https://immovlan.be/en/detail/residence/for-sale/9910/knesselare/rbv48813,rbv48813,residence,for-sale,9910,knesselare
east-flanders,Apartment,https://immovlan.be/en/detail/apartment/for-sale/9050/gentbrugge/rbv44140,rbv44140,apartment,for-sale,9050,gentbrugge
east-flanders,House,https://immovlan.be/en/detail/residence/for-sale/9090/melle/rbv42491,rbv42491,residence,for-sale,9090,melle
east-flanders,Apartment,https://immovlan.be/en/detail/apartment/for-sale/9040/sint-amandsberg/rbv35935,rbv35935,apartment,for-sale,9040,sint-amandsberg
east-flanders,Apartment,https://immovlan.be/en/detail/apartment/for-sale/9000/gent/rbv35934,rbv35934,apartment,for-sale,9000,gent
east-flanders,Apartment,https://immovlan.be/en/detail/apartment/for-sale/9920/lievegem/rbv33929,rbv33929,apartment,for-sale,9920,lievegem
east-flanders,House,https://immovlan.be/en/detail/residence/for-sale/9921/vinderhoute/rbv33928,rbv33928,residence,for-sale,9921,vinderhoute
east-flanders,House,https://immovlan.be/en/detail/residence/for-sale/9400/appelterre-eichem/rbv31594,rbv31594,residence,for-sale,9400,appelterre-eichem
east-flanders,Apartment,https://immovlan.be/en/detail/apartment/for-sale/9300/aalst/rbv30408,rbv30408,apartment,for-sale,9300,aalst
east-flanders,Apartment,https://immovlan.be/en/detail/apartment/for-sale/9300/aalst/rbv30403,rbv30403,apartment,for-sale,9300,aalst
east-flanders,House,https://immovlan.be/en/detail/residence/for-sale/9300/aalst/rbv30401,rbv30401,residence,for-sale,9300,aalst
east-flanders,House,https://immovlan.be/en/detail/residence/for-sale/9300/aalst/rbv30400,rbv30400,residence,for-sale,9300,aalst
east-flanders,House,https://immovlan.be/en/detail/residence/for-sale/9860/oosterzele/rbv27709,rbv27709,residence,for-sale,9860,oosterzele
east-flanders,Apartment,https://immovlan.be/en/detail/apartment/for-sale/9940/evergem/rbv23335,rbv23335,apartment,for-sale,9940,evergem
east-flanders,Apartment,https://immovlan.be/en/detail/apartment/for-sale/9940/evergem/rbv23334,rbv23334,apartment,for-sale,9940,evergem
east-flanders,House,https://immovlan.be/en/detail/residence/for-sale/9900/eeklo/rbv16243,rbv16243,residence,for-sale,9900,eeklo
east-flanders,House,https://immovlan.be/en/detail/residence/for-sale/9921/vinderhoute/rbv16120,rbv16120,residence,for-sale,9921,vinderhoute
east-flanders,Apartment,https://immovlan.be/en/detail/apartment/for-sale/9120/beveren/rbv11741,rbv11741,apartment,for-sale,9120,beveren
east-flanders,House,https://immovlan.be/en/detail/residence/for-sale/9120/haasdonk/rbv11218,rbv11218,residence,for-sale,9120,haasdonk
east-flanders,House,https://immovlan.be/en/detail/residence/for-sale/9000/gent/rbv07626,rbv07626,residence,for-sale,9000,gent
east-flanders,Apartment,https://immovlan.be/en/detail/apartment/for-sale/9600/ronse/rbv05692,rbv05692,apartment,for-sale,9600,ronse
east-flanders,Apartment,https://immovlan.be/en/detail/apartment/for-sale/9990/maldegem/rbu95197,rbu95197,apartment,for-sale,9990,maldegem
east-flanders,Apartment,https://immovlan.be/en/detail/apartment/for-sale/9920/lievegem/rbu81469,rbu81469,apartment,for-sale,9920,lievegem
east-flanders,House,https://immovlan.be/en/detail/residence/for-sale/9800/deinze/rbu74138,rbu74138,residence,for-sale,9800,deinze
east-flanders,Apartment,https://immovlan.be/en/detail/apartment/for-sale/9880/aalter/rbu73769,rbu73769,apartment,for-sale,9880,aalter
east-flanders,Apartment,https://immovlan.be/en/detail/duplex/for-sale/9880/aalter/rbu73768,rbu73768,duplex,for-sale,9880,aalter
east-flanders,Apartment,https://immovlan.be/en/detail/apartment/for-sale/9940/evergem/rbu66319,rbu66319,apartment,for-sale,9940,evergem
east-flanders,Apartment,https://immovlan.be/en/detail/apartment/for-sale/9940/evergem/rbu66317,rbu66317,apartment,for-sale,9940,evergem
east-flanders,Apartment,https://immovlan.be/en/detail/apartment/for-sale/9940/evergem/rbu66316,rbu66316,apartment,for-sale,9940,evergem
east-flanders,Apartment,https://immovlan.be/en/detail/apartment/for-sale/9940/evergem/rbu66315,rbu66315,apartment,for-sale,9940,evergem
east-flanders,Apartment,https://immovlan.be/en/detail/apartment/for-sale/9940/evergem/rbu66314,rbu66314,apartment,for-sale,9940,evergem
east-flanders,Apartment,https://immovlan.be/en/detail/apartment/for-sale/9940/evergem/rbu66312,rbu66312,apartment,for-sale,9940,evergem
east-flanders,House,https://immovlan.be/en/detail/residence/for-sale/9120/melsele/rbu61354,rbu61354,residence,for-sale,9120,melsele
east-flanders,House,https://immovlan.be/en/detail/residence/for-sale/9700/leupegem/rbu60889,rbu60889,residence,for-sale,9700,leupegem
east-flanders,Apartment,https://immovlan.be/en/detail/apartment/for-sale/9880/aalter/rbu51126,rbu51126,apartment,for-sale,9880,aalter
east-flanders,Apartment,https://immovlan.be/en/detail/apartment/for-sale/9600/ronse/rbu49915,rbu49915,apartment,for-sale,9600,ronse
east-flanders,House,https://immovlan.be/en/detail/residence/for-sale/9300/aalst/rbu42205,rbu42205,residence,for-sale,9300,aalst
east-flanders,Apartment,https://immovlan.be/en/detail/apartment/for-sale/9600/ronse/rbu33539,rbu33539,apartment,for-sale,9600,ronse
east-flanders,Apartment,https://immovlan.be/en/detail/apartment/for-sale/9300/aalst/rbu33051,rbu33051,apartment,for-sale,9300,aalst
east-flanders,Apartment,https://immovlan.be/en/detail/apartment/for-sale/9000/gent/rbu29052,rbu29052,apartment,for-sale,9000,gent
east-flanders,Apartment,https://immovlan.be/en/detail/apartment/for-sale/9000/gent/rbu29051,rbu29051,apartment,for-sale,9000,gent
east-flanders,Apartment,https://immovlan.be/en/detail/apartment/for-sale/9000/gent/rbu29050,rbu29050,apartment,for-sale,9000,gent
east-flanders,Apartment,https://immovlan.be/en/detail/apartment/for-sale/9000/gent/rbu29046,rbu29046,apartment,for-sale,9000,gent
east-flanders,Apartment,https://immovlan.be/en/detail/apartment/for-sale/9000/gent/rbu29043,rbu29043,apartment,for-sale,9000,gent
east-flanders,House,https://immovlan.be/en/detail/residence/for-sale/9000/gent/rbu29040,rbu29040,residence,for-sale,9000,gent
east-flanders,House,https://immovlan.be/en/detail/residence/for-sale/9000/gent/rbu29038,rbu29038,residence,for-sale,9000,gent
east-flanders,House,https://immovlan.be/en/detail/residence/for-sale/9000/gent/rbu29035,rbu29035,residence,for-sale,9000,gent
east-flanders,Apartment,https://immovlan.be/en/detail/apartment/for-sale/9300/aalst/rbu16111,rbu16111,apartment,for-sale,9300,aalst
east-flanders,House,https://immovlan.be/en/detail/residence/for-sale/9190/stekene/rbu11843,rbu11843,residence,for-sale,9190,stekene
east-flanders,House,https://immovlan.be/en/detail/residence/for-sale/9300/aalst/rbt69604,rbt69604,residence,for-sale,9300,aalst
east-flanders,House,https://immovlan.be/en/detail/residence/for-sale/9940/evergem/rbt67761,rbt67761,residence,for-sale,9940,evergem
east-flanders,Apartment,https://immovlan.be/en/detail/apartment/for-sale/9120/beveren/rbs87784,rbs87784,apartment,for-sale,9120,beveren
east-flanders,Apartment,https://immovlan.be/en/detail/apartment/for-sale/9120/beveren/rbs87778,rbs87778,apartment,for-sale,9120,beveren
east-flanders,House,https://immovlan.be/en/detail/residence/for-sale/9300/aalst/rbi58327,rbi58327,residence,for-sale,9300,aalst
east-flanders,House,https://immovlan.be/en/detail/residence/for-sale/9150/kruibeke/rbh58952,rbh58952,residence,for-sale,9150,kruibeke
east-flanders,Apartment,https://immovlan.be/en/detail/ground-floor/for-sale/9450/denderhoutem/rbw09050,rbw09050,ground-floor,for-sale,9450,denderhoutem
east-flanders,House,https://immovlan.be/en/detail/residence/for-sale/9100/sint-niklaas/rbw08920,rbw08920,residence,for-sale,9100,sint-niklaas
east-flanders,House,https://immovlan.be/en/detail/mixed-building/for-sale/9600/ronse/rbw08906,rbw08906,mixed-building,for-sale,9600,ronse
east-flanders,House,https://immovlan.be/en/detail/villa/for-sale/9308/gijzegem/rbw08905,rbw08905,villa,for-sale,9308,gijzegem
east-flanders,Apartment,https://immovlan.be/en/detail/apartment/for-sale/9140/steendorp/rbw08900,rbw08900,apartment,for-sale,9140,steendorp
east-flanders,House,https://immovlan.be/en/detail/residence/for-sale/9290/berlare/rbv79378,rbv79378,residence,for-sale,9290,berlare
east-flanders,Apartment,https://immovlan.be/en/detail/apartment/for-sale/9910/knesselare/rbv65620,rbv65620,apartment,for-sale,9910,knesselare
east-flanders,Apartment,https://immovlan.be/en/detail/apartment/for-sale/9320/erembodegem/rbv83280,rbv83280,apartment,for-sale,9320,erembodegem
east-flanders,House,https://immovlan.be/en/detail/residence/for-sale/9320/nieuwerkerken/rbv71638,rbv71638,residence,for-sale,9320,nieuwerkerken
east-flanders,House,https://immovlan.be/en/detail/residence/for-sale/9320/nieuwerkerken/rbv71637,rbv71637,residence,for-sale,9320,nieuwerkerken
east-flanders,House,https://immovlan.be/en/detail/residence/for-sale/9450/haaltert/rbv71636,rbv71636,residence,for-sale,9450,haaltert
east-flanders,House,https://immovlan.be/en/detail/residence/for-sale/9450/haaltert/rbv71635,rbv71635,residence,for-sale,9450,haaltert
east-flanders,House,https://immovlan.be/en/detail/residence/for-sale/9450/haaltert/rbv71634,rbv71634,residence,for-sale,9450,haaltert
east-flanders,House,https://immovlan.be/en/detail/residence/for-sale/9450/haaltert/rbv71633,rbv71633,residence,for-sale,9450,haaltert
west-flanders,Apartment,https://immovlan.be/en/detail/apartment/for-sale/8670/koksijde/rbw19689,rbw19689,apartment,for-sale,8670,koksijde
west-flanders,House,https://immovlan.be/en/detail/residence/for-sale/8930/rekkem/rwc42786,rwc42786,residence,for-sale,8930,rekkem
west-flanders,House,https://immovlan.be/en/detail/residence/for-sale/8710/wielsbeke/rbw19143,rbw19143,residence,for-sale,8710,wielsbeke
west-flanders,Apartment,https://immovlan.be/en/detail/apartment/for-sale/8790/waregem/rbw18733,rbw18733,apartment,for-sale,8790,waregem
west-flanders,House,https://immovlan.be/en/detail/residence/for-sale/8904/boezinge/rbw18620,rbw18620,residence,for-sale,8904,boezinge
west-flanders,House,https://immovlan.be/en/detail/residence/for-sale/8760/meulebeke/rbw17352,rbw17352,residence,for-sale,8760,meulebeke
west-flanders,House,https://immovlan.be/en/detail/residence/for-sale/8970/poperinge/rbw16869,rbw16869,residence,for-sale,8970,poperinge
west-flanders,House,https://immovlan.be/en/detail/residence/for-sale/8800/roeselare/rbw16867,rbw16867,residence,for-sale,8800,roeselare
west-flanders,House,https://immovlan.be/en/detail/mixed-building/for-sale/8500/kortrijk/rbw15980,rbw15980,mixed-building,for-sale,8500,kortrijk
west-flanders,House,https://immovlan.be/en/detail/residence/for-sale/8930/rekkem/rbw13670,rbw13670,residence,for-sale,8930,rekkem
west-flanders,Apartment,https://immovlan.be/en/detail/apartment/for-sale/8670/koksijde/rbw13604,rbw13604,apartment,for-sale,8670,koksijde
west-flanders,House,https://immovlan.be/en/detail/bungalow/for-sale/8800/roeselare/rbw13280,rbw13280,bungalow,for-sale,8800,roeselare
west-flanders,House,https://immovlan.be/en/detail/residence/for-sale/8760/meulebeke/rbw12578,rbw12578,residence,for-sale,8760,meulebeke
west-flanders,House,https://immovlan.be/en/detail/residence/for-sale/8902/zillebeke/rbw12045,rbw12045,residence,for-sale,8902,zillebeke
west-flanders,House,https://immovlan.be/en/detail/residence/for-sale/8810/lichtervelde/rbw11747,rbw11747,residence,for-sale,8810,lichtervelde
west-flanders,House,https://immovlan.be/en/detail/residence/for-sale/8553/otegem/rbw11735,rbw11735,residence,for-sale,8553,otegem
west-flanders,Apartment,https://immovlan.be/en/detail/apartment/for-sale/8370/blankenberge/rbw11437,rbw11437,apartment,for-sale,8370,blankenberge
west-flanders,House,https://immovlan.be/en/detail/villa/for-sale/8890/moorslede/rbw10214,rbw10214,villa,for-sale,8890,moorslede
west-flanders,House,https://immovlan.be/en/detail/residence/for-sale/8680/koekelare/rbv81111,rbv81111,residence,for-sale,8680,koekelare
west-flanders,House,https://immovlan.be/en/detail/residence/for-sale/8930/menen/rbw08973,rbw08973,residence,for-sale,8930,menen
west-flanders,House,https://immovlan.be/en/detail/residence/for-sale/8800/roeselare/rbv26630,rbv26630,residence,for-sale,8800,roeselare
west-flanders,Apartment,https://immovlan.be/en/detail/apartment/for-sale/8800/roeselare/rbv26629,rbv26629,apartment,for-sale,8800,roeselare
west-flanders,House,https://immovlan.be/en/detail/residence/for-sale/8500/kortrijk/rbw23902,rbw23902,residence,for-sale,8500,kortrijk
west-flanders,House,https://immovlan.be/en/detail/residence/for-sale/8000/brugge/rwc42807,rwc42807,residence,for-sale,8000,brugge
west-flanders,House,https://immovlan.be/en/detail/residence/for-sale/8700/aarsele/rbw23885,rbw23885,residence,for-sale,8700,aarsele
west-flanders,House,https://immovlan.be/en/detail/residence/for-sale/8210/zedelgem/rbw23869,rbw23869,residence,for-sale,8210,zedelgem
west-flanders,Apartment,https://immovlan.be/en/detail/studio/for-sale/8434/westende/rbw23861,rbw23861,studio,for-sale,8434,westende
west-flanders,House,https://immovlan.be/en/detail/residence/for-sale/8900/ieper/rbw23860,rbw23860,residence,for-sale,8900,ieper
west-flanders,House,https://immovlan.be/en/detail/master-house/for-sale/8500/kortrijk/rbw23730,rbw23730,master-house,for-sale,8500,kortrijk
west-flanders,Apartment,https://immovlan.be/en/detail/apartment/for-sale/8500/kortrijk/rbw23717,rbw23717,apartment,for-sale,8500,kortrijk
west-flanders,House,https://immovlan.be/en/detail/residence/for-sale/8570/anzegem/rbw23714,rbw23714,residence,for-sale,8570,anzegem
west-flanders,House,https://immovlan.be/en/detail/cottage/for-sale/8720/dentergem/vbe35353,vbe35353,cottage,for-sale,8720,dentergem
west-flanders,Apartment,https://immovlan.be/en/detail/studio/for-sale/8670/oostduinkerke/rbw23670,rbw23670,studio,for-sale,8670,oostduinkerke
west-flanders,Apartment,https://immovlan.be/en/detail/apartment/for-sale/8670/koksijde/rbw23669,rbw23669,apartment,for-sale,8670,koksijde
west-flanders,House,https://immovlan.be/en/detail/residence/for-sale/8434/westende/rbw23667,rbw23667,residence,for-sale,8434,westende
west-flanders,House,https://immovlan.be/en/detail/residence/for-sale/8000/brugge/rwc42801,rwc42801,residence,for-sale,8000,brugge
west-flanders,Apartment,https://immovlan.be/en/detail/apartment/for-sale/8660/de-panne/rbw23665,rbw23665,apartment,for-sale,8660,de-panne
west-flanders,Apartment,https://immovlan.be/en/detail/penthouse/for-sale/8870/izegem/rbw23660,rbw23660,penthouse,for-sale,8870,izegem
west-flanders,Apartment,https://immovlan.be/en/detail/apartment/for-sale/8800/roeselare/rbw23658,rbw23658,apartment,for-sale,8800,roeselare
west-flanders,House,https://immovlan.be/en/detail/residence/for-sale/8640/vleteren/rbw23656,rbw23656,residence,for-sale,8640,vleteren
west-flanders,Apartment,https://immovlan.be/en/detail/studio/for-sale/8430/middelkerke/rbw23635,rbw23635,studio,for-sale,8430,middelkerke
west-flanders,House,https://immovlan.be/en/detail/villa/for-sale/8570/anzegem/rbw20469,rbw20469,villa,for-sale,8570,anzegem
west-flanders,House,https://immovlan.be/en/detail/residence/for-sale/8820/torhout/rbw20467,rbw20467,residence,for-sale,8820,torhout
west-flanders,House,https://immovlan.be/en/detail/cottage/for-sale/8730/beernem/rbw20440,rbw20440,cottage,for-sale,8730,beernem
west-flanders,House,https://immovlan.be/en/detail/villa/for-sale/8670/koksijde/rbw20439,rbw20439,villa,for-sale,8670,koksijde
west-flanders,Apartment,https://immovlan.be/en/detail/apartment/for-sale/8310/assebroek/rbw20438,rbw20438,apartment,for-sale,8310,assebroek
west-flanders,Apartment,https://immovlan.be/en/detail/apartment/for-sale/8670/sint-idesbald/rbw20436,rbw20436,apartment,for-sale,8670,sint-idesbald
west-flanders,Apartment,https://immovlan.be/en/detail/studio/for-sale/8420/de-haan/rbw20435,rbw20435,studio,for-sale,8420,de-haan
west-flanders,Apartment,https://immovlan.be/en/detail/apartment/for-sale/8420/de-haan/rbw20434,rbw20434,apartment,for-sale,8420,de-haan
west-flanders,House,https://immovlan.be/en/detail/residence/for-sale/8420/de-haan/rbw20433,rbw20433,residence,for-sale,8420,de-haan
west-flanders,Apartment,https://immovlan.be/en/detail/apartment/for-sale/8420/de-haan/rbw20432,rbw20432,apartment,for-sale,8420,de-haan
west-flanders,House,https://immovlan.be/en/detail/residence/for-sale/8420/de-haan/rbw20431,rbw20431,residence,for-sale,8420,de-haan
west-flanders,House,https://immovlan.be/en/detail/residence/for-sale/8530/harelbeke/rbw20374,rbw20374,residence,for-sale,8530,harelbeke
west-flanders,House,https://immovlan.be/en/detail/residence/for-sale/8530/harelbeke/rbw20373,rbw20373,residence,for-sale,8530,harelbeke
west-flanders,Apartment,https://immovlan.be/en/detail/apartment/for-sale/8660/de-panne/rbw20370,rbw20370,apartment,for-sale,8660,de-panne
west-flanders,Apartment,https://immovlan.be/en/detail/apartment/for-sale/8370/blankenberge/rbw20369,rbw20369,apartment,for-sale,8370,blankenberge
west-flanders,Apartment,https://immovlan.be/en/detail/apartment/for-sale/8370/blankenberge/rbw20367,rbw20367,apartment,for-sale,8370,blankenberge
west-flanders,Apartment,https://immovlan.be/en/detail/apartment/for-sale/8670/koksijde/rbw20346,rbw20346,apartment,for-sale,8670,koksijde
west-flanders,Apartment,https://immovlan.be/en/detail/apartment/for-sale/8670/koksijde/rbw20345,rbw20345,apartment,for-sale,8670,koksijde
west-flanders,Apartment,https://immovlan.be/en/detail/duplex/for-sale/8400/oostende/rwc42793,rwc42793,duplex,for-sale,8400,oostende
west-flanders,Apartment,https://immovlan.be/en/detail/apartment/for-sale/8400/oostende/rwc42792,rwc42792,apartment,for-sale,8400,oostende
west-flanders,Apartment,https://immovlan.be/en/detail/apartment/for-sale/8400/oostende/rwc42791,rwc42791,apartment,for-sale,8400,oostende
west-flanders,House,https://immovlan.be/en/detail/residence/for-sale/8400/oostende/rbw20330,rbw20330,residence,for-sale,8400,oostende
west-flanders,Apartment,https://immovlan.be/en/detail/apartment/for-sale/8370/blankenberge/rbw20316,rbw20316,apartment,for-sale,8370,blankenberge
west-flanders,Apartment,https://immovlan.be/en/detail/apartment/for-sale/8370/blankenberge/rbw20315,rbw20315,apartment,for-sale,8370,blankenberge
west-flanders,Apartment,https://immovlan.be/en/detail/apartment/for-sale/8370/blankenberge/rbw20314,rbw20314,apartment,for-sale,8370,blankenberge
west-flanders,Apartment,https://immovlan.be/en/detail/ground-floor/for-sale/8370/blankenberge/rbw20313,rbw20313,ground-floor,for-sale,8370,blankenberge
west-flanders,House,https://immovlan.be/en/detail/residence/for-sale/8670/oostduinkerke/rbw20312,rbw20312,residence,for-sale,8670,oostduinkerke
west-flanders,House,https://immovlan.be/en/detail/villa/for-sale/8660/de-panne/rbw20311,rbw20311,villa,for-sale,8660,de-panne
west-flanders,House,https://immovlan.be/en/detail/villa/for-sale/8660/de-panne/rbw20310,rbw20310,villa,for-sale,8660,de-panne
west-flanders,House,https://immovlan.be/en/detail/residence/for-sale/8610/kortemark/rbw20301,rbw20301,residence,for-sale,8610,kortemark
west-flanders,House,https://immovlan.be/en/detail/residence/for-sale/8740/pittem/rbw20299,rbw20299,residence,for-sale,8740,pittem
west-flanders,Apartment,https://immovlan.be/en/detail/apartment/for-sale/8301/duinbergen/rbw20138,rbw20138,apartment,for-sale,8301,duinbergen
west-flanders,House,https://immovlan.be/en/detail/residence/for-sale/8830/hooglede/rbw20104,rbw20104,residence,for-sale,8830,hooglede
west-flanders,House,https://immovlan.be/en/detail/residence/for-sale/8851/koolskamp/rbw19948,rbw19948,residence,for-sale,8851,koolskamp
west-flanders,Apartment,https://immovlan.be/en/detail/apartment/for-sale/8900/ieper/rbw19909,rbw19909,apartment,for-sale,8900,ieper
west-flanders,Apartment,https://immovlan.be/en/detail/apartment/for-sale/8900/ieper/rbw19908,rbw19908,apartment,for-sale,8900,ieper
west-flanders,Apartment,https://immovlan.be/en/detail/apartment/for-sale/8900/ieper/rbw19907,rbw19907,apartment,for-sale,8900,ieper
west-flanders,Apartment,https://immovlan.be/en/detail/apartment/for-sale/8670/koksijde/rbw19778,rbw19778,apartment,for-sale,8670,koksijde
west-flanders,Apartment,https://immovlan.be/en/detail/apartment/for-sale/8450/bredene/rbw19777,rbw19777,apartment,for-sale,8450,bredene
west-flanders,House,https://immovlan.be/en/detail/residence/for-sale/8710/wielsbeke/rbw19769,rbw19769,residence,for-sale,8710,wielsbeke
west-flanders,House,https://immovlan.be/en/detail/residence/for-sale/8710/wielsbeke/rbw19768,rbw19768,residence,for-sale,8710,wielsbeke
west-flanders,House,https://immovlan.be/en/detail/residence/for-sale/8710/wielsbeke/rbw19767,rbw19767,residence,for-sale,8710,wielsbeke
west-flanders,House,https://immovlan.be/en/detail/residence/for-sale/8830/hooglede/rbw19766,rbw19766,residence,for-sale,8830,hooglede
west-flanders,House,https://immovlan.be/en/detail/residence/for-sale/8552/moen/rbw19748,rbw19748,residence,for-sale,8552,moen
west-flanders,Apartment,https://immovlan.be/en/detail/apartment/for-sale/8670/koksijde/rbw19743,rbw19743,apartment,for-sale,8670,koksijde
west-flanders,Apartment,https://immovlan.be/en/detail/apartment/for-sale/8370/blankenberge/rbw19741,rbw19741,apartment,for-sale,8370,blankenberge
west-flanders,House,https://immovlan.be/en/detail/residence/for-sale/8540/deerlijk/vbe34833,vbe34833,residence,for-sale,8540,deerlijk
west-flanders,Apartment,https://immovlan.be/en/detail/apartment/for-sale/8670/koksijde/rbw19721,rbw19721,apartment,for-sale,8670,koksijde
west-flanders,House,https://immovlan.be/en/detail/mixed-building/for-sale/8520/kuurne/rbw19700,rbw19700,mixed-building,for-sale,8520,kuurne
west-flanders,House,https://immovlan.be/en/detail/residence/for-sale/8540/deerlijk/rbw19696,rbw19696,residence,for-sale,8540,deerlijk
west-flanders,House,https://immovlan.be/en/detail/residence/for-sale/8840/westrozebeke/rbw19695,rbw19695,residence,for-sale,8840,westrozebeke
west-flanders,House,https://immovlan.be/en/detail/master-house/for-sale/8500/kortrijk/rbw19694,rbw19694,master-house,for-sale,8500,kortrijk
west-flanders,Apartment,https://immovlan.be/en/detail/apartment/for-sale/8930/menen/vbe34780,vbe34780,apartment,for-sale,8930,menen
west-flanders,Apartment,https://immovlan.be/en/detail/apartment/for-sale/8930/menen/vbe34779,vbe34779,apartment,for-sale,8930,menen
west-flanders,House,https://immovlan.be/en/detail/residence/for-sale/8554/sint-denijs/rbw19674,rbw19674,residence,for-sale,8554,sint-denijs
west-flanders,House,https://immovlan.be/en/detail/residence/for-sale/8840/staden/rbw19615,rbw19615,residence,for-sale,8840,staden
west-flanders,House,https://immovlan.be/en/detail/residence/for-sale/8800/roeselare/rbw19614,rbw19614,residence,for-sale,8800,roeselare
west-flanders,House,https://immovlan.be/en/detail/residence/for-sale/8870/izegem/rbw19613,rbw19613,residence,for-sale,8870,izegem
west-flanders,House,https://immovlan.be/en/detail/residence/for-sale/8770/ingelmunster/rbw19612,rbw19612,residence,for-sale,8770,ingelmunster
west-flanders,Apartment,https://immovlan.be/en/detail/apartment/for-sale/8620/nieuwpoort/rwc42787,rwc42787,apartment,for-sale,8620,nieuwpoort
west-flanders,House,https://immovlan.be/en/detail/residence/for-sale/8670/oostduinkerke/rbw19498,rbw19498,residence,for-sale,8670,oostduinkerke
west-flanders,Apartment,https://immovlan.be/en/detail/apartment/for-sale/8600/diksmuide/rbw19487,rbw19487,apartment,for-sale,8600,diksmuide
west-flanders,Apartment,https://immovlan.be/en/detail/apartment/for-sale/8470/gistel/rbw19485,rbw19485,apartment,for-sale,8470,gistel
west-flanders,Apartment,https://immovlan.be/en/detail/apartment/for-sale/8791/beveren-leie/rbw19483,rbw19483,apartment,for-sale,8791,beveren-leie
west-flanders,House,https://immovlan.be/en/detail/residence/for-sale/8710/wielsbeke/rbw19481,rbw19481,residence,for-sale,8710,wielsbeke
west-flanders,Apartment,https://immovlan.be/en/detail/apartment/for-sale/8660/de-panne/rbw19478,rbw19478,apartment,for-sale,8660,de-panne
west-flanders,Apartment,https://immovlan.be/en/detail/apartment/for-sale/8670/sint-idesbald/rbw19476,rbw19476,apartment,for-sale,8670,sint-idesbald
west-flanders,Apartment,https://immovlan.be/en/detail/apartment/for-sale/8670/sint-idesbald/rbw19475,rbw19475,apartment,for-sale,8670,sint-idesbald
west-flanders,House,https://immovlan.be/en/detail/residence/for-sale/8310/sint-kruis/rbw19465,rbw19465,residence,for-sale,8310,sint-kruis
west-flanders,Apartment,https://immovlan.be/en/detail/studio/for-sale/8670/koksijde/rbw19464,rbw19464,studio,for-sale,8670,koksijde
west-flanders,Apartment,https://immovlan.be/en/detail/apartment/for-sale/8670/koksijde/rbw19463,rbw19463,apartment,for-sale,8670,koksijde
west-flanders,Apartment,https://immovlan.be/en/detail/apartment/for-sale/8670/sint-idesbald/rbw19462,rbw19462,apartment,for-sale,8670,sint-idesbald
west-flanders,Apartment,https://immovlan.be/en/detail/apartment/for-sale/8420/de-haan/rbw19461,rbw19461,apartment,for-sale,8420,de-haan
west-flanders,Apartment,https://immovlan.be/en/detail/apartment/for-sale/8670/sint-idesbald/rbw19460,rbw19460,apartment,for-sale,8670,sint-idesbald
west-flanders,Apartment,https://immovlan.be/en/detail/apartment/for-sale/8300/knokke/rbw19282,rbw19282,apartment,for-sale,8300,knokke
west-flanders,Apartment,https://immovlan.be/en/detail/duplex/for-sale/8301/duinbergen/rbw19281,rbw19281,duplex,for-sale,8301,duinbergen
west-flanders,House,https://immovlan.be/en/detail/residence/for-sale/8660/de-panne/rbw19242,rbw19242,residence,for-sale,8660,de-panne
west-flanders,Apartment,https://immovlan.be/en/detail/apartment/for-sale/8620/nieuwpoort/rbw19221,rbw19221,apartment,for-sale,8620,nieuwpoort
west-flanders,Apartment,https://immovlan.be/en/detail/apartment/for-sale/8660/de-panne/rbw19220,rbw19220,apartment,for-sale,8660,de-panne
west-flanders,Apartment,https://immovlan.be/en/detail/apartment/for-sale/8370/blankenberge/rbw19218,rbw19218,apartment,for-sale,8370,blankenberge
west-flanders,House,https://immovlan.be/en/detail/residence/for-sale/8570/anzegem/rbw19206,rbw19206,residence,for-sale,8570,anzegem
west-flanders,House,https://immovlan.be/en/detail/mixed-building/for-sale/8570/anzegem/rbw19205,rbw19205,mixed-building,for-sale,8570,anzegem
west-flanders,Apartment,https://immovlan.be/en/detail/apartment/for-sale/8620/nieuwpoort/rwc42783,rwc42783,apartment,for-sale,8620,nieuwpoort
west-flanders,House,https://immovlan.be/en/detail/residence/for-sale/8000/brugge/rbw19172,rbw19172,residence,for-sale,8000,brugge
west-flanders,House,https://immovlan.be/en/detail/residence/for-sale/8710/wielsbeke/rbw19170,rbw19170,residence,for-sale,8710,wielsbeke
west-flanders,Apartment,https://immovlan.be/en/detail/apartment/for-sale/8620/nieuwpoort/rwc42782,rwc42782,apartment,for-sale,8620,nieuwpoort
west-flanders,House,https://immovlan.be/en/detail/residence/for-sale/8890/moorslede/rbw19145,rbw19145,residence,for-sale,8890,moorslede
west-flanders,Apartment,https://immovlan.be/en/detail/apartment/for-sale/8900/ieper/rbw19144,rbw19144,apartment,for-sale,8900,ieper
west-flanders,Apartment,https://immovlan.be/en/detail/ground-floor/for-sale/8620/nieuwpoort/rwc42780,rwc42780,ground-floor,for-sale,8620,nieuwpoort
west-flanders,House,https://immovlan.be/en/detail/residence/for-sale/8501/heule/rbw19100,rbw19100,residence,for-sale,8501,heule
west-flanders,House,https://immovlan.be/en/detail/residence/for-sale/8580/avelgem/rbw19086,rbw19086,residence,for-sale,8580,avelgem
west-flanders,House,https://immovlan.be/en/detail/residence/for-sale/8930/rekkem/vbe34085,vbe34085,residence,for-sale,8930,rekkem
west-flanders,House,https://immovlan.be/en/detail/residence/for-sale/8670/oostduinkerke/rbw19072,rbw19072,residence,for-sale,8670,oostduinkerke
west-flanders,House,https://immovlan.be/en/detail/residence/for-sale/8370/blankenberge/rbw19071,rbw19071,residence,for-sale,8370,blankenberge
west-flanders,Apartment,https://immovlan.be/en/detail/penthouse/for-sale/8370/blankenberge/rbw19069,rbw19069,penthouse,for-sale,8370,blankenberge
west-flanders,House,https://immovlan.be/en/detail/residence/for-sale/8620/nieuwpoort/rbw19068,rbw19068,residence,for-sale,8620,nieuwpoort
west-flanders,Apartment,https://immovlan.be/en/detail/apartment/for-sale/8670/koksijde/rbw19067,rbw19067,apartment,for-sale,8670,koksijde
west-flanders,Apartment,https://immovlan.be/en/detail/apartment/for-sale/8400/oostende/rbw19052,rbw19052,apartment,for-sale,8400,oostende
west-flanders,House,https://immovlan.be/en/detail/residence/for-sale/8870/izegem/rbw19041,rbw19041,residence,for-sale,8870,izegem
west-flanders,Apartment,https://immovlan.be/en/detail/apartment/for-sale/8670/koksijde/rbw19039,rbw19039,apartment,for-sale,8670,koksijde
west-flanders,Apartment,https://immovlan.be/en/detail/penthouse/for-sale/8670/koksijde/rbw19038,rbw19038,penthouse,for-sale,8670,koksijde
west-flanders,Apartment,https://immovlan.be/en/detail/apartment/for-sale/8400/oostende/rbw19037,rbw19037,apartment,for-sale,8400,oostende
west-flanders,Apartment,https://immovlan.be/en/detail/apartment/for-sale/8200/sint-andries/rbw19006,rbw19006,apartment,for-sale,8200,sint-andries
west-flanders,House,https://immovlan.be/en/detail/residence/for-sale/8000/brugge/rbw19005,rbw19005,residence,for-sale,8000,brugge
west-flanders,Apartment,https://immovlan.be/en/detail/apartment/for-sale/8301/duinbergen/rbw19003,rbw19003,apartment,for-sale,8301,duinbergen
west-flanders,House,https://immovlan.be/en/detail/residence/for-sale/8980/beselare/rbw18997,rbw18997,residence,for-sale,8980,beselare
west-flanders,House,https://immovlan.be/en/detail/residence/for-sale/8210/zedelgem/rbw18876,rbw18876,residence,for-sale,8210,zedelgem
west-flanders,Apartment,https://immovlan.be/en/detail/duplex/for-sale/8400/oostende/rbw18795,rbw18795,duplex,for-sale,8400,oostende
west-flanders,Apartment,https://immovlan.be/en/detail/apartment/for-sale/8300/knokke/rbw18770,rbw18770,apartment,for-sale,8300,knokke
west-flanders,House,https://immovlan.be/en/detail/residence/for-sale/8970/poperinge/rbw18768,rbw18768,residence,for-sale,8970,poperinge
west-flanders,House,https://immovlan.be/en/detail/residence/for-sale/8800/roeselare/rbw18735,rbw18735,residence,for-sale,8800,roeselare
west-flanders,Apartment,https://immovlan.be/en/detail/penthouse/for-sale/8434/westende/vwd17781,vwd17781,penthouse,for-sale,8434,westende
west-flanders,House,https://immovlan.be/en/detail/villa/for-sale/8210/loppem/rwc42765,rwc42765,villa,for-sale,8210,loppem
west-flanders,Apartment,https://immovlan.be/en/detail/apartment/for-sale/8790/waregem/rbw18363,rbw18363,apartment,for-sale,8790,waregem
west-flanders,Apartment,https://immovlan.be/en/detail/apartment/for-sale/8370/blankenberge/rbw18362,rbw18362,apartment,for-sale,8370,blankenberge
west-flanders,Apartment,https://immovlan.be/en/detail/studio/for-sale/8370/blankenberge/rbw18359,rbw18359,studio,for-sale,8370,blankenberge
west-flanders,Apartment,https://immovlan.be/en/detail/apartment/for-sale/8370/blankenberge/rbw18356,rbw18356,apartment,for-sale,8370,blankenberge
west-flanders,Apartment,https://immovlan.be/en/detail/apartment/for-sale/8370/blankenberge/rbw18353,rbw18353,apartment,for-sale,8370,blankenberge
west-flanders,Apartment,https://immovlan.be/en/detail/studio/for-sale/8370/blankenberge/rbw18352,rbw18352,studio,for-sale,8370,blankenberge
west-flanders,House,https://immovlan.be/en/detail/master-house/for-sale/8370/blankenberge/rbw18351,rbw18351,master-house,for-sale,8370,blankenberge
west-flanders,Apartment,https://immovlan.be/en/detail/apartment/for-sale/8370/blankenberge/rbw18349,rbw18349,apartment,for-sale,8370,blankenberge
west-flanders,House,https://immovlan.be/en/detail/residence/for-sale/8790/waregem/rbw18338,rbw18338,residence,for-sale,8790,waregem
west-flanders,Apartment,https://immovlan.be/en/detail/apartment/for-sale/8660/de-panne/rbw18337,rbw18337,apartment,for-sale,8660,de-panne
west-flanders,House,https://immovlan.be/en/detail/residence/for-sale/8730/beernem/rbw18332,rbw18332,residence,for-sale,8730,beernem
west-flanders,House,https://immovlan.be/en/detail/residence/for-sale/8760/meulebeke/rbw18312,rbw18312,residence,for-sale,8760,meulebeke
west-flanders,House,https://immovlan.be/en/detail/residence/for-sale/8310/sint-kruis/rbw18298,rbw18298,residence,for-sale,8310,sint-kruis
west-flanders,House,https://immovlan.be/en/detail/mixed-building/for-sale/8570/anzegem/rbw18296,rbw18296,mixed-building,for-sale,8570,anzegem
west-flanders,House,https://immovlan.be/en/detail/residence/for-sale/8000/brugge/rbw18292,rbw18292,residence,for-sale,8000,brugge
west-flanders,House,https://immovlan.be/en/detail/residence/for-sale/8930/menen/rbw18289,rbw18289,residence,for-sale,8930,menen
west-flanders,Apartment,https://immovlan.be/en/detail/apartment/for-sale/8800/roeselare/rbw18073,rbw18073,apartment,for-sale,8800,roeselare
west-flanders,House,https://immovlan.be/en/detail/cottage/for-sale/8790/waregem/vbe33492,vbe33492,cottage,for-sale,8790,waregem
west-flanders,House,https://immovlan.be/en/detail/residence/for-sale/8510/marke/rbw18044,rbw18044,residence,for-sale,8510,marke
west-flanders,House,https://immovlan.be/en/detail/villa/for-sale/8760/meulebeke/rbw18017,rbw18017,villa,for-sale,8760,meulebeke
west-flanders,House,https://immovlan.be/en/detail/residence/for-sale/8400/oostende/rbw18016,rbw18016,residence,for-sale,8400,oostende
west-flanders,House,https://immovlan.be/en/detail/residence/for-sale/8800/roeselare/rbw18005,rbw18005,residence,for-sale,8800,roeselare
west-flanders,Apartment,https://immovlan.be/en/detail/apartment/for-sale/8770/ingelmunster/rbw18004,rbw18004,apartment,for-sale,8770,ingelmunster
west-flanders,House,https://immovlan.be/en/detail/residence/for-sale/8690/alveringem/rwc42754,rwc42754,residence,for-sale,8690,alveringem
west-flanders,House,https://immovlan.be/en/detail/villa/for-sale/8670/koksijde/rbw17971,rbw17971,villa,for-sale,8670,koksijde
west-flanders,House,https://immovlan.be/en/detail/residence/for-sale/8800/roeselare/rbw17934,rbw17934,residence,for-sale,8800,roeselare
west-flanders,House,https://immovlan.be/en/detail/residence/for-sale/8670/sint-idesbald/rbw17872,rbw17872,residence,for-sale,8670,sint-idesbald
west-flanders,House,https://immovlan.be/en/detail/villa/for-sale/8800/roeselare/rbw17860,rbw17860,villa,for-sale,8800,roeselare
west-flanders,House,https://immovlan.be/en/detail/residence/for-sale/8380/zeebrugge/rbw17849,rbw17849,residence,for-sale,8380,zeebrugge
west-flanders,House,https://immovlan.be/en/detail/residence/for-sale/8000/brugge/rbw17847,rbw17847,residence,for-sale,8000,brugge
west-flanders,Apartment,https://immovlan.be/en/detail/apartment/for-sale/8670/koksijde/rbw17838,rbw17838,apartment,for-sale,8670,koksijde
west-flanders,House,https://immovlan.be/en/detail/bungalow/for-sale/8480/eernegem/rbw17548,rbw17548,bungalow,for-sale,8480,eernegem
west-flanders,House,https://immovlan.be/en/detail/residence/for-sale/8500/kortrijk/rbw17494,rbw17494,residence,for-sale,8500,kortrijk
west-flanders,House,https://immovlan.be/en/detail/residence/for-sale/8301/duinbergen/rbw17488,rbw17488,residence,for-sale,8301,duinbergen
west-flanders,Apartment,https://immovlan.be/en/detail/apartment/for-sale/8400/oostende/rbw17471,rbw17471,apartment,for-sale,8400,oostende
west-flanders,Apartment,https://immovlan.be/en/detail/apartment/for-sale/8200/sint-michiels/rbw17387,rbw17387,apartment,for-sale,8200,sint-michiels
west-flanders,House,https://immovlan.be/en/detail/residence/for-sale/8210/zedelgem/rbw17385,rbw17385,residence,for-sale,8210,zedelgem
west-flanders,House,https://immovlan.be/en/detail/residence/for-sale/8970/poperinge/rbw17384,rbw17384,residence,for-sale,8970,poperinge
west-flanders,House,https://immovlan.be/en/detail/residence/for-sale/8902/zillebeke/rbw17383,rbw17383,residence,for-sale,8902,zillebeke
west-flanders,House,https://immovlan.be/en/detail/villa/for-sale/8587/spiere-helkijn/rbw17363,rbw17363,villa,for-sale,8587,spiere-helkijn
west-flanders,House,https://immovlan.be/en/detail/residence/for-sale/8792/desselgem/rbw17360,rbw17360,residence,for-sale,8792,desselgem
west-flanders,House,https://immovlan.be/en/detail/mixed-building/for-sale/8793/sint-eloois-vijve/rbw17358,rbw17358,mixed-building,for-sale,8793,sint-eloois-vijve
west-flanders,Apartment,https://immovlan.be/en/detail/apartment/for-sale/8670/koksijde/rbw17353,rbw17353,apartment,for-sale,8670,koksijde
west-flanders,House,https://immovlan.be/en/detail/residence/for-sale/8720/markegem/rbw17348,rbw17348,residence,for-sale,8720,markegem
west-flanders,Apartment,https://immovlan.be/en/detail/apartment/for-sale/8670/koksijde/rbw17347,rbw17347,apartment,for-sale,8670,koksijde
west-flanders,Apartment,https://immovlan.be/en/detail/apartment/for-sale/8430/middelkerke/rbw17345,rbw17345,apartment,for-sale,8430,middelkerke
west-flanders,Apartment,https://immovlan.be/en/detail/apartment/for-sale/8670/koksijde/rbw17344,rbw17344,apartment,for-sale,8670,koksijde
west-flanders,Apartment,https://immovlan.be/en/detail/apartment/for-sale/8670/koksijde/rbw17343,rbw17343,apartment,for-sale,8670,koksijde
west-flanders,House,https://immovlan.be/en/detail/residence/for-sale/8670/koksijde/rbw17342,rbw17342,residence,for-sale,8670,koksijde
west-flanders,Apartment,https://immovlan.be/en/detail/apartment/for-sale/8670/koksijde/rbw17341,rbw17341,apartment,for-sale,8670,koksijde
west-flanders,Apartment,https://immovlan.be/en/detail/apartment/for-sale/8370/blankenberge/rbw17340,rbw17340,apartment,for-sale,8370,blankenberge
west-flanders,House,https://immovlan.be/en/detail/residence/for-sale/8430/middelkerke/rbw17339,rbw17339,residence,for-sale,8430,middelkerke
west-flanders,House,https://immovlan.be/en/detail/residence/for-sale/8000/brugge/rwc42752,rwc42752,residence,for-sale,8000,brugge
west-flanders,Apartment,https://immovlan.be/en/detail/apartment/for-sale/8420/wenduine/rwc42751,rwc42751,apartment,for-sale,8420,wenduine
west-flanders,House,https://immovlan.be/en/detail/residence/for-sale/8760/meulebeke/rbw17276,rbw17276,residence,for-sale,8760,meulebeke
west-flanders,Apartment,https://immovlan.be/en/detail/apartment/for-sale/8420/de-haan/rbw17274,rbw17274,apartment,for-sale,8420,de-haan
west-flanders,Apartment,https://immovlan.be/en/detail/apartment/for-sale/8420/de-haan/rbw17273,rbw17273,apartment,for-sale,8420,de-haan
west-flanders,Apartment,https://immovlan.be/en/detail/loft/for-sale/8580/avelgem/rbw17269,rbw17269,loft,for-sale,8580,avelgem
west-flanders,House,https://immovlan.be/en/detail/residence/for-sale/8210/veldegem/rbw17260,rbw17260,residence,for-sale,8210,veldegem
west-flanders,House,https://immovlan.be/en/detail/residence/for-sale/8770/ingelmunster/rbw17241,rbw17241,residence,for-sale,8770,ingelmunster
west-flanders,House,https://immovlan.be/en/detail/residence/for-sale/8710/wielsbeke/rbw17239,rbw17239,residence,for-sale,8710,wielsbeke
west-flanders,House,https://immovlan.be/en/detail/residence/for-sale/8890/dadizele/rbw17232,rbw17232,residence,for-sale,8890,dadizele
west-flanders,House,https://immovlan.be/en/detail/residence/for-sale/8310/assebroek/rwc42742,rwc42742,residence,for-sale,8310,assebroek
west-flanders,House,https://immovlan.be/en/detail/residence/for-sale/8587/spiere/vbe32901,vbe32901,residence,for-sale,8587,spiere
west-flanders,Apartment,https://immovlan.be/en/detail/penthouse/for-sale/8370/blankenberge/vbe32879,vbe32879,penthouse,for-sale,8370,blankenberge
west-flanders,House,https://immovlan.be/en/detail/residence/for-sale/8450/bredene/rbw17023,rbw17023,residence,for-sale,8450,bredene
west-flanders,Apartment,https://immovlan.be/en/detail/apartment/for-sale/8670/koksijde/rbw17021,rbw17021,apartment,for-sale,8670,koksijde
west-flanders,Apartment,https://immovlan.be/en/detail/apartment/for-sale/8500/kortrijk/rbw17008,rbw17008,apartment,for-sale,8500,kortrijk
west-flanders,Apartment,https://immovlan.be/en/detail/penthouse/for-sale/8790/waregem/rbw17006,rbw17006,penthouse,for-sale,8790,waregem
west-flanders,House,https://immovlan.be/en/detail/residence/for-sale/8790/waregem/rbw17005,rbw17005,residence,for-sale,8790,waregem
west-flanders,House,https://immovlan.be/en/detail/residence/for-sale/8020/oostkamp/rwc42741,rwc42741,residence,for-sale,8020,oostkamp
west-flanders,House,https://immovlan.be/en/detail/residence/for-sale/8587/helkijn/rbw16933,rbw16933,residence,for-sale,8587,helkijn
west-flanders,House,https://immovlan.be/en/detail/residence/for-sale/8587/helkijn/rbw16932,rbw16932,residence,for-sale,8587,helkijn
west-flanders,House,https://immovlan.be/en/detail/cottage/for-sale/8800/roeselare/rbw16931,rbw16931,cottage,for-sale,8800,roeselare
west-flanders,House,https://immovlan.be/en/detail/residence/for-sale/8530/harelbeke/rbw16930,rbw16930,residence,for-sale,8530,harelbeke
west-flanders,Apartment,https://immovlan.be/en/detail/apartment/for-sale/8500/kortrijk/rbw16928,rbw16928,apartment,for-sale,8500,kortrijk
west-flanders,Apartment,https://immovlan.be/en/detail/duplex/for-sale/8551/heestert/rbw16927,rbw16927,duplex,for-sale,8551,heestert
west-flanders,House,https://immovlan.be/en/detail/residence/for-sale/8570/anzegem/rbw16926,rbw16926,residence,for-sale,8570,anzegem
west-flanders,House,https://immovlan.be/en/detail/mixed-building/for-sale/8830/hooglede/rbw16925,rbw16925,mixed-building,for-sale,8830,hooglede
west-flanders,House,https://immovlan.be/en/detail/mixed-building/for-sale/8760/meulebeke/rbw16924,rbw16924,mixed-building,for-sale,8760,meulebeke
west-flanders,House,https://immovlan.be/en/detail/residence/for-sale/8480/eernegem/rbw16918,rbw16918,residence,for-sale,8480,eernegem
west-flanders,House,https://immovlan.be/en/detail/residence/for-sale/8740/pittem/rbw16902,rbw16902,residence,for-sale,8740,pittem
west-flanders,House,https://immovlan.be/en/detail/villa/for-sale/8720/dentergem/rbw16894,rbw16894,villa,for-sale,8720,dentergem
west-flanders,Apartment,https://immovlan.be/en/detail/apartment/for-sale/8670/koksijde/rbw16866,rbw16866,apartment,for-sale,8670,koksijde
west-flanders,Apartment,https://immovlan.be/en/detail/apartment/for-sale/8670/koksijde/rbw16865,rbw16865,apartment,for-sale,8670,koksijde
west-flanders,Apartment,https://immovlan.be/en/detail/apartment/for-sale/8400/oostende/rbw16767,rbw16767,apartment,for-sale,8400,oostende
west-flanders,Apartment,https://immovlan.be/en/detail/apartment/for-sale/8200/sint-michiels/rbw16759,rbw16759,apartment,for-sale,8200,sint-michiels
west-flanders,Apartment,https://immovlan.be/en/detail/apartment/for-sale/8800/roeselare/rbw16757,rbw16757,apartment,for-sale,8800,roeselare
west-flanders,Apartment,https://immovlan.be/en/detail/apartment/for-sale/8300/knokke/rbw16690,rbw16690,apartment,for-sale,8300,knokke
west-flanders,House,https://immovlan.be/en/detail/residence/for-sale/8880/sint-eloois-winkel/rbw16688,rbw16688,residence,for-sale,8880,sint-eloois-winkel
west-flanders,Apartment,https://immovlan.be/en/detail/apartment/for-sale/8800/roeselare/rbw16687,rbw16687,apartment,for-sale,8800,roeselare
west-flanders,Apartment,https://immovlan.be/en/detail/apartment/for-sale/8800/roeselare/rbw16646,rbw16646,apartment,for-sale,8800,roeselare
west-flanders,Apartment,https://immovlan.be/en/detail/apartment/for-sale/8370/blankenberge/rbw16642,rbw16642,apartment,for-sale,8370,blankenberge
west-flanders,Apartment,https://immovlan.be/en/detail/apartment/for-sale/8430/middelkerke/rbw16360,rbw16360,apartment,for-sale,8430,middelkerke
west-flanders,House,https://immovlan.be/en/detail/villa/for-sale/8670/koksijde/rbw16305,rbw16305,villa,for-sale,8670,koksijde
west-flanders,Apartment,https://immovlan.be/en/detail/apartment/for-sale/8670/koksijde/rbw16304,rbw16304,apartment,for-sale,8670,koksijde
west-flanders,Apartment,https://immovlan.be/en/detail/apartment/for-sale/8420/de-haan/rbw16303,rbw16303,apartment,for-sale,8420,de-haan
west-flanders,Apartment,https://immovlan.be/en/detail/studio/for-sale/8670/koksijde/rbw16302,rbw16302,studio,for-sale,8670,koksijde
west-flanders,House,https://immovlan.be/en/detail/residence/for-sale/8340/sijsele/rbw16298,rbw16298,residence,for-sale,8340,sijsele
west-flanders,Apartment,https://immovlan.be/en/detail/apartment/for-sale/8000/brugge/rbw16296,rbw16296,apartment,for-sale,8000,brugge
west-flanders,Apartment,https://immovlan.be/en/detail/apartment/for-sale/8000/brugge/rbw16295,rbw16295,apartment,for-sale,8000,brugge
west-flanders,Apartment,https://immovlan.be/en/detail/apartment/for-sale/8660/de-panne/rbw16269,rbw16269,apartment,for-sale,8660,de-panne
west-flanders,Apartment,https://immovlan.be/en/detail/apartment/for-sale/8670/oostduinkerke/rbw16267,rbw16267,apartment,for-sale,8670,oostduinkerke
west-flanders,House,https://immovlan.be/en/detail/residence/for-sale/8700/tielt/rbw16259,rbw16259,residence,for-sale,8700,tielt
west-flanders,House,https://immovlan.be/en/detail/residence/for-sale/8560/moorsele/rbw16251,rbw16251,residence,for-sale,8560,moorsele
west-flanders,House,https://immovlan.be/en/detail/residence/for-sale/8000/brugge/rwc42736,rwc42736,residence,for-sale,8000,brugge
west-flanders,House,https://immovlan.be/en/detail/bungalow/for-sale/8460/oudenburg/rbw16213,rbw16213,bungalow,for-sale,8460,oudenburg
west-flanders,Apartment,https://immovlan.be/en/detail/apartment/for-sale/8370/blankenberge/rbw15995,rbw15995,apartment,for-sale,8370,blankenberge
west-flanders,House,https://immovlan.be/en/detail/residence/for-sale/8870/izegem/rbw15993,rbw15993,residence,for-sale,8870,izegem
west-flanders,House,https://immovlan.be/en/detail/residence/for-sale/8510/marke/rbw15975,rbw15975,residence,for-sale,8510,marke
west-flanders,House,https://immovlan.be/en/detail/villa/for-sale/8580/avelgem/rbw15974,rbw15974,villa,for-sale,8580,avelgem
west-flanders,House,https://immovlan.be/en/detail/residence/for-sale/8760/meulebeke/rbw15965,rbw15965,residence,for-sale,8760,meulebeke
west-flanders,House,https://immovlan.be/en/detail/residence/for-sale/8310/assebroek/rbw15919,rbw15919,residence,for-sale,8310,assebroek
west-flanders,House,https://immovlan.be/en/detail/residence/for-sale/8310/assebroek/rbw13665,rbw13665,residence,for-sale,8310,assebroek
west-flanders,Apartment,https://immovlan.be/en/detail/duplex/for-sale/8000/brugge/rbw13662,rbw13662,duplex,for-sale,8000,brugge
west-flanders,House,https://immovlan.be/en/detail/mixed-building/for-sale/8400/oostende/rbw13661,rbw13661,mixed-building,for-sale,8400,oostende
west-flanders,House,https://immovlan.be/en/detail/villa/for-sale/8200/sint-michiels/rbw13658,rbw13658,villa,for-sale,8200,sint-michiels
west-flanders,House,https://immovlan.be/en/detail/villa/for-sale/8020/oostkamp/rbw13657,rbw13657,villa,for-sale,8020,oostkamp
west-flanders,House,https://immovlan.be/en/detail/master-house/for-sale/8000/brugge/vbe31988,vbe31988,master-house,for-sale,8000,brugge
west-flanders,Apartment,https://immovlan.be/en/detail/penthouse/for-sale/8670/koksijde/rbw13601,rbw13601,penthouse,for-sale,8670,koksijde
west-flanders,Apartment,https://immovlan.be/en/detail/apartment/for-sale/8670/oostduinkerke/rbw13600,rbw13600,apartment,for-sale,8670,oostduinkerke
west-flanders,Apartment,https://immovlan.be/en/detail/apartment/for-sale/8450/bredene/rbw13594,rbw13594,apartment,for-sale,8450,bredene
west-flanders,Apartment,https://immovlan.be/en/detail/apartment/for-sale/8400/oostende/rbw13591,rbw13591,apartment,for-sale,8400,oostende
west-flanders,Apartment,https://immovlan.be/en/detail/apartment/for-sale/8400/oostende/rbw13585,rbw13585,apartment,for-sale,8400,oostende
west-flanders,Apartment,https://immovlan.be/en/detail/apartment/for-sale/8400/oostende/rbw13583,rbw13583,apartment,for-sale,8400,oostende
west-flanders,Apartment,https://immovlan.be/en/detail/apartment/for-sale/8301/duinbergen/rbw13574,rbw13574,apartment,for-sale,8301,duinbergen
west-flanders,Apartment,https://immovlan.be/en/detail/apartment/for-sale/8420/de-haan/rbw13389,rbw13389,apartment,for-sale,8420,de-haan
west-flanders,House,https://immovlan.be/en/detail/residence/for-sale/8340/sijsele/rbw13388,rbw13388,residence,for-sale,8340,sijsele
west-flanders,Apartment,https://immovlan.be/en/detail/apartment/for-sale/8620/nieuwpoort/rbw13375,rbw13375,apartment,for-sale,8620,nieuwpoort
west-flanders,Apartment,https://immovlan.be/en/detail/apartment/for-sale/8000/brugge/rbw13370,rbw13370,apartment,for-sale,8000,brugge
west-flanders,House,https://immovlan.be/en/detail/residence/for-sale/8501/heule/rbw13369,rbw13369,residence,for-sale,8501,heule
west-flanders,House,https://immovlan.be/en/detail/villa/for-sale/8570/anzegem/rbw13344,rbw13344,villa,for-sale,8570,anzegem
west-flanders,Apartment,https://immovlan.be/en/detail/apartment/for-sale/8400/oostende/rbw13343,rbw13343,apartment,for-sale,8400,oostende
west-flanders,Apartment,https://immovlan.be/en/detail/penthouse/for-sale/8400/oostende/rbw13342,rbw13342,penthouse,for-sale,8400,oostende
west-flanders,Apartment,https://immovlan.be/en/detail/apartment/for-sale/8400/oostende/rbw13341,rbw13341,apartment,for-sale,8400,oostende
west-flanders,Apartment,https://immovlan.be/en/detail/apartment/for-sale/8400/oostende/rbw13340,rbw13340,apartment,for-sale,8400,oostende
west-flanders,House,https://immovlan.be/en/detail/residence/for-sale/8400/oostende/rbw13339,rbw13339,residence,for-sale,8400,oostende
west-flanders,Apartment,https://immovlan.be/en/detail/duplex/for-sale/8450/bredene/rbw13336,rbw13336,duplex,for-sale,8450,bredene
west-flanders,House,https://immovlan.be/en/detail/residence/for-sale/8670/oostduinkerke/rbw13335,rbw13335,residence,for-sale,8670,oostduinkerke
west-flanders,House,https://immovlan.be/en/detail/residence/for-sale/8670/oostduinkerke/rbw13334,rbw13334,residence,for-sale,8670,oostduinkerke
west-flanders,Apartment,https://immovlan.be/en/detail/apartment/for-sale/8670/koksijde/rbw13333,rbw13333,apartment,for-sale,8670,koksijde
west-flanders,Apartment,https://immovlan.be/en/detail/apartment/for-sale/8670/koksijde/rbw13331,rbw13331,apartment,for-sale,8670,koksijde
west-flanders,House,https://immovlan.be/en/detail/residence/for-sale/8610/handzame/rbw13330,rbw13330,residence,for-sale,8610,handzame
west-flanders,House,https://immovlan.be/en/detail/residence/for-sale/8470/gistel/rbw13323,rbw13323,residence,for-sale,8470,gistel
west-flanders,Apartment,https://immovlan.be/en/detail/apartment/for-sale/8301/duinbergen/rbw13283,rbw13283,apartment,for-sale,8301,duinbergen
west-flanders,House,https://immovlan.be/en/detail/residence/for-sale/8000/brugge/rbw13277,rbw13277,residence,for-sale,8000,brugge
west-flanders,House,https://immovlan.be/en/detail/residence/for-sale/8531/bavikhove/rbw13017,rbw13017,residence,for-sale,8531,bavikhove
west-flanders,House,https://immovlan.be/en/detail/residence/for-sale/8800/roeselare/rbw13006,rbw13006,residence,for-sale,8800,roeselare
west-flanders,House,https://immovlan.be/en/detail/residence/for-sale/8310/assebroek/rbw13001,rbw13001,residence,for-sale,8310,assebroek
west-flanders,House,https://immovlan.be/en/detail/residence/for-sale/8310/assebroek/rbw13000,rbw13000,residence,for-sale,8310,assebroek
west-flanders,Apartment,https://immovlan.be/en/detail/studio/for-sale/8620/nieuwpoort/rbw12994,rbw12994,studio,for-sale,8620,nieuwpoort
west-flanders,Apartment,https://immovlan.be/en/detail/apartment/for-sale/8670/oostduinkerke/rbw12988,rbw12988,apartment,for-sale,8670,oostduinkerke
west-flanders,House,https://immovlan.be/en/detail/residence/for-sale/8550/zwevegem/rbw12775,rbw12775,residence,for-sale,8550,zwevegem
west-flanders,House,https://immovlan.be/en/detail/residence/for-sale/8550/zwevegem/rbw12774,rbw12774,residence,for-sale,8550,zwevegem
west-flanders,Apartment,https://immovlan.be/en/detail/apartment/for-sale/8400/oostende/rbw12739,rbw12739,apartment,for-sale,8400,oostende
west-flanders,House,https://immovlan.be/en/detail/residence/for-sale/8380/lissewege/rbw12732,rbw12732,residence,for-sale,8380,lissewege
west-flanders,House,https://immovlan.be/en/detail/residence/for-sale/8470/gistel/rbw12728,rbw12728,residence,for-sale,8470,gistel
west-flanders,Apartment,https://immovlan.be/en/detail/duplex/for-sale/8430/middelkerke/rbw12680,rbw12680,duplex,for-sale,8430,middelkerke
west-flanders,Apartment,https://immovlan.be/en/detail/apartment/for-sale/8670/koksijde/rbw12678,rbw12678,apartment,for-sale,8670,koksijde
west-flanders,Apartment,https://immovlan.be/en/detail/studio/for-sale/8670/koksijde/rbw12672,rbw12672,studio,for-sale,8670,koksijde
west-flanders,House,https://immovlan.be/en/detail/residence/for-sale/8620/nieuwpoort/rbw12669,rbw12669,residence,for-sale,8620,nieuwpoort
west-flanders,Apartment,https://immovlan.be/en/detail/apartment/for-sale/8670/koksijde/rbw12661,rbw12661,apartment,for-sale,8670,koksijde
west-flanders,Apartment,https://immovlan.be/en/detail/studio/for-sale/8670/koksijde/rbw12660,rbw12660,studio,for-sale,8670,koksijde
west-flanders,House,https://immovlan.be/en/detail/residence/for-sale/8450/bredene/rbw12612,rbw12612,residence,for-sale,8450,bredene
west-flanders,House,https://immovlan.be/en/detail/residence/for-sale/8200/sint-andries/rbw12600,rbw12600,residence,for-sale,8200,sint-andries
west-flanders,House,https://immovlan.be/en/detail/residence/for-sale/8551/heestert/vbe31541,vbe31541,residence,for-sale,8551,heestert
west-flanders,Apartment,https://immovlan.be/en/detail/duplex/for-sale/8400/oostende/rbw12580,rbw12580,duplex,for-sale,8400,oostende
west-flanders,House,https://immovlan.be/en/detail/residence/for-sale/8810/lichtervelde/rbw12579,rbw12579,residence,for-sale,8810,lichtervelde
west-flanders,Apartment,https://immovlan.be/en/detail/apartment/for-sale/8900/ieper/rbw12569,rbw12569,apartment,for-sale,8900,ieper
west-flanders,House,https://immovlan.be/en/detail/residence/for-sale/8954/westouter/rbw12562,rbw12562,residence,for-sale,8954,westouter
west-flanders,House,https://immovlan.be/en/detail/residence/for-sale/8530/harelbeke/rbw12507,rbw12507,residence,for-sale,8530,harelbeke
west-flanders,Apartment,https://immovlan.be/en/detail/apartment/for-sale/8400/oostende/rbw12499,rbw12499,apartment,for-sale,8400,oostende
west-flanders,Apartment,https://immovlan.be/en/detail/apartment/for-sale/8450/bredene/rbw12494,rbw12494,apartment,for-sale,8450,bredene
west-flanders,Apartment,https://immovlan.be/en/detail/ground-floor/for-sale/8301/heist/rbw12492,rbw12492,ground-floor,for-sale,8301,heist
west-flanders,House,https://immovlan.be/en/detail/residence/for-sale/8520/kuurne/rbw12481,rbw12481,residence,for-sale,8520,kuurne
west-flanders,House,https://immovlan.be/en/detail/residence/for-sale/8530/harelbeke/rbw12480,rbw12480,residence,for-sale,8530,harelbeke
west-flanders,House,https://immovlan.be/en/detail/residence/for-sale/8580/avelgem/rbw12477,rbw12477,residence,for-sale,8580,avelgem
west-flanders,House,https://immovlan.be/en/detail/residence/for-sale/8551/heestert/rbw12475,rbw12475,residence,for-sale,8551,heestert
west-flanders,House,https://immovlan.be/en/detail/mixed-building/for-sale/8540/deerlijk/rbw12473,rbw12473,mixed-building,for-sale,8540,deerlijk
west-flanders,Apartment,https://immovlan.be/en/detail/apartment/for-sale/8530/harelbeke/rbw12470,rbw12470,apartment,for-sale,8530,harelbeke
west-flanders,Apartment,https://immovlan.be/en/detail/apartment/for-sale/8530/harelbeke/rbw12469,rbw12469,apartment,for-sale,8530,harelbeke
west-flanders,House,https://immovlan.be/en/detail/residence/for-sale/8520/kuurne/rbw12468,rbw12468,residence,for-sale,8520,kuurne
west-flanders,House,https://immovlan.be/en/detail/residence/for-sale/8780/oostrozebeke/rbw12465,rbw12465,residence,for-sale,8780,oostrozebeke
west-flanders,Apartment,https://immovlan.be/en/detail/apartment/for-sale/8620/nieuwpoort/rbw12452,rbw12452,apartment,for-sale,8620,nieuwpoort
west-flanders,Apartment,https://immovlan.be/en/detail/apartment/for-sale/8430/middelkerke/rbw12444,rbw12444,apartment,for-sale,8430,middelkerke
west-flanders,Apartment,https://immovlan.be/en/detail/apartment/for-sale/8670/koksijde/rbw12406,rbw12406,apartment,for-sale,8670,koksijde
west-flanders,Apartment,https://immovlan.be/en/detail/apartment/for-sale/8670/koksijde/rbw12392,rbw12392,apartment,for-sale,8670,koksijde
west-flanders,Apartment,https://immovlan.be/en/detail/apartment/for-sale/8670/koksijde/rbw12387,rbw12387,apartment,for-sale,8670,koksijde
west-flanders,Apartment,https://immovlan.be/en/detail/apartment/for-sale/8670/koksijde/rbw12385,rbw12385,apartment,for-sale,8670,koksijde
west-flanders,House,https://immovlan.be/en/detail/residence/for-sale/8770/ingelmunster/rbw12362,rbw12362,residence,for-sale,8770,ingelmunster
west-flanders,House,https://immovlan.be/en/detail/residence/for-sale/8540/deerlijk/rbw12360,rbw12360,residence,for-sale,8540,deerlijk
west-flanders,House,https://immovlan.be/en/detail/residence/for-sale/8540/deerlijk/rbw12358,rbw12358,residence,for-sale,8540,deerlijk
west-flanders,Apartment,https://immovlan.be/en/detail/penthouse/for-sale/8792/desselgem/rbw12357,rbw12357,penthouse,for-sale,8792,desselgem
west-flanders,Apartment,https://immovlan.be/en/detail/ground-floor/for-sale/8792/desselgem/rbw12356,rbw12356,ground-floor,for-sale,8792,desselgem
west-flanders,Apartment,https://immovlan.be/en/detail/ground-floor/for-sale/8720/dentergem/rbw12349,rbw12349,ground-floor,for-sale,8720,dentergem
west-flanders,House,https://immovlan.be/en/detail/residence/for-sale/8691/leisele/rwc42721,rwc42721,residence,for-sale,8691,leisele
west-flanders,House,https://immovlan.be/en/detail/villa/for-sale/8700/aarsele/rbw12308,rbw12308,villa,for-sale,8700,aarsele
west-flanders,Apartment,https://immovlan.be/en/detail/apartment/for-sale/8420/wenduine/rbw12307,rbw12307,apartment,for-sale,8420,wenduine
west-flanders,House,https://immovlan.be/en/detail/residence/for-sale/8820/torhout/rbw12276,rbw12276,residence,for-sale,8820,torhout
west-flanders,House,https://immovlan.be/en/detail/residence/for-sale/8720/dentergem/rbw12275,rbw12275,residence,for-sale,8720,dentergem
west-flanders,Apartment,https://immovlan.be/en/detail/apartment/for-sale/8900/ieper/rbw12263,rbw12263,apartment,for-sale,8900,ieper
west-flanders,Apartment,https://immovlan.be/en/detail/apartment/for-sale/8900/ieper/rbw12262,rbw12262,apartment,for-sale,8900,ieper
west-flanders,Apartment,https://immovlan.be/en/detail/apartment/for-sale/8900/ieper/rbw12261,rbw12261,apartment,for-sale,8900,ieper
west-flanders,Apartment,https://immovlan.be/en/detail/apartment/for-sale/8650/houthulst/rbw12260,rbw12260,apartment,for-sale,8650,houthulst
west-flanders,Apartment,https://immovlan.be/en/detail/apartment/for-sale/8560/wevelgem/rbw12251,rbw12251,apartment,for-sale,8560,wevelgem
west-flanders,House,https://immovlan.be/en/detail/residence/for-sale/8000/brugge/rbw12168,rbw12168,residence,for-sale,8000,brugge
west-flanders,Apartment,https://immovlan.be/en/detail/apartment/for-sale/8400/oostende/rbw12125,rbw12125,apartment,for-sale,8400,oostende
west-flanders,Apartment,https://immovlan.be/en/detail/apartment/for-sale/8300/knokke-heist/rbw12115,rbw12115,apartment,for-sale,8300,knokke-heist
west-flanders,House,https://immovlan.be/en/detail/residence/for-sale/8560/moorsele/rbw12086,rbw12086,residence,for-sale,8560,moorsele
west-flanders,Apartment,https://immovlan.be/en/detail/apartment/for-sale/8420/de-haan/rbw11847,rbw11847,apartment,for-sale,8420,de-haan
west-flanders,House,https://immovlan.be/en/detail/bungalow/for-sale/8620/nieuwpoort/rbw11845,rbw11845,bungalow,for-sale,8620,nieuwpoort
west-flanders,House,https://immovlan.be/en/detail/residence/for-sale/8670/sint-idesbald/rbw11833,rbw11833,residence,for-sale,8670,sint-idesbald
west-flanders,Apartment,https://immovlan.be/en/detail/apartment/for-sale/8570/anzegem/rbw11802,rbw11802,apartment,for-sale,8570,anzegem
west-flanders,Apartment,https://immovlan.be/en/detail/apartment/for-sale/8660/de-panne/rbw11794,rbw11794,apartment,for-sale,8660,de-panne
west-flanders,House,https://immovlan.be/en/detail/residence/for-sale/8500/kortrijk/rbw11793,rbw11793,residence,for-sale,8500,kortrijk
west-flanders,Apartment,https://immovlan.be/en/detail/apartment/for-sale/8710/sint-baafs-vijve/rbw11792,rbw11792,apartment,for-sale,8710,sint-baafs-vijve
west-flanders,Apartment,https://immovlan.be/en/detail/apartment/for-sale/8660/de-panne/rbw11791,rbw11791,apartment,for-sale,8660,de-panne
west-flanders,Apartment,https://immovlan.be/en/detail/apartment/for-sale/8710/sint-baafs-vijve/rbw11790,rbw11790,apartment,for-sale,8710,sint-baafs-vijve
west-flanders,House,https://immovlan.be/en/detail/residence/for-sale/8870/izegem/rbw11780,rbw11780,residence,for-sale,8870,izegem
west-flanders,Apartment,https://immovlan.be/en/detail/apartment/for-sale/8710/wielsbeke/rbw11779,rbw11779,apartment,for-sale,8710,wielsbeke
west-flanders,House,https://immovlan.be/en/detail/residence/for-sale/8770/ingelmunster/rbw11764,rbw11764,residence,for-sale,8770,ingelmunster
west-flanders,House,https://immovlan.be/en/detail/residence/for-sale/8560/gullegem/rbw11751,rbw11751,residence,for-sale,8560,gullegem
west-flanders,House,https://immovlan.be/en/detail/residence/for-sale/8480/eernegem/rbw11748,rbw11748,residence,for-sale,8480,eernegem
west-flanders,Apartment,https://immovlan.be/en/detail/apartment/for-sale/8670/koksijde/rbw11674,rbw11674,apartment,for-sale,8670,koksijde
west-flanders,Apartment,https://immovlan.be/en/detail/apartment/for-sale/8660/de-panne/rbw11601,rbw11601,apartment,for-sale,8660,de-panne
west-flanders,Apartment,https://immovlan.be/en/detail/penthouse/for-sale/8620/nieuwpoort/rbw11597,rbw11597,penthouse,for-sale,8620,nieuwpoort
west-flanders,Apartment,https://immovlan.be/en/detail/ground-floor/for-sale/8770/ingelmunster/rbw11585,rbw11585,ground-floor,for-sale,8770,ingelmunster
west-flanders,House,https://immovlan.be/en/detail/villa/for-sale/8670/koksijde/rbw11561,rbw11561,villa,for-sale,8670,koksijde
west-flanders,House,https://immovlan.be/en/detail/residence/for-sale/8791/beveren-leie/rbw11553,rbw11553,residence,for-sale,8791,beveren-leie
west-flanders,House,https://immovlan.be/en/detail/residence/for-sale/8800/roeselare/rbw11541,rbw11541,residence,for-sale,8800,roeselare
west-flanders,House,https://immovlan.be/en/detail/residence/for-sale/8500/kortrijk/rbw11536,rbw11536,residence,for-sale,8500,kortrijk
west-flanders,House,https://immovlan.be/en/detail/master-house/for-sale/8501/bissegem/rwc42715,rwc42715,master-house,for-sale,8501,bissegem
west-flanders,House,https://immovlan.be/en/detail/villa/for-sale/8670/koksijde/rbw11461,rbw11461,villa,for-sale,8670,koksijde
west-flanders,House,https://immovlan.be/en/detail/residence/for-sale/8800/roeselare/rbw11432,rbw11432,residence,for-sale,8800,roeselare
west-flanders,Apartment,https://immovlan.be/en/detail/apartment/for-sale/8400/oostende/rbw11052,rbw11052,apartment,for-sale,8400,oostende
west-flanders,Apartment,https://immovlan.be/en/detail/apartment/for-sale/8200/sint-andries/rbw11031,rbw11031,apartment,for-sale,8200,sint-andries
west-flanders,Apartment,https://immovlan.be/en/detail/apartment/for-sale/8200/sint-andries/rbw11030,rbw11030,apartment,for-sale,8200,sint-andries
west-flanders,Apartment,https://immovlan.be/en/detail/apartment/for-sale/8560/wevelgem/rbw11026,rbw11026,apartment,for-sale,8560,wevelgem
west-flanders,Apartment,https://immovlan.be/en/detail/apartment/for-sale/8300/knokke-heist/rbw11006,rbw11006,apartment,for-sale,8300,knokke-heist
west-flanders,House,https://immovlan.be/en/detail/residence/for-sale/8800/roeselare/vbe30567,vbe30567,residence,for-sale,8800,roeselare
west-flanders,House,https://immovlan.be/en/detail/residence/for-sale/8650/houthulst/rbw10937,rbw10937,residence,for-sale,8650,houthulst
west-flanders,House,https://immovlan.be/en/detail/residence/for-sale/8530/harelbeke/rbw10936,rbw10936,residence,for-sale,8530,harelbeke
west-flanders,Apartment,https://immovlan.be/en/detail/apartment/for-sale/8820/torhout/rbw10935,rbw10935,apartment,for-sale,8820,torhout
west-flanders,Apartment,https://immovlan.be/en/detail/apartment/for-sale/8790/waregem/rbw10930,rbw10930,apartment,for-sale,8790,waregem
west-flanders,Apartment,https://immovlan.be/en/detail/apartment/for-sale/8400/oostende/rbw10900,rbw10900,apartment,for-sale,8400,oostende
west-flanders,Apartment,https://immovlan.be/en/detail/apartment/for-sale/8620/nieuwpoort/rbw10880,rbw10880,apartment,for-sale,8620,nieuwpoort
west-flanders,House,https://immovlan.be/en/detail/residence/for-sale/8710/wielsbeke/rbw10864,rbw10864,residence,for-sale,8710,wielsbeke
west-flanders,House,https://immovlan.be/en/detail/residence/for-sale/8710/wielsbeke/rbw10863,rbw10863,residence,for-sale,8710,wielsbeke
west-flanders,House,https://immovlan.be/en/detail/residence/for-sale/8800/roeselare/rbw10670,rbw10670,residence,for-sale,8800,roeselare
west-flanders,House,https://immovlan.be/en/detail/residence/for-sale/8930/lauwe/rbw10669,rbw10669,residence,for-sale,8930,lauwe
west-flanders,Apartment,https://immovlan.be/en/detail/duplex/for-sale/8400/oostende/rbw10661,rbw10661,duplex,for-sale,8400,oostende
west-flanders,House,https://immovlan.be/en/detail/residence/for-sale/8930/menen/vbe30205,vbe30205,residence,for-sale,8930,menen
west-flanders,House,https://immovlan.be/en/detail/residence/for-sale/8930/rekkem/vbe30204,vbe30204,residence,for-sale,8930,rekkem
west-flanders,House,https://immovlan.be/en/detail/residence/for-sale/8930/menen/rbw11767,rbw11767,residence,for-sale,8930,menen
west-flanders,Apartment,https://immovlan.be/en/detail/apartment/for-sale/8400/oostende/rbv65733,rbv65733,apartment,for-sale,8400,oostende
west-flanders,House,https://immovlan.be/en/detail/residence/for-sale/8670/koksijde/rbt60699,rbt60699,residence,for-sale,8670,koksijde
west-flanders,House,https://immovlan.be/en/detail/villa/for-sale/8531/hulste/rbw10640,rbw10640,villa,for-sale,8531,hulste
west-flanders,House,https://immovlan.be/en/detail/residence/for-sale/8434/westende/rbv46519,rbv46519,residence,for-sale,8434,westende
west-flanders,Apartment,https://immovlan.be/en/detail/apartment/for-sale/8430/middelkerke/rbv46520,rbv46520,apartment,for-sale,8430,middelkerke
west-flanders,Apartment,https://immovlan.be/en/detail/apartment/for-sale/8434/westende/rbv28966,rbv28966,apartment,for-sale,8434,westende
west-flanders,House,https://immovlan.be/en/detail/residence/for-sale/8600/diksmuide/rbv88844,rbv88844,residence,for-sale,8600,diksmuide
west-flanders,House,https://immovlan.be/en/detail/residence/for-sale/8700/schuiferskapelle/rbw10623,rbw10623,residence,for-sale,8700,schuiferskapelle
west-flanders,Apartment,https://immovlan.be/en/detail/apartment/for-sale/8450/bredene/rwc42164,rwc42164,apartment,for-sale,8450,bredene
west-flanders,House,https://immovlan.be/en/detail/residence/for-sale/8211/aartrijke/rbw10603,rbw10603,residence,for-sale,8211,aartrijke
west-flanders,Apartment,https://immovlan.be/en/detail/apartment/for-sale/8800/roeselare/rbv70357,rbv70357,apartment,for-sale,8800,roeselare
west-flanders,Apartment,https://immovlan.be/en/detail/apartment/for-sale/8000/brugge/rbw10593,rbw10593,apartment,for-sale,8000,brugge
west-flanders,House,https://immovlan.be/en/detail/residence/for-sale/8760/meulebeke/rbw02757,rbw02757,residence,for-sale,8760,meulebeke
west-flanders,Apartment,https://immovlan.be/en/detail/apartment/for-sale/8600/diksmuide/rbv82665,rbv82665,apartment,for-sale,8600,diksmuide
west-flanders,Apartment,https://immovlan.be/en/detail/apartment/for-sale/8400/oostende/rbv48103,rbv48103,apartment,for-sale,8400,oostende
west-flanders,Apartment,https://immovlan.be/en/detail/apartment/for-sale/8400/oostende/rwc42228,rwc42228,apartment,for-sale,8400,oostende
west-flanders,House,https://immovlan.be/en/detail/residence/for-sale/8450/bredene/rbw10345,rbw10345,residence,for-sale,8450,bredene
west-flanders,Apartment,https://immovlan.be/en/detail/apartment/for-sale/8000/brugge/rbw10334,rbw10334,apartment,for-sale,8000,brugge
west-flanders,Apartment,https://immovlan.be/en/detail/apartment/for-sale/8000/brugge/rbw10333,rbw10333,apartment,for-sale,8000,brugge
west-flanders,House,https://immovlan.be/en/detail/residence/for-sale/8000/brugge/rbw10332,rbw10332,residence,for-sale,8000,brugge
west-flanders,House,https://immovlan.be/en/detail/residence/for-sale/8310/assebroek/rbw10323,rbw10323,residence,for-sale,8310,assebroek
west-flanders,Apartment,https://immovlan.be/en/detail/apartment/for-sale/8400/oostende/rbw10250,rbw10250,apartment,for-sale,8400,oostende
west-flanders,Apartment,https://immovlan.be/en/detail/apartment/for-sale/8300/knokke-heist/rbw10243,rbw10243,apartment,for-sale,8300,knokke-heist
west-flanders,Apartment,https://immovlan.be/en/detail/apartment/for-sale/8301/duinbergen/rbw10229,rbw10229,apartment,for-sale,8301,duinbergen
west-flanders,Apartment,https://immovlan.be/en/detail/apartment/for-sale/8301/duinbergen/rbw10228,rbw10228,apartment,for-sale,8301,duinbergen
west-flanders,House,https://immovlan.be/en/detail/residence/for-sale/8480/ichtegem/rbw10207,rbw10207,residence,for-sale,8480,ichtegem
west-flanders,Apartment,https://immovlan.be/en/detail/apartment/for-sale/8600/diksmuide/rbw10121,rbw10121,apartment,for-sale,8600,diksmuide
west-flanders,House,https://immovlan.be/en/detail/residence/for-sale/8570/anzegem/rbw10106,rbw10106,residence,for-sale,8570,anzegem
west-flanders,House,https://immovlan.be/en/detail/residence/for-sale/8370/blankenberge/rbi37228,rbi37228,residence,for-sale,8370,blankenberge
west-flanders,House,https://immovlan.be/en/detail/residence/for-sale/8420/de-haan/rbw10015,rbw10015,residence,for-sale,8420,de-haan
west-flanders,Apartment,https://immovlan.be/en/detail/apartment/for-sale/8670/koksijde/rbw10013,rbw10013,apartment,for-sale,8670,koksijde
west-flanders,Apartment,https://immovlan.be/en/detail/apartment/for-sale/8800/roeselare/rbw10007,rbw10007,apartment,for-sale,8800,roeselare
west-flanders,Apartment,https://immovlan.be/en/detail/apartment/for-sale/8670/sint-idesbald/rbw09986,rbw09986,apartment,for-sale,8670,sint-idesbald
west-flanders,House,https://immovlan.be/en/detail/residence/for-sale/8570/anzegem/rbw09968,rbw09968,residence,for-sale,8570,anzegem
west-flanders,House,https://immovlan.be/en/detail/residence/for-sale/8310/assebroek/rbw09934,rbw09934,residence,for-sale,8310,assebroek
west-flanders,Apartment,https://immovlan.be/en/detail/apartment/for-sale/8400/oostende/rwc42706,rwc42706,apartment,for-sale,8400,oostende
west-flanders,House,https://immovlan.be/en/detail/residence/for-sale/8790/waregem/rbw09927,rbw09927,residence,for-sale,8790,waregem
west-flanders,Apartment,https://immovlan.be/en/detail/apartment/for-sale/8400/oostende/rwc42704,rwc42704,apartment,for-sale,8400,oostende
west-flanders,Apartment,https://immovlan.be/en/detail/apartment/for-sale/8420/de-haan/rbw09919,rbw09919,apartment,for-sale,8420,de-haan
west-flanders,House,https://immovlan.be/en/detail/residence/for-sale/8460/oudenburg/rbw09908,rbw09908,residence,for-sale,8460,oudenburg
west-flanders,House,https://immovlan.be/en/detail/residence/for-sale/8930/menen/rbw09897,rbw09897,residence,for-sale,8930,menen
west-flanders,House,https://immovlan.be/en/detail/residence/for-sale/8880/ledegem/rbw09896,rbw09896,residence,for-sale,8880,ledegem
west-flanders,Apartment,https://immovlan.be/en/detail/penthouse/for-sale/8000/brugge/rwc42701,rwc42701,penthouse,for-sale,8000,brugge
west-flanders,House,https://immovlan.be/en/detail/residence/for-sale/8501/heule/rbw09782,rbw09782,residence,for-sale,8501,heule
west-flanders,Apartment,https://immovlan.be/en/detail/studio/for-sale/8434/lombardsijde/rbw09763,rbw09763,studio,for-sale,8434,lombardsijde
west-flanders,House,https://immovlan.be/en/detail/residence/for-sale/8580/avelgem/rbw09762,rbw09762,residence,for-sale,8580,avelgem
west-flanders,Apartment,https://immovlan.be/en/detail/apartment/for-sale/8530/harelbeke/rbw09761,rbw09761,apartment,for-sale,8530,harelbeke
west-flanders,Apartment,https://immovlan.be/en/detail/apartment/for-sale/8400/oostende/rbw09728,rbw09728,apartment,for-sale,8400,oostende
west-flanders,House,https://immovlan.be/en/detail/residence/for-sale/8880/ledegem/rbw09720,rbw09720,residence,for-sale,8880,ledegem
west-flanders,House,https://immovlan.be/en/detail/residence/for-sale/8770/ingelmunster/rbw09719,rbw09719,residence,for-sale,8770,ingelmunster
west-flanders,Apartment,https://immovlan.be/en/detail/apartment/for-sale/8500/kortrijk/rbw09713,rbw09713,apartment,for-sale,8500,kortrijk
west-flanders,House,https://immovlan.be/en/detail/residence/for-sale/8800/roeselare/vbe29176,vbe29176,residence,for-sale,8800,roeselare
west-flanders,Apartment,https://immovlan.be/en/detail/apartment/for-sale/8660/de-panne/rbv97403,rbv97403,apartment,for-sale,8660,de-panne
west-flanders,House,https://immovlan.be/en/detail/residence/for-sale/8800/roeselare/rbw09508,rbw09508,residence,for-sale,8800,roeselare
west-flanders,House,https://immovlan.be/en/detail/residence/for-sale/8800/roeselare/rbw09505,rbw09505,residence,for-sale,8800,roeselare
west-flanders,House,https://immovlan.be/en/detail/residence/for-sale/8420/wenduine/rbw09168,rbw09168,residence,for-sale,8420,wenduine
west-flanders,House,https://immovlan.be/en/detail/residence/for-sale/8490/jabbeke/rbw09167,rbw09167,residence,for-sale,8490,jabbeke
west-flanders,House,https://immovlan.be/en/detail/residence/for-sale/8900/ieper/rbw09141,rbw09141,residence,for-sale,8900,ieper
west-flanders,House,https://immovlan.be/en/detail/residence/for-sale/8550/zwevegem/rbw09123,rbw09123,residence,for-sale,8550,zwevegem
west-flanders,Apartment,https://immovlan.be/en/detail/apartment/for-sale/8790/waregem/rbw09092,rbw09092,apartment,for-sale,8790,waregem
west-flanders,House,https://immovlan.be/en/detail/residence/for-sale/8930/menen/rbw09091,rbw09091,residence,for-sale,8930,menen
west-flanders,House,https://immovlan.be/en/detail/residence/for-sale/8930/menen/rbw09090,rbw09090,residence,for-sale,8930,menen
west-flanders,House,https://immovlan.be/en/detail/cottage/for-sale/8792/desselgem/rbw09077,rbw09077,cottage,for-sale,8792,desselgem
west-flanders,Apartment,https://immovlan.be/en/detail/apartment/for-sale/8620/nieuwpoort/rbw09071,rbw09071,apartment,for-sale,8620,nieuwpoort
west-flanders,Apartment,https://immovlan.be/en/detail/apartment/for-sale/8500/kortrijk/rbw11853,rbw11853,apartment,for-sale,8500,kortrijk
west-flanders,Apartment,https://immovlan.be/en/detail/apartment/for-sale/8500/kortrijk/rbw11852,rbw11852,apartment,for-sale,8500,kortrijk
west-flanders,Apartment,https://immovlan.be/en/detail/apartment/for-sale/8500/kortrijk/rbw11851,rbw11851,apartment,for-sale,8500,kortrijk
west-flanders,Apartment,https://immovlan.be/en/detail/apartment/for-sale/8500/kortrijk/rbw11849,rbw11849,apartment,for-sale,8500,kortrijk
west-flanders,Apartment,https://immovlan.be/en/detail/apartment/for-sale/8500/kortrijk/rbw11547,rbw11547,apartment,for-sale,8500,kortrijk
west-flanders,House,https://immovlan.be/en/detail/residence/for-sale/8310/assebroek/rbw11436,rbw11436,residence,for-sale,8310,assebroek
west-flanders,House,https://immovlan.be/en/detail/residence/for-sale/8940/wervik/rbw10590,rbw10590,residence,for-sale,8940,wervik
west-flanders,House,https://immovlan.be/en/detail/residence/for-sale/8300/knokke/rbw04884,rbw04884,residence,for-sale,8300,knokke
west-flanders,Apartment,https://immovlan.be/en/detail/apartment/for-sale/8670/koksijde/rbw04753,rbw04753,apartment,for-sale,8670,koksijde
west-flanders,House,https://immovlan.be/en/detail/residence/for-sale/8450/bredene/rbw04677,rbw04677,residence,for-sale,8450,bredene
west-flanders,Apartment,https://immovlan.be/en/detail/apartment/for-sale/8400/oostende/rbw03654,rbw03654,apartment,for-sale,8400,oostende
west-flanders,House,https://immovlan.be/en/detail/residence/for-sale/8870/izegem/rbv29960,rbv29960,residence,for-sale,8870,izegem
west-flanders,House,https://immovlan.be/en/detail/residence/for-sale/8020/oostkamp/rbw03451,rbw03451,residence,for-sale,8020,oostkamp
west-flanders,Apartment,https://immovlan.be/en/detail/apartment/for-sale/8670/koksijde/rbw03226,rbw03226,apartment,for-sale,8670,koksijde
west-flanders,Apartment,https://immovlan.be/en/detail/apartment/for-sale/8500/kortrijk/rbw02891,rbw02891,apartment,for-sale,8500,kortrijk
west-flanders,House,https://immovlan.be/en/detail/residence/for-sale/8570/anzegem/rbw02517,rbw02517,residence,for-sale,8570,anzegem
west-flanders,House,https://immovlan.be/en/detail/residence/for-sale/8500/kortrijk/rbw02317,rbw02317,residence,for-sale,8500,kortrijk
west-flanders,Apartment,https://immovlan.be/en/detail/apartment/for-sale/8900/ieper/rbw01831,rbw01831,apartment,for-sale,8900,ieper
west-flanders,House,https://immovlan.be/en/detail/residence/for-sale/8850/ardooie/rbw01518,rbw01518,residence,for-sale,8850,ardooie
west-flanders,House,https://immovlan.be/en/detail/residence/for-sale/8940/wervik/rwc42621,rwc42621,residence,for-sale,8940,wervik
west-flanders,Apartment,https://immovlan.be/en/detail/apartment/for-sale/8420/wenduine/rbv97470,rbv97470,apartment,for-sale,8420,wenduine
west-flanders,House,https://immovlan.be/en/detail/villa/for-sale/8300/knokke/rwc42603,rwc42603,villa,for-sale,8300,knokke
west-flanders,House,https://immovlan.be/en/detail/residence/for-sale/8830/hooglede/rbv81351,rbv81351,residence,for-sale,8830,hooglede
west-flanders,Apartment,https://immovlan.be/en/detail/apartment/for-sale/8900/ieper/rbv96572,rbv96572,apartment,for-sale,8900,ieper
west-flanders,Apartment,https://immovlan.be/en/detail/apartment/for-sale/8300/knokke/rbv95788,rbv95788,apartment,for-sale,8300,knokke
west-flanders,Apartment,https://immovlan.be/en/detail/apartment/for-sale/8500/kortrijk/rbv95740,rbv95740,apartment,for-sale,8500,kortrijk
west-flanders,House,https://immovlan.be/en/detail/residence/for-sale/8200/sint-andries/rbv95525,rbv95525,residence,for-sale,8200,sint-andries
west-flanders,Apartment,https://immovlan.be/en/detail/apartment/for-sale/8000/brugge/rbv94664,rbv94664,apartment,for-sale,8000,brugge
west-flanders,Apartment,https://immovlan.be/en/detail/apartment/for-sale/8600/diksmuide/rbv93716,rbv93716,apartment,for-sale,8600,diksmuide
west-flanders,Apartment,https://immovlan.be/en/detail/apartment/for-sale/8301/duinbergen/rbv93265,rbv93265,apartment,for-sale,8301,duinbergen
west-flanders,House,https://immovlan.be/en/detail/residence/for-sale/8930/menen/rwc42552,rwc42552,residence,for-sale,8930,menen
west-flanders,Apartment,https://immovlan.be/en/detail/apartment/for-sale/8800/roeselare/rbv92679,rbv92679,apartment,for-sale,8800,roeselare
west-flanders,House,https://immovlan.be/en/detail/residence/for-sale/8370/blankenberge/rbv90678,rbv90678,residence,for-sale,8370,blankenberge
west-flanders,House,https://immovlan.be/en/detail/residence/for-sale/8480/eernegem/rbv90433,rbv90433,residence,for-sale,8480,eernegem
west-flanders,House,https://immovlan.be/en/detail/residence/for-sale/8200/sint-andries/rbv89556,rbv89556,residence,for-sale,8200,sint-andries
west-flanders,House,https://immovlan.be/en/detail/residence/for-sale/8000/brugge/rbv89274,rbv89274,residence,for-sale,8000,brugge
west-flanders,Apartment,https://immovlan.be/en/detail/apartment/for-sale/8400/oostende/rbv88817,rbv88817,apartment,for-sale,8400,oostende
west-flanders,Apartment,https://immovlan.be/en/detail/ground-floor/for-sale/8940/wervik/rwc42249,rwc42249,ground-floor,for-sale,8940,wervik
west-flanders,House,https://immovlan.be/en/detail/villa/for-sale/8790/waregem/rbv88556,rbv88556,villa,for-sale,8790,waregem
west-flanders,Apartment,https://immovlan.be/en/detail/apartment/for-sale/8301/duinbergen/rbv88339,rbv88339,apartment,for-sale,8301,duinbergen
west-flanders,Apartment,https://immovlan.be/en/detail/apartment/for-sale/8370/blankenberge/rbv87497,rbv87497,apartment,for-sale,8370,blankenberge
west-flanders,Apartment,https://immovlan.be/en/detail/apartment/for-sale/8370/blankenberge/rbv87496,rbv87496,apartment,for-sale,8370,blankenberge
west-flanders,Apartment,https://immovlan.be/en/detail/apartment/for-sale/8370/blankenberge/rbv87492,rbv87492,apartment,for-sale,8370,blankenberge
west-flanders,Apartment,https://immovlan.be/en/detail/apartment/for-sale/8370/blankenberge/rbv87490,rbv87490,apartment,for-sale,8370,blankenberge
west-flanders,House,https://immovlan.be/en/detail/residence/for-sale/8980/zonnebeke/rbv87364,rbv87364,residence,for-sale,8980,zonnebeke
west-flanders,Apartment,https://immovlan.be/en/detail/apartment/for-sale/8301/duinbergen/rbv24421,rbv24421,apartment,for-sale,8301,duinbergen
west-flanders,Apartment,https://immovlan.be/en/detail/apartment/for-sale/8301/duinbergen/rbu97261,rbu97261,apartment,for-sale,8301,duinbergen
west-flanders,House,https://immovlan.be/en/detail/residence/for-sale/8840/staden/rbv65278,rbv65278,residence,for-sale,8840,staden
west-flanders,House,https://immovlan.be/en/detail/residence/for-sale/8210/veldegem/rbv86891,rbv86891,residence,for-sale,8210,veldegem
west-flanders,House,https://immovlan.be/en/detail/bungalow/for-sale/8600/diksmuide/rbv86693,rbv86693,bungalow,for-sale,8600,diksmuide
west-flanders,House,https://immovlan.be/en/detail/residence/for-sale/8620/nieuwpoort/rbv86654,rbv86654,residence,for-sale,8620,nieuwpoort
west-flanders,House,https://immovlan.be/en/detail/residence/for-sale/8620/nieuwpoort/rbv85947,rbv85947,residence,for-sale,8620,nieuwpoort
west-flanders,Apartment,https://immovlan.be/en/detail/apartment/for-sale/8670/koksijde/rbv85921,rbv85921,apartment,for-sale,8670,koksijde
west-flanders,House,https://immovlan.be/en/detail/residence/for-sale/8620/nieuwpoort/rbv85591,rbv85591,residence,for-sale,8620,nieuwpoort
west-flanders,House,https://immovlan.be/en/detail/residence/for-sale/8670/koksijde/rbv84828,rbv84828,residence,for-sale,8670,koksijde
west-flanders,House,https://immovlan.be/en/detail/residence/for-sale/8570/anzegem/rbv84314,rbv84314,residence,for-sale,8570,anzegem
west-flanders,House,https://immovlan.be/en/detail/residence/for-sale/8340/lapscheure/rbv84154,rbv84154,residence,for-sale,8340,lapscheure
west-flanders,House,https://immovlan.be/en/detail/residence/for-sale/8940/wervik/rwc42459,rwc42459,residence,for-sale,8940,wervik
west-flanders,Apartment,https://immovlan.be/en/detail/apartment/for-sale/8300/knokke/rbv82697,rbv82697,apartment,for-sale,8300,knokke
west-flanders,Apartment,https://immovlan.be/en/detail/apartment/for-sale/8800/roeselare/rbv81574,rbv81574,apartment,for-sale,8800,roeselare
west-flanders,Apartment,https://immovlan.be/en/detail/triplex/for-sale/8820/torhout/rbv81573,rbv81573,triplex,for-sale,8820,torhout
west-flanders,Apartment,https://immovlan.be/en/detail/apartment/for-sale/8301/duinbergen/rbv81352,rbv81352,apartment,for-sale,8301,duinbergen
west-flanders,Apartment,https://immovlan.be/en/detail/ground-floor/for-sale/8790/waregem/rbv71121,rbv71121,ground-floor,for-sale,8790,waregem
west-flanders,House,https://immovlan.be/en/detail/residence/for-sale/8940/geluwe/rbv80018,rbv80018,residence,for-sale,8940,geluwe
west-flanders,House,https://immovlan.be/en/detail/residence/for-sale/8480/ichtegem/rbv16128,rbv16128,residence,for-sale,8480,ichtegem
west-flanders,House,https://immovlan.be/en/detail/residence/for-sale/8760/meulebeke/rbv79518,rbv79518,residence,for-sale,8760,meulebeke
west-flanders,House,https://immovlan.be/en/detail/residence/for-sale/8940/geluwe/rwc42421,rwc42421,residence,for-sale,8940,geluwe
west-flanders,Apartment,https://immovlan.be/en/detail/apartment/for-sale/8300/knokke/rbv79040,rbv79040,apartment,for-sale,8300,knokke
west-flanders,Apartment,https://immovlan.be/en/detail/apartment/for-sale/8370/blankenberge/rbv78348,rbv78348,apartment,for-sale,8370,blankenberge
west-flanders,Apartment,https://immovlan.be/en/detail/apartment/for-sale/8300/knokke/rbv78221,rbv78221,apartment,for-sale,8300,knokke
west-flanders,House,https://immovlan.be/en/detail/residence/for-sale/8900/ieper/rbv78072,rbv78072,residence,for-sale,8900,ieper
west-flanders,House,https://immovlan.be/en/detail/residence/for-sale/8940/wervik/rwc42405,rwc42405,residence,for-sale,8940,wervik
west-flanders,House,https://immovlan.be/en/detail/residence/for-sale/8920/langemark-poelkapelle/rbv76950,rbv76950,residence,for-sale,8920,langemark-poelkapelle
west-flanders,Apartment,https://immovlan.be/en/detail/penthouse/for-sale/8600/diksmuide/rbv76932,rbv76932,penthouse,for-sale,8600,diksmuide
west-flanders,Apartment,https://immovlan.be/en/detail/apartment/for-sale/8600/diksmuide/rbv76931,rbv76931,apartment,for-sale,8600,diksmuide
west-flanders,House,https://immovlan.be/en/detail/residence/for-sale/8520/kuurne/rbv76891,rbv76891,residence,for-sale,8520,kuurne
west-flanders,House,https://immovlan.be/en/detail/residence/for-sale/8400/zandvoorde/rbv76415,rbv76415,residence,for-sale,8400,zandvoorde
west-flanders,Apartment,https://immovlan.be/en/detail/studio/for-sale/8400/oostende/rbv76410,rbv76410,studio,for-sale,8400,oostende
west-flanders,House,https://immovlan.be/en/detail/residence/for-sale/8810/lichtervelde/rbv76219,rbv76219,residence,for-sale,8810,lichtervelde
west-flanders,House,https://immovlan.be/en/detail/residence/for-sale/8377/zuienkerke/rbv75726,rbv75726,residence,for-sale,8377,zuienkerke
west-flanders,Apartment,https://immovlan.be/en/detail/apartment/for-sale/8620/nieuwpoort/rbv75723,rbv75723,apartment,for-sale,8620,nieuwpoort
west-flanders,House,https://immovlan.be/en/detail/residence/for-sale/8840/staden/rbv75195,rbv75195,residence,for-sale,8840,staden
west-flanders,House,https://immovlan.be/en/detail/villa/for-sale/8400/oostende/rbv74615,rbv74615,villa,for-sale,8400,oostende
west-flanders,Apartment,https://immovlan.be/en/detail/apartment/for-sale/8370/blankenberge/rbh77297,rbh77297,apartment,for-sale,8370,blankenberge
west-flanders,Apartment,https://immovlan.be/en/detail/apartment/for-sale/8370/blankenberge/raq40174,raq40174,apartment,for-sale,8370,blankenberge
west-flanders,Apartment,https://immovlan.be/en/detail/apartment/for-sale/8420/wenduine/rbi11396,rbi11396,apartment,for-sale,8420,wenduine
west-flanders,House,https://immovlan.be/en/detail/residence/for-sale/8900/ieper/rbv73771,rbv73771,residence,for-sale,8900,ieper
west-flanders,House,https://immovlan.be/en/detail/residence/for-sale/8510/bellegem/rbv72486,rbv72486,residence,for-sale,8510,bellegem
west-flanders,Apartment,https://immovlan.be/en/detail/apartment/for-sale/8500/kortrijk/rbv71575,rbv71575,apartment,for-sale,8500,kortrijk
west-flanders,Apartment,https://immovlan.be/en/detail/apartment/for-sale/8400/oostende/rbv71296,rbv71296,apartment,for-sale,8400,oostende
west-flanders,House,https://immovlan.be/en/detail/residence/for-sale/8770/ingelmunster/rbv38775,rbv38775,residence,for-sale,8770,ingelmunster
west-flanders,Apartment,https://immovlan.be/en/detail/apartment/for-sale/8300/knokke/rbv69860,rbv69860,apartment,for-sale,8300,knokke
west-flanders,Apartment,https://immovlan.be/en/detail/apartment/for-sale/8000/brugge/rbv69065,rbv69065,apartment,for-sale,8000,brugge
west-flanders,Apartment,https://immovlan.be/en/detail/apartment/for-sale/8300/knokke/rbv67820,rbv67820,apartment,for-sale,8300,knokke
west-flanders,Apartment,https://immovlan.be/en/detail/studio/for-sale/8400/oostende/rbv67182,rbv67182,studio,for-sale,8400,oostende
west-flanders,Apartment,https://immovlan.be/en/detail/apartment/for-sale/8300/knokke/rbv67174,rbv67174,apartment,for-sale,8300,knokke
west-flanders,Apartment,https://immovlan.be/en/detail/studio/for-sale/8620/nieuwpoort/rbv67127,rbv67127,studio,for-sale,8620,nieuwpoort
west-flanders,House,https://immovlan.be/en/detail/residence/for-sale/8670/oostduinkerke/rbv66524,rbv66524,residence,for-sale,8670,oostduinkerke
west-flanders,Apartment,https://immovlan.be/en/detail/apartment/for-sale/8301/duinbergen/rbv65240,rbv65240,apartment,for-sale,8301,duinbergen
west-flanders,Apartment,https://immovlan.be/en/detail/apartment/for-sale/8301/duinbergen/rbv64961,rbv64961,apartment,for-sale,8301,duinbergen
west-flanders,Apartment,https://immovlan.be/en/detail/apartment/for-sale/8670/koksijde/rbv63442,rbv63442,apartment,for-sale,8670,koksijde
west-flanders,Apartment,https://immovlan.be/en/detail/apartment/for-sale/8400/oostende/rbu37666,rbu37666,apartment,for-sale,8400,oostende
west-flanders,House,https://immovlan.be/en/detail/residence/for-sale/8930/menen/rwc42019,rwc42019,residence,for-sale,8930,menen
west-flanders,Apartment,https://immovlan.be/en/detail/apartment/for-sale/8660/de-panne/vbe05229,vbe05229,apartment,for-sale,8660,de-panne
west-flanders,Apartment,https://immovlan.be/en/detail/apartment/for-sale/8400/oostende/rbv61678,rbv61678,apartment,for-sale,8400,oostende
west-flanders,House,https://immovlan.be/en/detail/residence/for-sale/8500/kortrijk/rbv59794,rbv59794,residence,for-sale,8500,kortrijk
west-flanders,House,https://immovlan.be/en/detail/residence/for-sale/8500/kortrijk/rbv59793,rbv59793,residence,for-sale,8500,kortrijk
west-flanders,House,https://immovlan.be/en/detail/residence/for-sale/8500/kortrijk/rbv59792,rbv59792,residence,for-sale,8500,kortrijk
west-flanders,House,https://immovlan.be/en/detail/residence/for-sale/8500/kortrijk/rbv59791,rbv59791,residence,for-sale,8500,kortrijk
west-flanders,House,https://immovlan.be/en/detail/residence/for-sale/8500/kortrijk/rbv59789,rbv59789,residence,for-sale,8500,kortrijk
west-flanders,House,https://immovlan.be/en/detail/residence/for-sale/8500/kortrijk/rbv59787,rbv59787,residence,for-sale,8500,kortrijk
west-flanders,House,https://immovlan.be/en/detail/residence/for-sale/8880/sint-eloois-winkel/rbv59682,rbv59682,residence,for-sale,8880,sint-eloois-winkel
west-flanders,House,https://immovlan.be/en/detail/residence/for-sale/8600/diksmuide/rbv57283,rbv57283,residence,for-sale,8600,diksmuide
west-flanders,Apartment,https://immovlan.be/en/detail/apartment/for-sale/8300/knokke/rbv56567,rbv56567,apartment,for-sale,8300,knokke
west-flanders,Apartment,https://immovlan.be/en/detail/duplex/for-sale/8301/duinbergen/rbv55933,rbv55933,duplex,for-sale,8301,duinbergen
west-flanders,House,https://immovlan.be/en/detail/residence/for-sale/8600/diksmuide/rbv55202,rbv55202,residence,for-sale,8600,diksmuide
west-flanders,House,https://immovlan.be/en/detail/residence/for-sale/8490/jabbeke/rwc42169,rwc42169,residence,for-sale,8490,jabbeke
west-flanders,House,https://immovlan.be/en/detail/residence/for-sale/8800/roeselare/rbv54733,rbv54733,residence,for-sale,8800,roeselare
west-flanders,Apartment,https://immovlan.be/en/detail/studio/for-sale/8800/roeselare/rbv54582,rbv54582,studio,for-sale,8800,roeselare
west-flanders,Apartment,https://immovlan.be/en/detail/apartment/for-sale/8301/duinbergen/rbv54104,rbv54104,apartment,for-sale,8301,duinbergen
west-flanders,Apartment,https://immovlan.be/en/detail/apartment/for-sale/8400/oostende/rbv50245,rbv50245,apartment,for-sale,8400,oostende
west-flanders,Apartment,https://immovlan.be/en/detail/apartment/for-sale/8370/blankenberge/rbv49175,rbv49175,apartment,for-sale,8370,blankenberge
west-flanders,Apartment,https://immovlan.be/en/detail/apartment/for-sale/8800/roeselare/rbv49093,rbv49093,apartment,for-sale,8800,roeselare
west-flanders,Apartment,https://immovlan.be/en/detail/apartment/for-sale/8400/oostende/rbv48984,rbv48984,apartment,for-sale,8400,oostende
west-flanders,House,https://immovlan.be/en/detail/villa/for-sale/8380/lissewege/rbv48540,rbv48540,villa,for-sale,8380,lissewege
west-flanders,House,https://immovlan.be/en/detail/residence/for-sale/8930/menen/rwc41396,rwc41396,residence,for-sale,8930,menen
west-flanders,Apartment,https://immovlan.be/en/detail/apartment/for-sale/8900/ieper/rbv48136,rbv48136,apartment,for-sale,8900,ieper
west-flanders,Apartment,https://immovlan.be/en/detail/apartment/for-sale/8620/nieuwpoort/rbv46061,rbv46061,apartment,for-sale,8620,nieuwpoort
west-flanders,House,https://immovlan.be/en/detail/villa/for-sale/8800/roeselare/rbv29959,rbv29959,villa,for-sale,8800,roeselare
west-flanders,Apartment,https://immovlan.be/en/detail/apartment/for-sale/8301/duinbergen/rbv45854,rbv45854,apartment,for-sale,8301,duinbergen
west-flanders,House,https://immovlan.be/en/detail/bungalow/for-sale/8940/wervik/rwc42050,rwc42050,bungalow,for-sale,8940,wervik
west-flanders,House,https://immovlan.be/en/detail/residence/for-sale/8900/ieper/rbv44190,rbv44190,residence,for-sale,8900,ieper
west-flanders,House,https://immovlan.be/en/detail/residence/for-sale/8940/wervik/rwc42028,rwc42028,residence,for-sale,8940,wervik
west-flanders,House,https://immovlan.be/en/detail/residence/for-sale/8980/beselare/rwc42010,rwc42010,residence,for-sale,8980,beselare
west-flanders,Apartment,https://immovlan.be/en/detail/apartment/for-sale/8000/brugge/rbu15199,rbu15199,apartment,for-sale,8000,brugge
west-flanders,House,https://immovlan.be/en/detail/residence/for-sale/8511/aalbeke/rbv38341,rbv38341,residence,for-sale,8511,aalbeke
west-flanders,House,https://immovlan.be/en/detail/residence/for-sale/8820/torhout/rbv37550,rbv37550,residence,for-sale,8820,torhout
west-flanders,House,https://immovlan.be/en/detail/residence/for-sale/8840/staden/rbt74014,rbt74014,residence,for-sale,8840,staden
west-flanders,Apartment,https://immovlan.be/en/detail/penthouse/for-sale/8400/oostende/rbv35941,rbv35941,penthouse,for-sale,8400,oostende
west-flanders,House,https://immovlan.be/en/detail/residence/for-sale/8800/roeselare/rbu19525,rbu19525,residence,for-sale,8800,roeselare
west-flanders,House,https://immovlan.be/en/detail/residence/for-sale/8530/harelbeke/rbv31498,rbv31498,residence,for-sale,8530,harelbeke
west-flanders,House,https://immovlan.be/en/detail/residence/for-sale/8600/diksmuide/rbu60527,rbu60527,residence,for-sale,8600,diksmuide
west-flanders,Apartment,https://immovlan.be/en/detail/apartment/for-sale/8670/koksijde/rbv27264,rbv27264,apartment,for-sale,8670,koksijde
west-flanders,Apartment,https://immovlan.be/en/detail/apartment/for-sale/8370/blankenberge/rbv23753,rbv23753,apartment,for-sale,8370,blankenberge
west-flanders,Apartment,https://immovlan.be/en/detail/apartment/for-sale/8370/blankenberge/rbv23752,rbv23752,apartment,for-sale,8370,blankenberge
west-flanders,Apartment,https://immovlan.be/en/detail/apartment/for-sale/8370/blankenberge/rbv23751,rbv23751,apartment,for-sale,8370,blankenberge
west-flanders,House,https://immovlan.be/en/detail/residence/for-sale/8000/brugge/rbu48928,rbu48928,residence,for-sale,8000,brugge
west-flanders,Apartment,https://immovlan.be/en/detail/studio/for-sale/8620/nieuwpoort/rbv18191,rbv18191,studio,for-sale,8620,nieuwpoort
west-flanders,House,https://immovlan.be/en/detail/residence/for-sale/8800/roeselare/rbv17146,rbv17146,residence,for-sale,8800,roeselare
west-flanders,Apartment,https://immovlan.be/en/detail/apartment/for-sale/8380/zeebrugge/rwc41779,rwc41779,apartment,for-sale,8380,zeebrugge
west-flanders,Apartment,https://immovlan.be/en/detail/ground-floor/for-sale/8370/blankenberge/rwc41776,rwc41776,ground-floor,for-sale,8370,blankenberge
west-flanders,House,https://immovlan.be/en/detail/residence/for-sale/8370/blankenberge/rwc41775,rwc41775,residence,for-sale,8370,blankenberge
west-flanders,House,https://immovlan.be/en/detail/residence/for-sale/8930/menen/rwc41752,rwc41752,residence,for-sale,8930,menen
west-flanders,Apartment,https://immovlan.be/en/detail/apartment/for-sale/8500/kortrijk/rbv14293,rbv14293,apartment,for-sale,8500,kortrijk
west-flanders,Apartment,https://immovlan.be/en/detail/apartment/for-sale/8300/knokke-heist/rbv13378,rbv13378,apartment,for-sale,8300,knokke-heist
west-flanders,House,https://immovlan.be/en/detail/residence/for-sale/8680/koekelare/rbt75029,rbt75029,residence,for-sale,8680,koekelare
west-flanders,House,https://immovlan.be/en/detail/residence/for-sale/8400/oostende/rbv08035,rbv08035,residence,for-sale,8400,oostende
west-flanders,Apartment,https://immovlan.be/en/detail/apartment/for-sale/8400/oostende/raq40166,raq40166,apartment,for-sale,8400,oostende
west-flanders,House,https://immovlan.be/en/detail/master-house/for-sale/8930/menen/rwc41643,rwc41643,master-house,for-sale,8930,menen
west-flanders,House,https://immovlan.be/en/detail/residence/for-sale/8940/wervik/rwc41641,rwc41641,residence,for-sale,8940,wervik
west-flanders,Apartment,https://immovlan.be/en/detail/apartment/for-sale/8400/oostende/rbv05676,rbv05676,apartment,for-sale,8400,oostende
west-flanders,House,https://immovlan.be/en/detail/residence/for-sale/8930/menen/rwc41620,rwc41620,residence,for-sale,8930,menen
west-flanders,House,https://immovlan.be/en/detail/residence/for-sale/8930/menen/rbv03989,rbv03989,residence,for-sale,8930,menen
west-flanders,Apartment,https://immovlan.be/en/detail/apartment/for-sale/8301/duinbergen/rbu99924,rbu99924,apartment,for-sale,8301,duinbergen
west-flanders,Apartment,https://immovlan.be/en/detail/apartment/for-sale/8301/duinbergen/rbu99923,rbu99923,apartment,for-sale,8301,duinbergen
west-flanders,Apartment,https://immovlan.be/en/detail/apartment/for-sale/8680/koekelare/rbu98268,rbu98268,apartment,for-sale,8680,koekelare
west-flanders,House,https://immovlan.be/en/detail/residence/for-sale/8930/menen/rwc41514,rwc41514,residence,for-sale,8930,menen
west-flanders,Apartment,https://immovlan.be/en/detail/apartment/for-sale/8370/blankenberge/rbu98049,rbu98049,apartment,for-sale,8370,blankenberge
west-flanders,House,https://immovlan.be/en/detail/residence/for-sale/8900/ieper/rbu97581,rbu97581,residence,for-sale,8900,ieper
west-flanders,House,https://immovlan.be/en/detail/residence/for-sale/8940/wervik/rwc41450,rwc41450,residence,for-sale,8940,wervik
west-flanders,House,https://immovlan.be/en/detail/residence/for-sale/8670/sint-idesbald/rbu91523,rbu91523,residence,for-sale,8670,sint-idesbald
west-flanders,Apartment,https://immovlan.be/en/detail/apartment/for-sale/8430/middelkerke/rbu91522,rbu91522,apartment,for-sale,8430,middelkerke
west-flanders,House,https://immovlan.be/en/detail/residence/for-sale/8620/nieuwpoort/rbu91516,rbu91516,residence,for-sale,8620,nieuwpoort
west-flanders,House,https://immovlan.be/en/detail/residence/for-sale/8800/roeselare/rbu91126,rbu91126,residence,for-sale,8800,roeselare
west-flanders,Apartment,https://immovlan.be/en/detail/apartment/for-sale/8500/kortrijk/rbu90989,rbu90989,apartment,for-sale,8500,kortrijk
west-flanders,Apartment,https://immovlan.be/en/detail/apartment/for-sale/8500/kortrijk/rbu90987,rbu90987,apartment,for-sale,8500,kortrijk
west-flanders,House,https://immovlan.be/en/detail/residence/for-sale/8301/duinbergen/rbu90129,rbu90129,residence,for-sale,8301,duinbergen
west-flanders,Apartment,https://immovlan.be/en/detail/apartment/for-sale/8500/kortrijk/rbu86991,rbu86991,apartment,for-sale,8500,kortrijk
west-flanders,House,https://immovlan.be/en/detail/residence/for-sale/8370/blankenberge/rbu83219,rbu83219,residence,for-sale,8370,blankenberge
west-flanders,House,https://immovlan.be/en/detail/residence/for-sale/8370/blankenberge/rbu83216,rbu83216,residence,for-sale,8370,blankenberge
west-flanders,Apartment,https://immovlan.be/en/detail/apartment/for-sale/8370/blankenberge/rbu83214,rbu83214,apartment,for-sale,8370,blankenberge
west-flanders,Apartment,https://immovlan.be/en/detail/apartment/for-sale/8300/knokke-heist/rbu81743,rbu81743,apartment,for-sale,8300,knokke-heist
west-flanders,Apartment,https://immovlan.be/en/detail/apartment/for-sale/8300/knokke/rbu81427,rbu81427,apartment,for-sale,8300,knokke
west-flanders,House,https://immovlan.be/en/detail/residence/for-sale/8300/knokke/rbu80285,rbu80285,residence,for-sale,8300,knokke
west-flanders,Apartment,https://immovlan.be/en/detail/apartment/for-sale/8900/ieper/rbu75682,rbu75682,apartment,for-sale,8900,ieper
west-flanders,Apartment,https://immovlan.be/en/detail/apartment/for-sale/8900/ieper/rbu75675,rbu75675,apartment,for-sale,8900,ieper
west-flanders,Apartment,https://immovlan.be/en/detail/apartment/for-sale/8900/ieper/rbu75672,rbu75672,apartment,for-sale,8900,ieper
west-flanders,Apartment,https://immovlan.be/en/detail/apartment/for-sale/8670/koksijde/vbd52844,vbd52844,apartment,for-sale,8670,koksijde
west-flanders,House,https://immovlan.be/en/detail/residence/for-sale/8300/knokke-heist/rbu66321,rbu66321,residence,for-sale,8300,knokke-heist
west-flanders,House,https://immovlan.be/en/detail/residence/for-sale/8300/knokke-heist/rbu65278,rbu65278,residence,for-sale,8300,knokke-heist
west-flanders,House,https://immovlan.be/en/detail/residence/for-sale/8300/knokke-heist/rbu65277,rbu65277,residence,for-sale,8300,knokke-heist
west-flanders,Apartment,https://immovlan.be/en/detail/apartment/for-sale/8400/oostende/rbu55741,rbu55741,apartment,for-sale,8400,oostende
west-flanders,House,https://immovlan.be/en/detail/residence/for-sale/8550/zwevegem/rbt29418,rbt29418,residence,for-sale,8550,zwevegem
west-flanders,Apartment,https://immovlan.be/en/detail/duplex/for-sale/8400/oostende/rbu43490,rbu43490,duplex,for-sale,8400,oostende
west-flanders,Apartment,https://immovlan.be/en/detail/apartment/for-sale/8300/knokke/rbu42561,rbu42561,apartment,for-sale,8300,knokke
west-flanders,House,https://immovlan.be/en/detail/villa/for-sale/8460/oudenburg/rbu41627,rbu41627,villa,for-sale,8460,oudenburg
west-flanders,House,https://immovlan.be/en/detail/residence/for-sale/8670/koksijde/rbu38701,rbu38701,residence,for-sale,8670,koksijde
west-flanders,House,https://immovlan.be/en/detail/residence/for-sale/8940/wervik/rwc40559,rwc40559,residence,for-sale,8940,wervik
west-flanders,House,https://immovlan.be/en/detail/residence/for-sale/8930/menen/rwc40499,rwc40499,residence,for-sale,8930,menen
west-flanders,Apartment,https://immovlan.be/en/detail/apartment/for-sale/8370/blankenberge/rbu11250,rbu11250,apartment,for-sale,8370,blankenberge
west-flanders,Apartment,https://immovlan.be/en/detail/apartment/for-sale/8300/knokke/rbt95642,rbt95642,apartment,for-sale,8300,knokke
west-flanders,House,https://immovlan.be/en/detail/residence/for-sale/8930/menen/rwc40209,rwc40209,residence,for-sale,8930,menen
west-flanders,Apartment,https://immovlan.be/en/detail/studio/for-sale/8620/nieuwpoort/rbo70599,rbo70599,studio,for-sale,8620,nieuwpoort
west-flanders,House,https://immovlan.be/en/detail/residence/for-sale/8972/roesbrugge-haringe/rbk72302,rbk72302,residence,for-sale,8972,roesbrugge-haringe
west-flanders,House,https://immovlan.be/en/detail/residence/for-sale/8870/izegem/rbt82839,rbt82839,residence,for-sale,8870,izegem
west-flanders,House,https://immovlan.be/en/detail/residence/for-sale/8550/zwevegem/rbt74450,rbt74450,residence,for-sale,8550,zwevegem
west-flanders,Apartment,https://immovlan.be/en/detail/apartment/for-sale/8480/eernegem/rbt44670,rbt44670,apartment,for-sale,8480,eernegem
west-flanders,House,https://immovlan.be/en/detail/residence/for-sale/8930/menen/rwc39682,rwc39682,residence,for-sale,8930,menen
west-flanders,Apartment,https://immovlan.be/en/detail/apartment/for-sale/8500/kortrijk/rbt40987,rbt40987,apartment,for-sale,8500,kortrijk
west-flanders,House,https://immovlan.be/en/detail/residence/for-sale/8800/roeselare/rbt38117,rbt38117,residence,for-sale,8800,roeselare
west-flanders,Apartment,https://immovlan.be/en/detail/loft/for-sale/8300/knokke-heist/rbt17949,rbt17949,loft,for-sale,8300,knokke-heist
west-flanders,House,https://immovlan.be/en/detail/residence/for-sale/8620/nieuwpoort/rbt09170,rbt09170,residence,for-sale,8620,nieuwpoort
west-flanders,House,https://immovlan.be/en/detail/residence/for-sale/8582/outrijve/rbs82751,rbs82751,residence,for-sale,8582,outrijve
west-flanders,Apartment,https://immovlan.be/en/detail/apartment/for-sale/8380/dudzele/rbt00150,rbt00150,apartment,for-sale,8380,dudzele
west-flanders,House,https://immovlan.be/en/detail/residence/for-sale/8600/diksmuide/rbs81708,rbs81708,residence,for-sale,8600,diksmuide
west-flanders,House,https://immovlan.be/en/detail/residence/for-sale/8710/wielsbeke/rbi37779,rbi37779,residence,for-sale,8710,wielsbeke
west-flanders,House,https://immovlan.be/en/detail/residence/for-sale/8710/wielsbeke/rbi37777,rbi37777,residence,for-sale,8710,wielsbeke
west-flanders,House,https://immovlan.be/en/detail/residence/for-sale/8480/ichtegem/rbs49002,rbs49002,residence,for-sale,8480,ichtegem
west-flanders,Apartment,https://immovlan.be/en/detail/apartment/for-sale/8800/roeselare/rbq29819,rbq29819,apartment,for-sale,8800,roeselare
west-flanders,Apartment,https://immovlan.be/en/detail/duplex/for-sale/8300/knokke-heist/rbs31365,rbs31365,duplex,for-sale,8300,knokke-heist
west-flanders,Apartment,https://immovlan.be/en/detail/apartment/for-sale/8301/duinbergen/rbs08269,rbs08269,apartment,for-sale,8301,duinbergen
west-flanders,Apartment,https://immovlan.be/en/detail/apartment/for-sale/8300/knokke-heist/rbn73449,rbn73449,apartment,for-sale,8300,knokke-heist
west-flanders,Apartment,https://immovlan.be/en/detail/ground-floor/for-sale/8300/knokke-heist/rbi31866,rbi31866,ground-floor,for-sale,8300,knokke-heist
west-flanders,Apartment,https://immovlan.be/en/detail/apartment/for-sale/8300/knokke-heist/rbi29435,rbi29435,apartment,for-sale,8300,knokke-heist
west-flanders,Apartment,https://immovlan.be/en/detail/apartment/for-sale/8300/knokke-heist/rbg08040,rbg08040,apartment,for-sale,8300,knokke-heist
west-flanders,House,https://immovlan.be/en/detail/residence/for-sale/8680/koekelare/rbk05446,rbk05446,residence,for-sale,8680,koekelare
west-flanders,Apartment,https://immovlan.be/en/detail/penthouse/for-sale/8300/knokke-heist/rbj48854,rbj48854,penthouse,for-sale,8300,knokke-heist
west-flanders,House,https://immovlan.be/en/detail/residence/for-sale/8300/knokke-heist/rbi86406,rbi86406,residence,for-sale,8300,knokke-heist
west-flanders,Apartment,https://immovlan.be/en/detail/duplex/for-sale/8980/beselare/rbi53357,rbi53357,duplex,for-sale,8980,beselare
west-flanders,House,https://immovlan.be/en/detail/residence/for-sale/8570/anzegem/rbi15847,rbi15847,residence,for-sale,8570,anzegem
west-flanders,Apartment,https://immovlan.be/en/detail/apartment/for-sale/8370/blankenberge/rbh77296,rbh77296,apartment,for-sale,8370,blankenberge
west-flanders,Apartment,https://immovlan.be/en/detail/apartment/for-sale/8800/roeselare/rbf99631,rbf99631,apartment,for-sale,8800,roeselare
west-flanders,Apartment,https://immovlan.be/en/detail/apartment/for-sale/8400/oostende/rbd31288,rbd31288,apartment,for-sale,8400,oostende
west-flanders,Apartment,https://immovlan.be/en/detail/apartment/for-sale/8480/eernegem/rbw08989,rbw08989,apartment,for-sale,8480,eernegem
west-flanders,House,https://immovlan.be/en/detail/residence/for-sale/8500/kortrijk/rbw08949,rbw08949,residence,for-sale,8500,kortrijk
west-flanders,House,https://immovlan.be/en/detail/residence/for-sale/8870/izegem/rbw02509,rbw02509,residence,for-sale,8870,izegem
west-flanders,House,https://immovlan.be/en/detail/villa/for-sale/8630/veurne/rbv88876,rbv88876,villa,for-sale,8630,veurne
west-flanders,Apartment,https://immovlan.be/en/detail/apartment/for-sale/8420/de-haan/rbv14566,rbv14566,apartment,for-sale,8420,de-haan
west-flanders,House,https://immovlan.be/en/detail/residence/for-sale/8310/assebroek/rbv81330,rbv81330,residence,for-sale,8310,assebroek
west-flanders,House,https://immovlan.be/en/detail/residence/for-sale/8400/oostende/rbu71927,rbu71927,residence,for-sale,8400,oostende
west-flanders,Apartment,https://immovlan.be/en/detail/apartment/for-sale/8400/oostende/rbv27677,rbv27677,apartment,for-sale,8400,oostende
west-flanders,Apartment,https://immovlan.be/en/detail/apartment/for-sale/8670/koksijde/rbv66910,rbv66910,apartment,for-sale,8670,koksijde
west-flanders,Apartment,https://immovlan.be/en/detail/apartment/for-sale/8400/oostende/rbv67180,rbv67180,apartment,for-sale,8400,oostende
west-flanders,Apartment,https://immovlan.be/en/detail/apartment/for-sale/8670/koksijde/rbv63464,rbv63464,apartment,for-sale,8670,koksijde
west-flanders,House,https://immovlan.be/en/detail/residence/for-sale/8500/kortrijk/rwc41160,rwc41160,residence,for-sale,8500,kortrijk
west-flanders,Apartment,https://immovlan.be/en/detail/studio/for-sale/8430/middelkerke/rbv86642,rbv86642,studio,for-sale,8430,middelkerke
west-flanders,Apartment,https://immovlan.be/en/detail/apartment/for-sale/8400/oostende/rwc42370,rwc42370,apartment,for-sale,8400,oostende
west-flanders,House,https://immovlan.be/en/detail/residence/for-sale/8400/oostende/rbv77205,rbv77205,residence,for-sale,8400,oostende
west-flanders,House,https://immovlan.be/en/detail/villa/for-sale/8670/koksijde/rbv35846,rbv35846,villa,for-sale,8670,koksijde
limburg,House,https://immovlan.be/en/detail/residence/for-sale/3570/alken/rbw23883,rbw23883,residence,for-sale,3570,alken
limburg,House,https://immovlan.be/en/detail/residence/for-sale/3582/koersel/rbw23881,rbw23881,residence,for-sale,3582,koersel
limburg,Apartment,https://immovlan.be/en/detail/apartment/for-sale/3500/hasselt/rbw23877,rbw23877,apartment,for-sale,3500,hasselt
limburg,House,https://immovlan.be/en/detail/residence/for-sale/3550/heusden-zolder/rbw23876,rbw23876,residence,for-sale,3550,heusden-zolder
limburg,House,https://immovlan.be/en/detail/residence/for-sale/3583/paal/rbw23874,rbw23874,residence,for-sale,3583,paal
limburg,House,https://immovlan.be/en/detail/residence/for-sale/3540/herk-de-stad/rbw23830,rbw23830,residence,for-sale,3540,herk-de-stad
limburg,House,https://immovlan.be/en/detail/residence/for-sale/3640/kessenich/rbw23684,rbw23684,residence,for-sale,3640,kessenich
limburg,House,https://immovlan.be/en/detail/mixed-building/for-sale/3640/kessenich/rbw23683,rbw23683,mixed-building,for-sale,3640,kessenich
limburg,House,https://immovlan.be/en/detail/residence/for-sale/3650/dilsen-stokkem/rbw23634,rbw23634,residence,for-sale,3650,dilsen-stokkem
limburg,House,https://immovlan.be/en/detail/residence/for-sale/3680/maaseik/rbw20446,rbw20446,residence,for-sale,3680,maaseik
limburg,House,https://immovlan.be/en/detail/residence/for-sale/3650/dilsen-stokkem/rbw20445,rbw20445,residence,for-sale,3650,dilsen-stokkem
limburg,House,https://immovlan.be/en/detail/residence/for-sale/3800/sint-truiden/rbw20379,rbw20379,residence,for-sale,3800,sint-truiden
limburg,Apartment,https://immovlan.be/en/detail/apartment/for-sale/3850/nieuwerkerken/rbw20378,rbw20378,apartment,for-sale,3850,nieuwerkerken
limburg,House,https://immovlan.be/en/detail/residence/for-sale/3770/riemst/rbw20361,rbw20361,residence,for-sale,3770,riemst
limburg,Apartment,https://immovlan.be/en/detail/apartment/for-sale/3940/hechtel/rbw20298,rbw20298,apartment,for-sale,3940,hechtel
limburg,House,https://immovlan.be/en/detail/villa/for-sale/3520/zonhoven/rbw20297,rbw20297,villa,for-sale,3520,zonhoven
limburg,House,https://immovlan.be/en/detail/residence/for-sale/3590/diepenbeek/rbw20296,rbw20296,residence,for-sale,3590,diepenbeek
limburg,House,https://immovlan.be/en/detail/residence/for-sale/3700/berg/rbw20252,rbw20252,residence,for-sale,3700,berg
limburg,House,https://immovlan.be/en/detail/residence/for-sale/3980/tessenderlo/rbw20241,rbw20241,residence,for-sale,3980,tessenderlo
limburg,Apartment,https://immovlan.be/en/detail/duplex/for-sale/3530/houthalen-helchteren/rbw19783,rbw19783,duplex,for-sale,3530,houthalen-helchteren
limburg,House,https://immovlan.be/en/detail/villa/for-sale/3950/bocholt/rbw19782,rbw19782,villa,for-sale,3950,bocholt
limburg,House,https://immovlan.be/en/detail/residence/for-sale/3500/hasselt/rbw19781,rbw19781,residence,for-sale,3500,hasselt
limburg,House,https://immovlan.be/en/detail/residence/for-sale/3582/koersel/rbw19708,rbw19708,residence,for-sale,3582,koersel
limburg,House,https://immovlan.be/en/detail/cottage/for-sale/3581/beverlo/rbw19707,rbw19707,cottage,for-sale,3581,beverlo
limburg,Apartment,https://immovlan.be/en/detail/ground-floor/for-sale/3530/houthalen-helchteren/rbw19706,rbw19706,ground-floor,for-sale,3530,houthalen-helchteren
limburg,House,https://immovlan.be/en/detail/residence/for-sale/3580/beringen/rbw19705,rbw19705,residence,for-sale,3580,beringen
limburg,House,https://immovlan.be/en/detail/residence/for-sale/3580/beringen/rbw19704,rbw19704,residence,for-sale,3580,beringen
limburg,House,https://immovlan.be/en/detail/residence/for-sale/3500/hasselt/rbw19602,rbw19602,residence,for-sale,3500,hasselt
limburg,House,https://immovlan.be/en/detail/residence/for-sale/3680/maaseik/rbw19524,rbw19524,residence,for-sale,3680,maaseik
limburg,House,https://immovlan.be/en/detail/residence/for-sale/3583/paal/rbw19523,rbw19523,residence,for-sale,3583,paal
limburg,House,https://immovlan.be/en/detail/residence/for-sale/3680/maaseik/rbw19497,rbw19497,residence,for-sale,3680,maaseik
limburg,House,https://immovlan.be/en/detail/residence/for-sale/3830/wellen/rbw19280,rbw19280,residence,for-sale,3830,wellen
limburg,House,https://immovlan.be/en/detail/residence/for-sale/3600/genk/rbw19262,rbw19262,residence,for-sale,3600,genk
limburg,House,https://immovlan.be/en/detail/residence/for-sale/3980/tessenderlo/rbw19214,rbw19214,residence,for-sale,3980,tessenderlo
limburg,Apartment,https://immovlan.be/en/detail/apartment/for-sale/3650/dilsen-stokkem/rbw19182,rbw19182,apartment,for-sale,3650,dilsen-stokkem
limburg,Apartment,https://immovlan.be/en/detail/apartment/for-sale/3650/dilsen-stokkem/rbw19181,rbw19181,apartment,for-sale,3650,dilsen-stokkem
limburg,Apartment,https://immovlan.be/en/detail/apartment/for-sale/3650/dilsen-stokkem/rbw19180,rbw19180,apartment,for-sale,3650,dilsen-stokkem
limburg,Apartment,https://immovlan.be/en/detail/apartment/for-sale/3650/dilsen-stokkem/rbw19179,rbw19179,apartment,for-sale,3650,dilsen-stokkem
limburg,Apartment,https://immovlan.be/en/detail/apartment/for-sale/3650/dilsen-stokkem/rbw19178,rbw19178,apartment,for-sale,3650,dilsen-stokkem
limburg,Apartment,https://immovlan.be/en/detail/apartment/for-sale/3650/dilsen-stokkem/rbw19177,rbw19177,apartment,for-sale,3650,dilsen-stokkem
limburg,House,https://immovlan.be/en/detail/residence/for-sale/3580/beringen/rbw19165,rbw19165,residence,for-sale,3580,beringen
limburg,Apartment,https://immovlan.be/en/detail/apartment/for-sale/3500/hasselt/rbw19164,rbw19164,apartment,for-sale,3500,hasselt
limburg,House,https://immovlan.be/en/detail/residence/for-sale/3940/hechtel/rbw19161,rbw19161,residence,for-sale,3940,hechtel
limburg,House,https://immovlan.be/en/detail/residence/for-sale/3583/paal/rbw19158,rbw19158,residence,for-sale,3583,paal
limburg,House,https://immovlan.be/en/detail/residence/for-sale/3680/neeroeteren/rbw19148,rbw19148,residence,for-sale,3680,neeroeteren
limburg,House,https://immovlan.be/en/detail/residence/for-sale/3511/kuringen/rbw19099,rbw19099,residence,for-sale,3511,kuringen
limburg,Apartment,https://immovlan.be/en/detail/apartment/for-sale/3580/beringen/rbw19078,rbw19078,apartment,for-sale,3580,beringen
limburg,House,https://immovlan.be/en/detail/residence/for-sale/3770/riemst/rbw19051,rbw19051,residence,for-sale,3770,riemst
limburg,House,https://immovlan.be/en/detail/residence/for-sale/3530/houthalen-helchteren/rbw19031,rbw19031,residence,for-sale,3530,houthalen-helchteren
limburg,House,https://immovlan.be/en/detail/residence/for-sale/3581/beverlo/rbw19008,rbw19008,residence,for-sale,3581,beverlo
limburg,House,https://immovlan.be/en/detail/residence/for-sale/3740/bilzen/rbw18998,rbw18998,residence,for-sale,3740,bilzen
limburg,House,https://immovlan.be/en/detail/residence/for-sale/3920/lommel/rbw18532,rbw18532,residence,for-sale,3920,lommel
limburg,House,https://immovlan.be/en/detail/residence/for-sale/3520/zonhoven/rbw18531,rbw18531,residence,for-sale,3520,zonhoven
limburg,House,https://immovlan.be/en/detail/residence/for-sale/3690/zutendaal/rbw18530,rbw18530,residence,for-sale,3690,zutendaal
limburg,Apartment,https://immovlan.be/en/detail/apartment/for-sale/3600/genk/rbw18529,rbw18529,apartment,for-sale,3600,genk
limburg,Apartment,https://immovlan.be/en/detail/apartment/for-sale/3630/maasmechelen/rbw18528,rbw18528,apartment,for-sale,3630,maasmechelen
limburg,House,https://immovlan.be/en/detail/residence/for-sale/3600/genk/rbw18527,rbw18527,residence,for-sale,3600,genk
limburg,Apartment,https://immovlan.be/en/detail/apartment/for-sale/3740/beverst/rbw18526,rbw18526,apartment,for-sale,3740,beverst
limburg,House,https://immovlan.be/en/detail/residence/for-sale/3650/dilsen-stokkem/rbw18525,rbw18525,residence,for-sale,3650,dilsen-stokkem
limburg,House,https://immovlan.be/en/detail/residence/for-sale/3620/lanaken/rbw18524,rbw18524,residence,for-sale,3620,lanaken
limburg,House,https://immovlan.be/en/detail/residence/for-sale/3740/beverst/rbw18523,rbw18523,residence,for-sale,3740,beverst
limburg,Apartment,https://immovlan.be/en/detail/duplex/for-sale/3650/dilsen-stokkem/rbw18522,rbw18522,duplex,for-sale,3650,dilsen-stokkem
limburg,House,https://immovlan.be/en/detail/residence/for-sale/3690/zutendaal/rbw18521,rbw18521,residence,for-sale,3690,zutendaal
limburg,Apartment,https://immovlan.be/en/detail/apartment/for-sale/3740/beverst/rbw18417,rbw18417,apartment,for-sale,3740,beverst
limburg,House,https://immovlan.be/en/detail/residence/for-sale/3740/munsterbilzen/rbw18416,rbw18416,residence,for-sale,3740,munsterbilzen
limburg,Apartment,https://immovlan.be/en/detail/apartment/for-sale/3740/beverst/rbw18414,rbw18414,apartment,for-sale,3740,beverst
limburg,Apartment,https://immovlan.be/en/detail/apartment/for-sale/3520/zonhoven/rbw18412,rbw18412,apartment,for-sale,3520,zonhoven
limburg,Apartment,https://immovlan.be/en/detail/apartment/for-sale/3520/zonhoven/rbw18411,rbw18411,apartment,for-sale,3520,zonhoven
limburg,House,https://immovlan.be/en/detail/residence/for-sale/3520/zonhoven/rbw18409,rbw18409,residence,for-sale,3520,zonhoven
limburg,Apartment,https://immovlan.be/en/detail/penthouse/for-sale/3740/beverst/rbw18407,rbw18407,penthouse,for-sale,3740,beverst
limburg,Apartment,https://immovlan.be/en/detail/ground-floor/for-sale/3740/beverst/rbw18406,rbw18406,ground-floor,for-sale,3740,beverst
limburg,Apartment,https://immovlan.be/en/detail/penthouse/for-sale/3740/beverst/rbw18404,rbw18404,penthouse,for-sale,3740,beverst
limburg,Apartment,https://immovlan.be/en/detail/penthouse/for-sale/3740/beverst/rbw18403,rbw18403,penthouse,for-sale,3740,beverst
limburg,Apartment,https://immovlan.be/en/detail/penthouse/for-sale/3740/beverst/rbw18401,rbw18401,penthouse,for-sale,3740,beverst
limburg,Apartment,https://immovlan.be/en/detail/apartment/for-sale/3740/beverst/rbw18400,rbw18400,apartment,for-sale,3740,beverst
limburg,Apartment,https://immovlan.be/en/detail/apartment/for-sale/3740/beverst/rbw18399,rbw18399,apartment,for-sale,3740,beverst
limburg,Apartment,https://immovlan.be/en/detail/ground-floor/for-sale/3740/beverst/rbw18398,rbw18398,ground-floor,for-sale,3740,beverst
limburg,Apartment,https://immovlan.be/en/detail/ground-floor/for-sale/3740/beverst/rbw18397,rbw18397,ground-floor,for-sale,3740,beverst
limburg,Apartment,https://immovlan.be/en/detail/ground-floor/for-sale/3740/beverst/rbw18396,rbw18396,ground-floor,for-sale,3740,beverst
limburg,Apartment,https://immovlan.be/en/detail/ground-floor/for-sale/3740/beverst/rbw18395,rbw18395,ground-floor,for-sale,3740,beverst
limburg,Apartment,https://immovlan.be/en/detail/apartment/for-sale/3520/zonhoven/rbw18385,rbw18385,apartment,for-sale,3520,zonhoven
limburg,House,https://immovlan.be/en/detail/residence/for-sale/3590/diepenbeek/rbw18344,rbw18344,residence,for-sale,3590,diepenbeek
limburg,House,https://immovlan.be/en/detail/residence/for-sale/3970/leopoldsburg/rbw18311,rbw18311,residence,for-sale,3970,leopoldsburg
limburg,House,https://immovlan.be/en/detail/residence/for-sale/3850/nieuwerkerken/rbw18310,rbw18310,residence,for-sale,3850,nieuwerkerken
limburg,House,https://immovlan.be/en/detail/residence/for-sale/3940/hechtel/rbw18308,rbw18308,residence,for-sale,3940,hechtel
limburg,House,https://immovlan.be/en/detail/residence/for-sale/3680/neeroeteren/rbw18297,rbw18297,residence,for-sale,3680,neeroeteren
limburg,House,https://immovlan.be/en/detail/residence/for-sale/3920/lommel/rbw18114,rbw18114,residence,for-sale,3920,lommel
limburg,House,https://immovlan.be/en/detail/residence/for-sale/3920/lommel/rbw18113,rbw18113,residence,for-sale,3920,lommel
limburg,House,https://immovlan.be/en/detail/residence/for-sale/3500/hasselt/rbw18112,rbw18112,residence,for-sale,3500,hasselt
limburg,House,https://immovlan.be/en/detail/residence/for-sale/3600/genk/rbw18110,rbw18110,residence,for-sale,3600,genk
limburg,House,https://immovlan.be/en/detail/residence/for-sale/3600/genk/rbw18109,rbw18109,residence,for-sale,3600,genk
limburg,House,https://immovlan.be/en/detail/residence/for-sale/3600/genk/rbw18101,rbw18101,residence,for-sale,3600,genk
limburg,Apartment,https://immovlan.be/en/detail/apartment/for-sale/3920/lommel/rbw18065,rbw18065,apartment,for-sale,3920,lommel
limburg,House,https://immovlan.be/en/detail/residence/for-sale/3510/kermt/rbw17995,rbw17995,residence,for-sale,3510,kermt
limburg,Apartment,https://immovlan.be/en/detail/ground-floor/for-sale/3580/beringen/rbw17933,rbw17933,ground-floor,for-sale,3580,beringen
limburg,House,https://immovlan.be/en/detail/residence/for-sale/3500/hasselt/rbw17926,rbw17926,residence,for-sale,3500,hasselt
limburg,House,https://immovlan.be/en/detail/residence/for-sale/3930/hamont-achel/rbw17517,rbw17517,residence,for-sale,3930,hamont-achel
limburg,House,https://immovlan.be/en/detail/residence/for-sale/3950/bocholt/rbw17516,rbw17516,residence,for-sale,3950,bocholt
limburg,House,https://immovlan.be/en/detail/residence/for-sale/3930/hamont-achel/rbw17514,rbw17514,residence,for-sale,3930,hamont-achel
limburg,House,https://immovlan.be/en/detail/residence/for-sale/3920/lommel/rbw17513,rbw17513,residence,for-sale,3920,lommel
limburg,House,https://immovlan.be/en/detail/residence/for-sale/3900/pelt/rbw17509,rbw17509,residence,for-sale,3900,pelt
limburg,Apartment,https://immovlan.be/en/detail/apartment/for-sale/3980/tessenderlo/rbw17507,rbw17507,apartment,for-sale,3980,tessenderlo
limburg,House,https://immovlan.be/en/detail/residence/for-sale/3940/hechtel/rbw17505,rbw17505,residence,for-sale,3940,hechtel
limburg,House,https://immovlan.be/en/detail/residence/for-sale/3910/neerpelt/rbw17504,rbw17504,residence,for-sale,3910,neerpelt
limburg,House,https://immovlan.be/en/detail/residence/for-sale/3930/hamont-achel/rbw17502,rbw17502,residence,for-sale,3930,hamont-achel
limburg,House,https://immovlan.be/en/detail/residence/for-sale/3990/wijchmaal/rbw17501,rbw17501,residence,for-sale,3990,wijchmaal
limburg,House,https://immovlan.be/en/detail/residence/for-sale/3920/lommel/rbw17498,rbw17498,residence,for-sale,3920,lommel
limburg,House,https://immovlan.be/en/detail/villa/for-sale/3920/lommel/rbw17496,rbw17496,villa,for-sale,3920,lommel
limburg,House,https://immovlan.be/en/detail/residence/for-sale/3920/lommel/rbw17495,rbw17495,residence,for-sale,3920,lommel
limburg,House,https://immovlan.be/en/detail/residence/for-sale/3900/pelt/rbw17493,rbw17493,residence,for-sale,3900,pelt
limburg,House,https://immovlan.be/en/detail/residence/for-sale/3900/pelt/rbw17492,rbw17492,residence,for-sale,3900,pelt
limburg,House,https://immovlan.be/en/detail/residence/for-sale/3930/hamont-achel/rbw17489,rbw17489,residence,for-sale,3930,hamont-achel
limburg,House,https://immovlan.be/en/detail/residence/for-sale/3830/wellen/rbw17484,rbw17484,residence,for-sale,3830,wellen
limburg,Apartment,https://immovlan.be/en/detail/apartment/for-sale/3500/hasselt/rbw17479,rbw17479,apartment,for-sale,3500,hasselt
limburg,House,https://immovlan.be/en/detail/residence/for-sale/3510/kermt/rbw17478,rbw17478,residence,for-sale,3510,kermt
limburg,House,https://immovlan.be/en/detail/residence/for-sale/3530/houthalen-helchteren/rbw17476,rbw17476,residence,for-sale,3530,houthalen-helchteren
limburg,House,https://immovlan.be/en/detail/residence/for-sale/3590/diepenbeek/rbw17475,rbw17475,residence,for-sale,3590,diepenbeek
limburg,House,https://immovlan.be/en/detail/residence/for-sale/3500/hasselt/rbw17474,rbw17474,residence,for-sale,3500,hasselt
limburg,House,https://immovlan.be/en/detail/residence/for-sale/3570/alken/rbw17473,rbw17473,residence,for-sale,3570,alken
limburg,House,https://immovlan.be/en/detail/residence/for-sale/3545/zelem/rbw17472,rbw17472,residence,for-sale,3545,zelem
limburg,House,https://immovlan.be/en/detail/residence/for-sale/3540/herk-de-stad/rbw17470,rbw17470,residence,for-sale,3540,herk-de-stad
limburg,House,https://immovlan.be/en/detail/residence/for-sale/3510/spalbeek/rbw17469,rbw17469,residence,for-sale,3510,spalbeek
limburg,Apartment,https://immovlan.be/en/detail/apartment/for-sale/3500/hasselt/rbw17465,rbw17465,apartment,for-sale,3500,hasselt
limburg,House,https://immovlan.be/en/detail/residence/for-sale/3500/hasselt/rbw17464,rbw17464,residence,for-sale,3500,hasselt
limburg,House,https://immovlan.be/en/detail/residence/for-sale/3500/hasselt/rbw17463,rbw17463,residence,for-sale,3500,hasselt
limburg,House,https://immovlan.be/en/detail/bungalow/for-sale/3511/kuringen/rbw17461,rbw17461,bungalow,for-sale,3511,kuringen
limburg,House,https://immovlan.be/en/detail/residence/for-sale/3500/hasselt/rbw17460,rbw17460,residence,for-sale,3500,hasselt
limburg,House,https://immovlan.be/en/detail/residence/for-sale/3520/zonhoven/rbw17458,rbw17458,residence,for-sale,3520,zonhoven
limburg,Apartment,https://immovlan.be/en/detail/apartment/for-sale/3500/hasselt/rbw17456,rbw17456,apartment,for-sale,3500,hasselt
limburg,Apartment,https://immovlan.be/en/detail/apartment/for-sale/3530/houthalen/rbw17455,rbw17455,apartment,for-sale,3530,houthalen
limburg,Apartment,https://immovlan.be/en/detail/apartment/for-sale/3550/heusden-zolder/rbw17454,rbw17454,apartment,for-sale,3550,heusden-zolder
limburg,House,https://immovlan.be/en/detail/residence/for-sale/3530/houthalen-helchteren/rbw17452,rbw17452,residence,for-sale,3530,houthalen-helchteren
limburg,House,https://immovlan.be/en/detail/residence/for-sale/3520/zonhoven/rbw17450,rbw17450,residence,for-sale,3520,zonhoven
limburg,House,https://immovlan.be/en/detail/residence/for-sale/3500/hasselt/rbw17449,rbw17449,residence,for-sale,3500,hasselt
limburg,House,https://immovlan.be/en/detail/residence/for-sale/3570/alken/rbw17448,rbw17448,residence,for-sale,3570,alken
limburg,House,https://immovlan.be/en/detail/residence/for-sale/3530/houthalen-helchteren/rbw17446,rbw17446,residence,for-sale,3530,houthalen-helchteren
limburg,Apartment,https://immovlan.be/en/detail/apartment/for-sale/3500/hasselt/rbw17444,rbw17444,apartment,for-sale,3500,hasselt
limburg,House,https://immovlan.be/en/detail/residence/for-sale/3500/hasselt/rbw17441,rbw17441,residence,for-sale,3500,hasselt
limburg,House,https://immovlan.be/en/detail/residence/for-sale/3500/hasselt/rbw17438,rbw17438,residence,for-sale,3500,hasselt
limburg,Apartment,https://immovlan.be/en/detail/apartment/for-sale/3545/halen/rbw17434,rbw17434,apartment,for-sale,3545,halen
limburg,House,https://immovlan.be/en/detail/residence/for-sale/3830/wellen/rbw17380,rbw17380,residence,for-sale,3830,wellen
limburg,House,https://immovlan.be/en/detail/residence/for-sale/3800/sint-truiden/rbw17379,rbw17379,residence,for-sale,3800,sint-truiden
limburg,House,https://immovlan.be/en/detail/residence/for-sale/3580/beringen/rbw17371,rbw17371,residence,for-sale,3580,beringen
limburg,Apartment,https://immovlan.be/en/detail/apartment/for-sale/3970/leopoldsburg/rbw17356,rbw17356,apartment,for-sale,3970,leopoldsburg
limburg,Apartment,https://immovlan.be/en/detail/apartment/for-sale/3970/leopoldsburg/rbw17355,rbw17355,apartment,for-sale,3970,leopoldsburg
limburg,Apartment,https://immovlan.be/en/detail/apartment/for-sale/3970/leopoldsburg/rbw17354,rbw17354,apartment,for-sale,3970,leopoldsburg
limburg,House,https://immovlan.be/en/detail/residence/for-sale/3980/tessenderlo/rbw17329,rbw17329,residence,for-sale,3980,tessenderlo
limburg,House,https://immovlan.be/en/detail/residence/for-sale/3980/tessenderlo/rbw17322,rbw17322,residence,for-sale,3980,tessenderlo
limburg,Apartment,https://immovlan.be/en/detail/ground-floor/for-sale/3945/ham/rbw17285,rbw17285,ground-floor,for-sale,3945,ham
limburg,House,https://immovlan.be/en/detail/residence/for-sale/3980/tessenderlo/rbw17278,rbw17278,residence,for-sale,3980,tessenderlo
limburg,Apartment,https://immovlan.be/en/detail/apartment/for-sale/3730/hoeselt/rbw17236,rbw17236,apartment,for-sale,3730,hoeselt
limburg,Apartment,https://immovlan.be/en/detail/apartment/for-sale/3730/hoeselt/rbw17235,rbw17235,apartment,for-sale,3730,hoeselt
limburg,Apartment,https://immovlan.be/en/detail/ground-floor/for-sale/3730/hoeselt/rbw17234,rbw17234,ground-floor,for-sale,3730,hoeselt
limburg,Apartment,https://immovlan.be/en/detail/ground-floor/for-sale/3730/hoeselt/rbw17233,rbw17233,ground-floor,for-sale,3730,hoeselt
limburg,Apartment,https://immovlan.be/en/detail/ground-floor/for-sale/3500/hasselt/rbw16876,rbw16876,ground-floor,for-sale,3500,hasselt
limburg,House,https://immovlan.be/en/detail/residence/for-sale/3971/heppen/rbw16875,rbw16875,residence,for-sale,3971,heppen
limburg,House,https://immovlan.be/en/detail/residence/for-sale/3940/hechtel/rbw16874,rbw16874,residence,for-sale,3940,hechtel
limburg,House,https://immovlan.be/en/detail/residence/for-sale/3590/diepenbeek/rbw16873,rbw16873,residence,for-sale,3590,diepenbeek
limburg,Apartment,https://immovlan.be/en/detail/apartment/for-sale/3800/sint-truiden/rbw16779,rbw16779,apartment,for-sale,3800,sint-truiden
limburg,House,https://immovlan.be/en/detail/residence/for-sale/3500/hasselt/rbw16762,rbw16762,residence,for-sale,3500,hasselt
limburg,House,https://immovlan.be/en/detail/residence/for-sale/3920/lommel/rbw16355,rbw16355,residence,for-sale,3920,lommel
limburg,House,https://immovlan.be/en/detail/residence/for-sale/3980/tessenderlo/rbw16282,rbw16282,residence,for-sale,3980,tessenderlo
limburg,Apartment,https://immovlan.be/en/detail/apartment/for-sale/3980/tessenderlo/rbw16275,rbw16275,apartment,for-sale,3980,tessenderlo
limburg,House,https://immovlan.be/en/detail/residence/for-sale/3650/dilsen-stokkem/rbw16270,rbw16270,residence,for-sale,3650,dilsen-stokkem
limburg,House,https://immovlan.be/en/detail/residence/for-sale/3570/alken/rbw16246,rbw16246,residence,for-sale,3570,alken
limburg,House,https://immovlan.be/en/detail/residence/for-sale/3721/vliermaalroot/rbw16229,rbw16229,residence,for-sale,3721,vliermaalroot
limburg,House,https://immovlan.be/en/detail/residence/for-sale/3630/maasmechelen/rbw16228,rbw16228,residence,for-sale,3630,maasmechelen
limburg,House,https://immovlan.be/en/detail/residence/for-sale/3970/leopoldsburg/rbw16227,rbw16227,residence,for-sale,3970,leopoldsburg
limburg,House,https://immovlan.be/en/detail/residence/for-sale/3700/berg/rbw16033,rbw16033,residence,for-sale,3700,berg
limburg,House,https://immovlan.be/en/detail/residence/for-sale/3945/ham/rbw16014,rbw16014,residence,for-sale,3945,ham
limburg,Apartment,https://immovlan.be/en/detail/apartment/for-sale/3550/heusden-zolder/rbw16008,rbw16008,apartment,for-sale,3550,heusden-zolder
limburg,House,https://immovlan.be/en/detail/residence/for-sale/3970/leopoldsburg/rbw15985,rbw15985,residence,for-sale,3970,leopoldsburg
limburg,House,https://immovlan.be/en/detail/residence/for-sale/3650/dilsen-stokkem/rbw15940,rbw15940,residence,for-sale,3650,dilsen-stokkem
limburg,House,https://immovlan.be/en/detail/residence/for-sale/3650/dilsen-stokkem/rbw15939,rbw15939,residence,for-sale,3650,dilsen-stokkem
limburg,House,https://immovlan.be/en/detail/residence/for-sale/3600/genk/rbw13329,rbw13329,residence,for-sale,3600,genk
limburg,House,https://immovlan.be/en/detail/residence/for-sale/3580/beringen/rbw13278,rbw13278,residence,for-sale,3580,beringen
limburg,House,https://immovlan.be/en/detail/residence/for-sale/3500/hasselt/rbw12744,rbw12744,residence,for-sale,3500,hasselt
limburg,House,https://immovlan.be/en/detail/residence/for-sale/3800/sint-truiden/rbw12724,rbw12724,residence,for-sale,3800,sint-truiden
limburg,House,https://immovlan.be/en/detail/residence/for-sale/3990/wijchmaal/rbw12701,rbw12701,residence,for-sale,3990,wijchmaal
limburg,Apartment,https://immovlan.be/en/detail/penthouse/for-sale/3500/hasselt/rbw12577,rbw12577,penthouse,for-sale,3500,hasselt
limburg,House,https://immovlan.be/en/detail/residence/for-sale/3990/peer/rbw12575,rbw12575,residence,for-sale,3990,peer
limburg,Apartment,https://immovlan.be/en/detail/apartment/for-sale/3960/bree/rbw12572,rbw12572,apartment,for-sale,3960,bree
limburg,Apartment,https://immovlan.be/en/detail/apartment/for-sale/3970/leopoldsburg/rbw12561,rbw12561,apartment,for-sale,3970,leopoldsburg
limburg,House,https://immovlan.be/en/detail/residence/for-sale/3770/riemst/vbe31483,vbe31483,residence,for-sale,3770,riemst
limburg,Apartment,https://immovlan.be/en/detail/apartment/for-sale/3980/tessenderlo/rbw12458,rbw12458,apartment,for-sale,3980,tessenderlo
limburg,House,https://immovlan.be/en/detail/residence/for-sale/3840/borgloon/rbw12352,rbw12352,residence,for-sale,3840,borgloon
limburg,House,https://immovlan.be/en/detail/residence/for-sale/3550/heusden-zolder/rbw12272,rbw12272,residence,for-sale,3550,heusden-zolder
limburg,House,https://immovlan.be/en/detail/residence/for-sale/3500/hasselt/rbw12271,rbw12271,residence,for-sale,3500,hasselt
limburg,House,https://immovlan.be/en/detail/residence/for-sale/3500/hasselt/rbw11759,rbw11759,residence,for-sale,3500,hasselt
limburg,Apartment,https://immovlan.be/en/detail/apartment/for-sale/3680/maaseik/rbw11590,rbw11590,apartment,for-sale,3680,maaseik
limburg,House,https://immovlan.be/en/detail/residence/for-sale/3960/bree/rbw11555,rbw11555,residence,for-sale,3960,bree
limburg,Apartment,https://immovlan.be/en/detail/apartment/for-sale/3650/dilsen-stokkem/rbw11554,rbw11554,apartment,for-sale,3650,dilsen-stokkem
limburg,Apartment,https://immovlan.be/en/detail/duplex/for-sale/3620/lanaken/rbw11526,rbw11526,duplex,for-sale,3620,lanaken
limburg,House,https://immovlan.be/en/detail/residence/for-sale/3500/hasselt/rbw11525,rbw11525,residence,for-sale,3500,hasselt
limburg,House,https://immovlan.be/en/detail/residence/for-sale/3680/opoeteren/rbw11479,rbw11479,residence,for-sale,3680,opoeteren
limburg,House,https://immovlan.be/en/detail/residence/for-sale/3582/koersel/rbw11469,rbw11469,residence,for-sale,3582,koersel
limburg,Apartment,https://immovlan.be/en/detail/apartment/for-sale/3500/hasselt/rbw10981,rbw10981,apartment,for-sale,3500,hasselt
limburg,House,https://immovlan.be/en/detail/residence/for-sale/3800/sint-truiden/rbw10980,rbw10980,residence,for-sale,3800,sint-truiden
limburg,Apartment,https://immovlan.be/en/detail/apartment/for-sale/3970/leopoldsburg/rbw10905,rbw10905,apartment,for-sale,3970,leopoldsburg
limburg,Apartment,https://immovlan.be/en/detail/duplex/for-sale/3530/houthalen-helchteren/rbw10875,rbw10875,duplex,for-sale,3530,houthalen-helchteren
limburg,House,https://immovlan.be/en/detail/residence/for-sale/3945/ham/rbw10872,rbw10872,residence,for-sale,3945,ham
limburg,Apartment,https://immovlan.be/en/detail/apartment/for-sale/3680/maaseik/rbw10866,rbw10866,apartment,for-sale,3680,maaseik
limburg,House,https://immovlan.be/en/detail/residence/for-sale/3945/ham/rbw10796,rbw10796,residence,for-sale,3945,ham
limburg,Apartment,https://immovlan.be/en/detail/loft/for-sale/3700/tongeren/rbv29586,rbv29586,loft,for-sale,3700,tongeren
limburg,House,https://immovlan.be/en/detail/residence/for-sale/3890/gingelom/rbw10649,rbw10649,residence,for-sale,3890,gingelom
limburg,House,https://immovlan.be/en/detail/residence/for-sale/3790/voeren/vbe30138,vbe30138,residence,for-sale,3790,voeren
limburg,House,https://immovlan.be/en/detail/residence/for-sale/3580/beringen/rbw10599,rbw10599,residence,for-sale,3580,beringen
limburg,Apartment,https://immovlan.be/en/detail/apartment/for-sale/3500/hasselt/rbw10598,rbw10598,apartment,for-sale,3500,hasselt
limburg,House,https://immovlan.be/en/detail/residence/for-sale/3945/ham/rbw10597,rbw10597,residence,for-sale,3945,ham
limburg,House,https://immovlan.be/en/detail/residence/for-sale/3530/houthalen-helchteren/rbw10596,rbw10596,residence,for-sale,3530,houthalen-helchteren
limburg,House,https://immovlan.be/en/detail/residence/for-sale/3800/sint-truiden/rbv67203,rbv67203,residence,for-sale,3800,sint-truiden
limburg,Apartment,https://immovlan.be/en/detail/apartment/for-sale/3720/kortessem/rbw10370,rbw10370,apartment,for-sale,3720,kortessem
limburg,Apartment,https://immovlan.be/en/detail/apartment/for-sale/3720/kortessem/rbw10369,rbw10369,apartment,for-sale,3720,kortessem
limburg,House,https://immovlan.be/en/detail/villa/for-sale/3850/binderveld/rbw10337,rbw10337,villa,for-sale,3850,binderveld
limburg,House,https://immovlan.be/en/detail/residence/for-sale/3700/berg/rbv74508,rbv74508,residence,for-sale,3700,berg
limburg,House,https://immovlan.be/en/detail/residence/for-sale/3520/zonhoven/rbw09906,rbw09906,residence,for-sale,3520,zonhoven
limburg,House,https://immovlan.be/en/detail/residence/for-sale/3890/gingelom/rbw09905,rbw09905,residence,for-sale,3890,gingelom
limburg,House,https://immovlan.be/en/detail/residence/for-sale/3550/heusden-zolder/rbw09903,rbw09903,residence,for-sale,3550,heusden-zolder
limburg,House,https://immovlan.be/en/detail/residence/for-sale/3700/berg/rbv48962,rbv48962,residence,for-sale,3700,berg
limburg,House,https://immovlan.be/en/detail/residence/for-sale/3680/maaseik/rbv36703,rbv36703,residence,for-sale,3680,maaseik
limburg,Apartment,https://immovlan.be/en/detail/ground-floor/for-sale/3960/bree/rbw09658,rbw09658,ground-floor,for-sale,3960,bree
limburg,Apartment,https://immovlan.be/en/detail/apartment/for-sale/3950/bocholt/rbw09654,rbw09654,apartment,for-sale,3950,bocholt
limburg,Apartment,https://immovlan.be/en/detail/apartment/for-sale/3950/bocholt/rbw09653,rbw09653,apartment,for-sale,3950,bocholt
limburg,Apartment,https://immovlan.be/en/detail/apartment/for-sale/3950/bocholt/rbw09652,rbw09652,apartment,for-sale,3950,bocholt
limburg,Apartment,https://immovlan.be/en/detail/apartment/for-sale/3800/sint-truiden/rbw09138,rbw09138,apartment,for-sale,3800,sint-truiden
limburg,House,https://immovlan.be/en/detail/residence/for-sale/3700/tongeren/rbw09136,rbw09136,residence,for-sale,3700,tongeren
limburg,Apartment,https://immovlan.be/en/detail/apartment/for-sale/3800/sint-truiden/rbw09135,rbw09135,apartment,for-sale,3800,sint-truiden
limburg,Apartment,https://immovlan.be/en/detail/apartment/for-sale/3800/sint-truiden/rbw09134,rbw09134,apartment,for-sale,3800,sint-truiden
limburg,Apartment,https://immovlan.be/en/detail/apartment/for-sale/3700/berg/rbw09133,rbw09133,apartment,for-sale,3700,berg
limburg,House,https://immovlan.be/en/detail/residence/for-sale/3650/dilsen-stokkem/rbw09111,rbw09111,residence,for-sale,3650,dilsen-stokkem
limburg,House,https://immovlan.be/en/detail/residence/for-sale/3650/dilsen-stokkem/rbw09110,rbw09110,residence,for-sale,3650,dilsen-stokkem
limburg,Apartment,https://immovlan.be/en/detail/apartment/for-sale/3870/heers/vbe24701,vbe24701,apartment,for-sale,3870,heers
limburg,House,https://immovlan.be/en/detail/residence/for-sale/3900/pelt/rbu61965,rbu61965,residence,for-sale,3900,pelt
limburg,Apartment,https://immovlan.be/en/detail/apartment/for-sale/3500/hasselt/rbu61969,rbu61969,apartment,for-sale,3500,hasselt
limburg,House,https://immovlan.be/en/detail/residence/for-sale/3900/pelt/rbu61964,rbu61964,residence,for-sale,3900,pelt
limburg,Apartment,https://immovlan.be/en/detail/apartment/for-sale/3900/pelt/rbu61963,rbu61963,apartment,for-sale,3900,pelt
limburg,Apartment,https://immovlan.be/en/detail/apartment/for-sale/3900/pelt/rbu61962,rbu61962,apartment,for-sale,3900,pelt
limburg,Apartment,https://immovlan.be/en/detail/apartment/for-sale/3900/pelt/rbu61960,rbu61960,apartment,for-sale,3900,pelt
limburg,House,https://immovlan.be/en/detail/residence/for-sale/3900/pelt/rbu61957,rbu61957,residence,for-sale,3900,pelt
limburg,House,https://immovlan.be/en/detail/residence/for-sale/3900/pelt/rbu61956,rbu61956,residence,for-sale,3900,pelt
limburg,House,https://immovlan.be/en/detail/residence/for-sale/3900/pelt/rbu61955,rbu61955,residence,for-sale,3900,pelt
limburg,House,https://immovlan.be/en/detail/residence/for-sale/3900/pelt/rbu61952,rbu61952,residence,for-sale,3900,pelt
limburg,House,https://immovlan.be/en/detail/residence/for-sale/3900/pelt/rbu61951,rbu61951,residence,for-sale,3900,pelt
limburg,House,https://immovlan.be/en/detail/residence/for-sale/3900/pelt/rbu61949,rbu61949,residence,for-sale,3900,pelt
limburg,House,https://immovlan.be/en/detail/residence/for-sale/3900/pelt/rbu61948,rbu61948,residence,for-sale,3900,pelt
limburg,Apartment,https://immovlan.be/en/detail/apartment/for-sale/3900/pelt/rbu61946,rbu61946,apartment,for-sale,3900,pelt
limburg,Apartment,https://immovlan.be/en/detail/apartment/for-sale/3900/pelt/rbu61945,rbu61945,apartment,for-sale,3900,pelt
limburg,Apartment,https://immovlan.be/en/detail/apartment/for-sale/3900/pelt/rbu61944,rbu61944,apartment,for-sale,3900,pelt
limburg,Apartment,https://immovlan.be/en/detail/apartment/for-sale/3900/pelt/rbu61942,rbu61942,apartment,for-sale,3900,pelt
limburg,Apartment,https://immovlan.be/en/detail/apartment/for-sale/3900/pelt/rbu61941,rbu61941,apartment,for-sale,3900,pelt
limburg,Apartment,https://immovlan.be/en/detail/apartment/for-sale/3900/pelt/rbu61940,rbu61940,apartment,for-sale,3900,pelt
limburg,Apartment,https://immovlan.be/en/detail/apartment/for-sale/3900/pelt/rbu61939,rbu61939,apartment,for-sale,3900,pelt
limburg,Apartment,https://immovlan.be/en/detail/apartment/for-sale/3900/pelt/rbu61938,rbu61938,apartment,for-sale,3900,pelt
limburg,Apartment,https://immovlan.be/en/detail/apartment/for-sale/3945/kwaadmechelen/rbv78176,rbv78176,apartment,for-sale,3945,kwaadmechelen
limburg,Apartment,https://immovlan.be/en/detail/apartment/for-sale/3971/heppen/rbv74478,rbv74478,apartment,for-sale,3971,heppen
hainaut,House,https://immovlan.be/en/detail/residence/for-sale/6040/jumet/vbe35169,vbe35169,residence,for-sale,6040,jumet
hainaut,House,https://immovlan.be/en/detail/residence/for-sale/6183/trazegnies/vbe35167,vbe35167,residence,for-sale,6183,trazegnies
hainaut,Apartment,https://immovlan.be/en/detail/duplex/for-sale/7134/epinois/vbe35013,vbe35013,duplex,for-sale,7134,epinois
hainaut,House,https://immovlan.be/en/detail/mixed-building/for-sale/6000/charleroi/vbe34871,vbe34871,mixed-building,for-sale,6000,charleroi
hainaut,House,https://immovlan.be/en/detail/residence/for-sale/6044/roux/vbe34825,vbe34825,residence,for-sale,6044,roux
hainaut,House,https://immovlan.be/en/detail/residence/for-sale/7750/amougies/vbe34776,vbe34776,residence,for-sale,7750,amougies
hainaut,House,https://immovlan.be/en/detail/villa/for-sale/6040/jumet/vbe34647,vbe34647,villa,for-sale,6040,jumet
hainaut,House,https://immovlan.be/en/detail/residence/for-sale/6030/marchienne-au-pont/vwd17821,vwd17821,residence,for-sale,6030,marchienne-au-pont
hainaut,House,https://immovlan.be/en/detail/master-house/for-sale/7180/seneffe/vbe34353,vbe34353,master-house,for-sale,7180,seneffe
hainaut,House,https://immovlan.be/en/detail/residence/for-sale/7850/enghien/vbe34080,vbe34080,residence,for-sale,7850,enghien
hainaut,House,https://immovlan.be/en/detail/residence/for-sale/6120/nalinnes/vbe34060,vbe34060,residence,for-sale,6120,nalinnes
hainaut,House,https://immovlan.be/en/detail/residence/for-sale/7160/chapelle-lez-herlaimont/vbe33645,vbe33645,residence,for-sale,7160,chapelle-lez-herlaimont
hainaut,Apartment,https://immovlan.be/en/detail/apartment/for-sale/6000/charleroi/vbe33553,vbe33553,apartment,for-sale,6000,charleroi
hainaut,House,https://immovlan.be/en/detail/residence/for-sale/6061/montignies-sur-sambre/vbe33539,vbe33539,residence,for-sale,6061,montignies-sur-sambre
hainaut,House,https://immovlan.be/en/detail/residence/for-sale/6010/couillet/vbe33534,vbe33534,residence,for-sale,6010,couillet
hainaut,House,https://immovlan.be/en/detail/residence/for-sale/6120/ham-sur-heure/vbe33425,vbe33425,residence,for-sale,6120,ham-sur-heure
hainaut,House,https://immovlan.be/en/detail/villa/for-sale/6001/marcinelle/vbe33423,vbe33423,villa,for-sale,6001,marcinelle
hainaut,House,https://immovlan.be/en/detail/residence/for-sale/6001/marcinelle/vbe33413,vbe33413,residence,for-sale,6001,marcinelle
hainaut,House,https://immovlan.be/en/detail/residence/for-sale/6230/thimeon/vbe33393,vbe33393,residence,for-sale,6230,thimeon
hainaut,House,https://immovlan.be/en/detail/residence/for-sale/6110/montigny-le-tilleul/rbw17451,rbw17451,residence,for-sale,6110,montigny-le-tilleul
hainaut,House,https://immovlan.be/en/detail/residence/for-sale/7971/basecles/vbe33236,vbe33236,residence,for-sale,7971,basecles
hainaut,House,https://immovlan.be/en/detail/residence/for-sale/6060/gilly/vbe33105,vbe33105,residence,for-sale,6060,gilly
hainaut,House,https://immovlan.be/en/detail/residence/for-sale/7870/lens/rbw17266,rbw17266,residence,for-sale,7870,lens
hainaut,House,https://immovlan.be/en/detail/residence/for-sale/7100/haine-saint-pierre/rbw17034,rbw17034,residence,for-sale,7100,haine-saint-pierre
hainaut,House,https://immovlan.be/en/detail/residence/for-sale/7170/bellecourt/vbe32767,vbe32767,residence,for-sale,7170,bellecourt
hainaut,House,https://immovlan.be/en/detail/residence/for-sale/7160/chapelle-lez-herlaimont/vbe32550,vbe32550,residence,for-sale,7160,chapelle-lez-herlaimont
hainaut,House,https://immovlan.be/en/detail/residence/for-sale/6060/gilly/vbe32499,vbe32499,residence,for-sale,6060,gilly
hainaut,House,https://immovlan.be/en/detail/residence/for-sale/7750/mont-de-l-enclus/rbw16247,rbw16247,residence,for-sale,7750,mont-de-l-enclus
hainaut,House,https://immovlan.be/en/detail/residence/for-sale/6030/marchienne-au-pont/vbe32390,vbe32390,residence,for-sale,6030,marchienne-au-pont
hainaut,House,https://immovlan.be/en/detail/mixed-building/for-sale/6000/charleroi/vwd17752,vwd17752,mixed-building,for-sale,6000,charleroi
hainaut,House,https://immovlan.be/en/detail/residence/for-sale/6061/montignies-sur-sambre/vbe32285,vbe32285,residence,for-sale,6061,montignies-sur-sambre
hainaut,House,https://immovlan.be/en/detail/residence/for-sale/7070/le-roeulx/vbe32160,vbe32160,residence,for-sale,7070,le-roeulx
hainaut,House,https://immovlan.be/en/detail/residence/for-sale/7012/flenu/vbe32122,vbe32122,residence,for-sale,7012,flenu
hainaut,House,https://immovlan.be/en/detail/residence/for-sale/6043/ransart/vbe31974,vbe31974,residence,for-sale,6043,ransart
hainaut,House,https://immovlan.be/en/detail/villa/for-sale/6460/chimay/vbe31951,vbe31951,villa,for-sale,6460,chimay
hainaut,House,https://immovlan.be/en/detail/residence/for-sale/6280/gerpinnes/vwd17735,vwd17735,residence,for-sale,6280,gerpinnes
hainaut,House,https://immovlan.be/en/detail/residence/for-sale/6120/nalinnes/vbe31783,vbe31783,residence,for-sale,6120,nalinnes
hainaut,House,https://immovlan.be/en/detail/residence/for-sale/6042/lodelinsart/vbe31642,vbe31642,residence,for-sale,6042,lodelinsart
hainaut,House,https://immovlan.be/en/detail/residence/for-sale/7520/templeuve/vbe31639,vbe31639,residence,for-sale,7520,templeuve
hainaut,House,https://immovlan.be/en/detail/residence/for-sale/7140/morlanwelz-mariemont/vbe31496,vbe31496,residence,for-sale,7140,morlanwelz-mariemont
hainaut,House,https://immovlan.be/en/detail/residence/for-sale/6250/aiseau-presles/vbe31480,vbe31480,residence,for-sale,6250,aiseau-presles
hainaut,House,https://immovlan.be/en/detail/residence/for-sale/6120/jamioulx/vbe31441,vbe31441,residence,for-sale,6120,jamioulx
hainaut,House,https://immovlan.be/en/detail/residence/for-sale/7500/tournai/vbe31337,vbe31337,residence,for-sale,7500,tournai
hainaut,House,https://immovlan.be/en/detail/residence/for-sale/7100/la-louviere/vbe31287,vbe31287,residence,for-sale,7100,la-louviere
hainaut,Apartment,https://immovlan.be/en/detail/apartment/for-sale/7100/la-louviere/vbe31073,vbe31073,apartment,for-sale,7100,la-louviere
hainaut,House,https://immovlan.be/en/detail/residence/for-sale/6220/lambusart/vbe30872,vbe30872,residence,for-sale,6220,lambusart
hainaut,House,https://immovlan.be/en/detail/residence/for-sale/6032/mont-sur-marchienne/rbw10958,rbw10958,residence,for-sale,6032,mont-sur-marchienne
hainaut,House,https://immovlan.be/en/detail/residence/for-sale/6001/marcinelle/vbe30426,vbe30426,residence,for-sale,6001,marcinelle
hainaut,House,https://immovlan.be/en/detail/residence/for-sale/7110/strepy-bracquegnies/vbe30289,vbe30289,residence,for-sale,7110,strepy-bracquegnies
hainaut,House,https://immovlan.be/en/detail/residence/for-sale/6040/jumet/vbe30191,vbe30191,residence,for-sale,6040,jumet
hainaut,House,https://immovlan.be/en/detail/mixed-building/for-sale/6182/souvret/vbe30164,vbe30164,mixed-building,for-sale,6182,souvret
hainaut,House,https://immovlan.be/en/detail/cottage/for-sale/7850/enghien/vbe30128,vbe30128,cottage,for-sale,7850,enghien
hainaut,House,https://immovlan.be/en/detail/villa/for-sale/6040/jumet/vbe11119,vbe11119,villa,for-sale,6040,jumet
hainaut,House,https://immovlan.be/en/detail/villa/for-sale/6536/thuillies/vwd16872,vwd16872,villa,for-sale,6536,thuillies
hainaut,House,https://immovlan.be/en/detail/residence/for-sale/7070/ville-sur-haine/vbe29188,vbe29188,residence,for-sale,7070,ville-sur-haine
hainaut,House,https://immovlan.be/en/detail/residence/for-sale/6183/trazegnies/vbe29187,vbe29187,residence,for-sale,6183,trazegnies
hainaut,House,https://immovlan.be/en/detail/residence/for-sale/6043/ransart/vbe29183,vbe29183,residence,for-sale,6043,ransart
hainaut,House,https://immovlan.be/en/detail/villa/for-sale/6224/wanfercee-baulet/vbe29037,vbe29037,villa,for-sale,6224,wanfercee-baulet
hainaut,Apartment,https://immovlan.be/en/detail/apartment/for-sale/6041/gosselies/vbd97224,vbd97224,apartment,for-sale,6041,gosselies
hainaut,Apartment,https://immovlan.be/en/detail/apartment/for-sale/7100/la-louviere/vbe03579,vbe03579,apartment,for-sale,7100,la-louviere
hainaut,Apartment,https://immovlan.be/en/detail/apartment/for-sale/6041/gosselies/vbe35477,vbe35477,apartment,for-sale,6041,gosselies
hainaut,House,https://immovlan.be/en/detail/residence/for-sale/7370/dour/vbe35453,vbe35453,residence,for-sale,7370,dour
hainaut,House,https://immovlan.be/en/detail/residence/for-sale/6220/fleurus/vbe35450,vbe35450,residence,for-sale,6220,fleurus
hainaut,House,https://immovlan.be/en/detail/residence/for-sale/7700/mouscron/vbe35449,vbe35449,residence,for-sale,7700,mouscron
hainaut,House,https://immovlan.be/en/detail/villa/for-sale/7140/morlanwelz/vbe35447,vbe35447,villa,for-sale,7140,morlanwelz
hainaut,House,https://immovlan.be/en/detail/villa/for-sale/6120/nalinnes/vwd17846,vwd17846,villa,for-sale,6120,nalinnes
hainaut,House,https://immovlan.be/en/detail/residence/for-sale/6200/chatelet/vbe35422,vbe35422,residence,for-sale,6200,chatelet
hainaut,House,https://immovlan.be/en/detail/residence/for-sale/6200/chatelet/vbe35415,vbe35415,residence,for-sale,6200,chatelet
hainaut,House,https://immovlan.be/en/detail/residence/for-sale/6461/virelles/vbe35412,vbe35412,residence,for-sale,6461,virelles
hainaut,House,https://immovlan.be/en/detail/residence/in-public-sale/6250/presles/vbe35393,vbe35393,residence,in-public-sale,6250,presles
hainaut,House,https://immovlan.be/en/detail/residence/for-sale/7971/wadelincourt/vbe35390,vbe35390,residence,for-sale,7971,wadelincourt
hainaut,House,https://immovlan.be/en/detail/residence/in-public-sale/6250/presles/vbe35378,vbe35378,residence,in-public-sale,6250,presles
hainaut,Apartment,https://immovlan.be/en/detail/apartment/for-sale/7000/mons/vbe35348,vbe35348,apartment,for-sale,7000,mons
hainaut,Apartment,https://immovlan.be/en/detail/apartment/for-sale/7700/mouscron/vbe35346,vbe35346,apartment,for-sale,7700,mouscron
hainaut,House,https://immovlan.be/en/detail/residence/for-sale/7700/luingne/vbe35345,vbe35345,residence,for-sale,7700,luingne
hainaut,House,https://immovlan.be/en/detail/residence/for-sale/7700/mouscron/vbe35343,vbe35343,residence,for-sale,7700,mouscron
hainaut,Apartment,https://immovlan.be/en/detail/apartment/for-sale/7500/tournai/vbe35342,vbe35342,apartment,for-sale,7500,tournai
hainaut,Apartment,https://immovlan.be/en/detail/apartment/for-sale/7700/mouscron/vbe35316,vbe35316,apartment,for-sale,7700,mouscron
hainaut,House,https://immovlan.be/en/detail/residence/for-sale/6220/fleurus/vbe35315,vbe35315,residence,for-sale,6220,fleurus
hainaut,House,https://immovlan.be/en/detail/residence/for-sale/6030/marchienne-au-pont/vbe35312,vbe35312,residence,for-sale,6030,marchienne-au-pont
hainaut,House,https://immovlan.be/en/detail/residence/for-sale/6060/gilly/vbe35311,vbe35311,residence,for-sale,6060,gilly
hainaut,House,https://immovlan.be/en/detail/residence/for-sale/7080/la-bouverie/vbe35310,vbe35310,residence,for-sale,7080,la-bouverie
hainaut,House,https://immovlan.be/en/detail/residence/for-sale/6540/lobbes/vbe35307,vbe35307,residence,for-sale,6540,lobbes
hainaut,House,https://immovlan.be/en/detail/residence/for-sale/6460/chimay/rwc42802,rwc42802,residence,for-sale,6460,chimay
hainaut,House,https://immovlan.be/en/detail/residence/for-sale/6120/ham-sur-heure-nalinnes/vbe35289,vbe35289,residence,for-sale,6120,ham-sur-heure-nalinnes
hainaut,House,https://immovlan.be/en/detail/residence/for-sale/6460/chimay/rwc42800,rwc42800,residence,for-sale,6460,chimay
hainaut,House,https://immovlan.be/en/detail/residence/in-public-sale/6200/chatelineau/vbe35272,vbe35272,residence,in-public-sale,6200,chatelineau
hainaut,House,https://immovlan.be/en/detail/mixed-building/for-sale/7340/colfontaine/vbe35251,vbe35251,mixed-building,for-sale,7340,colfontaine
hainaut,House,https://immovlan.be/en/detail/villa/for-sale/7340/colfontaine/vbe35250,vbe35250,villa,for-sale,7340,colfontaine
hainaut,House,https://immovlan.be/en/detail/residence/for-sale/7340/colfontaine/vbe35249,vbe35249,residence,for-sale,7340,colfontaine
hainaut,House,https://immovlan.be/en/detail/villa/in-public-sale/6200/bouffioulx/vbe35246,vbe35246,villa,in-public-sale,6200,bouffioulx
hainaut,House,https://immovlan.be/en/detail/residence/for-sale/7700/mouscron/vbe35235,vbe35235,residence,for-sale,7700,mouscron
hainaut,House,https://immovlan.be/en/detail/villa/for-sale/6230/buzet/vbe35231,vbe35231,villa,for-sale,6230,buzet
hainaut,House,https://immovlan.be/en/detail/mixed-building/for-sale/6560/erquelinnes/vbe35230,vbe35230,mixed-building,for-sale,6560,erquelinnes
hainaut,House,https://immovlan.be/en/detail/residence/for-sale/6200/chatelineau/vbe35229,vbe35229,residence,for-sale,6200,chatelineau
hainaut,House,https://immovlan.be/en/detail/mixed-building/for-sale/7170/bois-d-haine/vbe35217,vbe35217,mixed-building,for-sale,7170,bois-d-haine
hainaut,House,https://immovlan.be/en/detail/residence/for-sale/6470/rance/vbe35211,vbe35211,residence,for-sale,6470,rance
hainaut,House,https://immovlan.be/en/detail/residence/for-sale/6044/roux/vwd17843,vwd17843,residence,for-sale,6044,roux
hainaut,House,https://immovlan.be/en/detail/residence/for-sale/6043/ransart/vbe35187,vbe35187,residence,for-sale,6043,ransart
hainaut,House,https://immovlan.be/en/detail/residence/for-sale/6183/trazegnies/vbe35186,vbe35186,residence,for-sale,6183,trazegnies
hainaut,House,https://immovlan.be/en/detail/residence/for-sale/7750/amougies/vbe35184,vbe35184,residence,for-sale,7750,amougies
hainaut,Apartment,https://immovlan.be/en/detail/apartment/for-sale/7500/tournai/vbe35183,vbe35183,apartment,for-sale,7500,tournai
hainaut,House,https://immovlan.be/en/detail/villa/for-sale/6220/fleurus/vwd17840,vwd17840,villa,for-sale,6220,fleurus
hainaut,House,https://immovlan.be/en/detail/residence/for-sale/6030/marchienne-au-pont/vbe35165,vbe35165,residence,for-sale,6030,marchienne-au-pont
hainaut,House,https://immovlan.be/en/detail/residence/for-sale/7160/pieton/vbe35164,vbe35164,residence,for-sale,7160,pieton
hainaut,House,https://immovlan.be/en/detail/residence/for-sale/6220/fleurus/vbe35163,vbe35163,residence,for-sale,6220,fleurus
hainaut,House,https://immovlan.be/en/detail/residence/for-sale/6440/fourbechies/vbe35162,vbe35162,residence,for-sale,6440,fourbechies
hainaut,House,https://immovlan.be/en/detail/residence/for-sale/6001/marcinelle/vbe35160,vbe35160,residence,for-sale,6001,marcinelle
hainaut,House,https://immovlan.be/en/detail/residence/for-sale/7370/wiheries/vbe35139,vbe35139,residence,for-sale,7370,wiheries
hainaut,House,https://immovlan.be/en/detail/residence/for-sale/7712/herseaux/vbe35061,vbe35061,residence,for-sale,7712,herseaux
hainaut,House,https://immovlan.be/en/detail/villa/for-sale/7012/jemappes/vbe35059,vbe35059,villa,for-sale,7012,jemappes
hainaut,House,https://immovlan.be/en/detail/residence/for-sale/7600/peruwelz/vbe35056,vbe35056,residence,for-sale,7600,peruwelz
hainaut,Apartment,https://immovlan.be/en/detail/apartment/for-sale/7100/la-louviere/rbw20343,rbw20343,apartment,for-sale,7100,la-louviere
hainaut,House,https://immovlan.be/en/detail/residence/for-sale/7830/graty/vbe35048,vbe35048,residence,for-sale,7830,graty
hainaut,House,https://immovlan.be/en/detail/cottage/for-sale/7911/montroeul-au-bois/rbw20339,rbw20339,cottage,for-sale,7911,montroeul-au-bois
hainaut,House,https://immovlan.be/en/detail/residence/for-sale/7542/mont-saint-aubert/vbe34992,vbe34992,residence,for-sale,7542,mont-saint-aubert
hainaut,House,https://immovlan.be/en/detail/residence/for-sale/7340/paturages/vbe34933,vbe34933,residence,for-sale,7340,paturages
hainaut,House,https://immovlan.be/en/detail/residence/for-sale/7500/tournai/vbe34930,vbe34930,residence,for-sale,7500,tournai
hainaut,House,https://immovlan.be/en/detail/residence/for-sale/6530/thuin/vbe34923,vbe34923,residence,for-sale,6530,thuin
hainaut,House,https://immovlan.be/en/detail/residence/for-sale/7340/paturages/vbe34922,vbe34922,residence,for-sale,7340,paturages
hainaut,Apartment,https://immovlan.be/en/detail/apartment/for-sale/7300/boussu/vbe34921,vbe34921,apartment,for-sale,7300,boussu
hainaut,House,https://immovlan.be/en/detail/residence/for-sale/7972/ellignies-sainte-anne/vbe34909,vbe34909,residence,for-sale,7972,ellignies-sainte-anne
hainaut,House,https://immovlan.be/en/detail/residence/for-sale/7972/aubechies/vbe34908,vbe34908,residence,for-sale,7972,aubechies
hainaut,House,https://immovlan.be/en/detail/residence/for-sale/7730/estaimpuis/rbw19750,rbw19750,residence,for-sale,7730,estaimpuis
hainaut,House,https://immovlan.be/en/detail/residence/for-sale/7140/morlanwelz/vbe34877,vbe34877,residence,for-sale,7140,morlanwelz
hainaut,House,https://immovlan.be/en/detail/residence/for-sale/6240/pironchamps/vbe34875,vbe34875,residence,for-sale,6240,pironchamps
hainaut,House,https://immovlan.be/en/detail/residence/for-sale/6030/marchienne-au-pont/vbe34824,vbe34824,residence,for-sale,6030,marchienne-au-pont
hainaut,House,https://immovlan.be/en/detail/villa/for-sale/6200/bouffioulx/vbe34804,vbe34804,villa,for-sale,6200,bouffioulx
hainaut,House,https://immovlan.be/en/detail/villa/for-sale/6120/nalinnes/vbe34799,vbe34799,villa,for-sale,6120,nalinnes
hainaut,House,https://immovlan.be/en/detail/residence/for-sale/7390/quaregnon/vbe34788,vbe34788,residence,for-sale,7390,quaregnon
hainaut,House,https://immovlan.be/en/detail/residence/for-sale/7500/tournai/vbe34759,vbe34759,residence,for-sale,7500,tournai
hainaut,House,https://immovlan.be/en/detail/residence/for-sale/7500/tournai/vbe34758,vbe34758,residence,for-sale,7500,tournai
hainaut,House,https://immovlan.be/en/detail/residence/for-sale/7141/carnieres/vbe34748,vbe34748,residence,for-sale,7141,carnieres
hainaut,House,https://immovlan.be/en/detail/residence/for-sale/7390/quaregnon/vbe34746,vbe34746,residence,for-sale,7390,quaregnon
hainaut,House,https://immovlan.be/en/detail/residence/for-sale/7090/hennuyeres/vbe34716,vbe34716,residence,for-sale,7090,hennuyeres
hainaut,House,https://immovlan.be/en/detail/residence/for-sale/7141/carnieres/vbe34711,vbe34711,residence,for-sale,7141,carnieres
hainaut,House,https://immovlan.be/en/detail/residence/for-sale/7160/chapelle-lez-herlaimont/vbe34709,vbe34709,residence,for-sale,7160,chapelle-lez-herlaimont
hainaut,House,https://immovlan.be/en/detail/residence/for-sale/7700/mouscron/vbe34681,vbe34681,residence,for-sale,7700,mouscron
hainaut,House,https://immovlan.be/en/detail/residence/for-sale/7521/chercq/vbe34678,vbe34678,residence,for-sale,7521,chercq
hainaut,House,https://immovlan.be/en/detail/residence/for-sale/7700/mouscron/vbe34673,vbe34673,residence,for-sale,7700,mouscron
hainaut,House,https://immovlan.be/en/detail/residence/for-sale/7540/kain/vbe34671,vbe34671,residence,for-sale,7540,kain
hainaut,House,https://immovlan.be/en/detail/residence/for-sale/7500/tournai/vbe34668,vbe34668,residence,for-sale,7500,tournai
hainaut,House,https://immovlan.be/en/detail/residence/for-sale/7011/ghlin/vbe34642,vbe34642,residence,for-sale,7011,ghlin
hainaut,House,https://immovlan.be/en/detail/residence/for-sale/7130/binche/vbe34624,vbe34624,residence,for-sale,7130,binche
hainaut,House,https://immovlan.be/en/detail/residence/for-sale/7730/estaimpuis/vbe34621,vbe34621,residence,for-sale,7730,estaimpuis
hainaut,Apartment,https://immovlan.be/en/detail/apartment/for-sale/7500/tournai/vbe34579,vbe34579,apartment,for-sale,7500,tournai
hainaut,House,https://immovlan.be/en/detail/residence/for-sale/7063/neufvilles/vbe34543,vbe34543,residence,for-sale,7063,neufvilles
hainaut,House,https://immovlan.be/en/detail/residence/for-sale/7900/leuze-en-hainaut/vbe34542,vbe34542,residence,for-sale,7900,leuze-en-hainaut
hainaut,House,https://immovlan.be/en/detail/residence/for-sale/7080/eugies/vbe34541,vbe34541,residence,for-sale,7080,eugies
hainaut,House,https://immovlan.be/en/detail/residence/for-sale/7040/aulnois/vbe34534,vbe34534,residence,for-sale,7040,aulnois
hainaut,Apartment,https://immovlan.be/en/detail/apartment/for-sale/7000/mons/vbe34532,vbe34532,apartment,for-sale,7000,mons
hainaut,House,https://immovlan.be/en/detail/mixed-building/for-sale/6061/montignies-sur-sambre/vbe34530,vbe34530,mixed-building,for-sale,6061,montignies-sur-sambre
hainaut,House,https://immovlan.be/en/detail/residence/for-sale/6040/jumet/vbe34529,vbe34529,residence,for-sale,6040,jumet
hainaut,House,https://immovlan.be/en/detail/residence/for-sale/7340/colfontaine/vbe34524,vbe34524,residence,for-sale,7340,colfontaine
hainaut,House,https://immovlan.be/en/detail/villa/for-sale/6560/erquelinnes/vbe34523,vbe34523,villa,for-sale,6560,erquelinnes
hainaut,Apartment,https://immovlan.be/en/detail/apartment/in-public-sale/6000/charleroi/vbe34513,vbe34513,apartment,in-public-sale,6000,charleroi
hainaut,House,https://immovlan.be/en/detail/residence/for-sale/7110/maurage/vbe34512,vbe34512,residence,for-sale,7110,maurage
hainaut,House,https://immovlan.be/en/detail/villa/for-sale/7080/sars-la-bruyere/vbe34509,vbe34509,villa,for-sale,7080,sars-la-bruyere
hainaut,House,https://immovlan.be/en/detail/residence/for-sale/7500/tournai/vbe34507,vbe34507,residence,for-sale,7500,tournai
hainaut,House,https://immovlan.be/en/detail/residence/for-sale/7110/houdeng-goegnies/vbe34485,vbe34485,residence,for-sale,7110,houdeng-goegnies
hainaut,Apartment,https://immovlan.be/en/detail/apartment/for-sale/7110/houdeng-aimeries/vbe34484,vbe34484,apartment,for-sale,7110,houdeng-aimeries
hainaut,House,https://immovlan.be/en/detail/residence/for-sale/7100/haine-saint-pierre/vbe34483,vbe34483,residence,for-sale,7100,haine-saint-pierre
hainaut,House,https://immovlan.be/en/detail/mixed-building/for-sale/7100/la-louviere/vbe34482,vbe34482,mixed-building,for-sale,7100,la-louviere
hainaut,House,https://immovlan.be/en/detail/residence/for-sale/7520/templeuve/vbe34464,vbe34464,residence,for-sale,7520,templeuve
hainaut,House,https://immovlan.be/en/detail/residence/for-sale/6110/montigny-le-tilleul/vbe34418,vbe34418,residence,for-sale,6110,montigny-le-tilleul
hainaut,House,https://immovlan.be/en/detail/residence/for-sale/6567/merbes-le-chateau/vbe34414,vbe34414,residence,for-sale,6567,merbes-le-chateau
hainaut,House,https://immovlan.be/en/detail/residence/for-sale/7700/mouscron/vbe34402,vbe34402,residence,for-sale,7700,mouscron
hainaut,House,https://immovlan.be/en/detail/residence/for-sale/7711/dottignies/vbe34397,vbe34397,residence,for-sale,7711,dottignies
hainaut,Apartment,https://immovlan.be/en/detail/apartment/for-sale/7500/tournai/vbe34395,vbe34395,apartment,for-sale,7500,tournai
hainaut,House,https://immovlan.be/en/detail/residence/for-sale/7321/blaton/rbw19235,rbw19235,residence,for-sale,7321,blaton
hainaut,House,https://immovlan.be/en/detail/residence/for-sale/7600/peruwelz/vbe34356,vbe34356,residence,for-sale,7600,peruwelz
hainaut,Apartment,https://immovlan.be/en/detail/loft/for-sale/7903/blicquy/vbe34355,vbe34355,loft,for-sale,7903,blicquy
hainaut,Apartment,https://immovlan.be/en/detail/apartment/for-sale/7300/boussu/vbe34334,vbe34334,apartment,for-sale,7300,boussu
hainaut,Apartment,https://immovlan.be/en/detail/apartment/for-sale/7300/boussu/vbe34333,vbe34333,apartment,for-sale,7300,boussu
hainaut,House,https://immovlan.be/en/detail/residence/for-sale/7340/paturages/vwd17814,vwd17814,residence,for-sale,7340,paturages
hainaut,Apartment,https://immovlan.be/en/detail/duplex/for-sale/7100/la-louviere/vbe34292,vbe34292,duplex,for-sale,7100,la-louviere
hainaut,Apartment,https://immovlan.be/en/detail/apartment/for-sale/7100/la-louviere/vbe34291,vbe34291,apartment,for-sale,7100,la-louviere
hainaut,House,https://immovlan.be/en/detail/mixed-building/for-sale/7340/paturages/vwd17812,vwd17812,mixed-building,for-sale,7340,paturages
hainaut,House,https://immovlan.be/en/detail/residence/for-sale/7080/eugies/vbe34265,vbe34265,residence,for-sale,7080,eugies
hainaut,House,https://immovlan.be/en/detail/residence/for-sale/6001/marcinelle/vbe34257,vbe34257,residence,for-sale,6001,marcinelle
hainaut,House,https://immovlan.be/en/detail/residence/for-sale/7370/dour/vbe34256,vbe34256,residence,for-sale,7370,dour
hainaut,House,https://immovlan.be/en/detail/residence/for-sale/7700/mouscron/vbe34253,vbe34253,residence,for-sale,7700,mouscron
hainaut,Apartment,https://immovlan.be/en/detail/apartment/for-sale/6060/gilly/vbe34247,vbe34247,apartment,for-sale,6060,gilly
hainaut,House,https://immovlan.be/en/detail/cottage/for-sale/7910/anvaing/vbe34239,vbe34239,cottage,for-sale,7910,anvaing
hainaut,House,https://immovlan.be/en/detail/residence/for-sale/7712/herseaux/rbw19102,rbw19102,residence,for-sale,7712,herseaux
hainaut,House,https://immovlan.be/en/detail/residence/for-sale/6001/marcinelle/vbe34206,vbe34206,residence,for-sale,6001,marcinelle
hainaut,Apartment,https://immovlan.be/en/detail/ground-floor/for-sale/7603/bon-secours/vbe34205,vbe34205,ground-floor,for-sale,7603,bon-secours
hainaut,Apartment,https://immovlan.be/en/detail/apartment/for-sale/6001/marcinelle/vbe34203,vbe34203,apartment,for-sale,6001,marcinelle
hainaut,Apartment,https://immovlan.be/en/detail/apartment/for-sale/6000/charleroi/vbe34201,vbe34201,apartment,for-sale,6000,charleroi
hainaut,House,https://immovlan.be/en/detail/residence/for-sale/6032/mont-sur-marchienne/vbe34200,vbe34200,residence,for-sale,6032,mont-sur-marchienne
hainaut,House,https://immovlan.be/en/detail/residence/for-sale/6120/ham-sur-heure/vbe34199,vbe34199,residence,for-sale,6120,ham-sur-heure
hainaut,House,https://immovlan.be/en/detail/residence/for-sale/6224/wanfercee-baulet/vbe34198,vbe34198,residence,for-sale,6224,wanfercee-baulet
hainaut,House,https://immovlan.be/en/detail/residence/for-sale/7063/neufvilles/vbe34196,vbe34196,residence,for-sale,7063,neufvilles
hainaut,House,https://immovlan.be/en/detail/residence/for-sale/7190/ecaussinnes-d-enghien/vbe34104,vbe34104,residence,for-sale,7190,ecaussinnes-d-enghien
hainaut,House,https://immovlan.be/en/detail/residence/for-sale/7350/hainin/vbe34102,vbe34102,residence,for-sale,7350,hainin
hainaut,House,https://immovlan.be/en/detail/residence/for-sale/7021/havre/vbe34099,vbe34099,residence,for-sale,7021,havre
hainaut,House,https://immovlan.be/en/detail/villa/for-sale/7500/tournai/vbe34098,vbe34098,villa,for-sale,7500,tournai
hainaut,House,https://immovlan.be/en/detail/residence/for-sale/7641/bruyelle/vbe34096,vbe34096,residence,for-sale,7641,bruyelle
hainaut,Apartment,https://immovlan.be/en/detail/apartment/for-sale/7712/herseaux/vbe34086,vbe34086,apartment,for-sale,7712,herseaux
hainaut,House,https://immovlan.be/en/detail/residence/for-sale/6534/gozee/vbe34078,vbe34078,residence,for-sale,6534,gozee
hainaut,House,https://immovlan.be/en/detail/residence/for-sale/6534/gozee/vbe34077,vbe34077,residence,for-sale,6534,gozee
hainaut,House,https://immovlan.be/en/detail/master-house/for-sale/7890/ellezelles/vbe34076,vbe34076,master-house,for-sale,7890,ellezelles
hainaut,House,https://immovlan.be/en/detail/residence/for-sale/7040/genly/vbe34071,vbe34071,residence,for-sale,7040,genly
hainaut,House,https://immovlan.be/en/detail/residence/for-sale/6030/marchienne-au-pont/vbe34070,vbe34070,residence,for-sale,6030,marchienne-au-pont
hainaut,House,https://immovlan.be/en/detail/residence/for-sale/7390/quaregnon/vbe34069,vbe34069,residence,for-sale,7390,quaregnon
hainaut,House,https://immovlan.be/en/detail/residence/for-sale/7370/dour/vbe34068,vbe34068,residence,for-sale,7370,dour
hainaut,House,https://immovlan.be/en/detail/residence/for-sale/7340/wasmes/vbe34067,vbe34067,residence,for-sale,7340,wasmes
hainaut,House,https://immovlan.be/en/detail/residence/for-sale/7370/dour/vbe34043,vbe34043,residence,for-sale,7370,dour
hainaut,Apartment,https://immovlan.be/en/detail/apartment/for-sale/7170/manage/vbe34032,vbe34032,apartment,for-sale,7170,manage
hainaut,House,https://immovlan.be/en/detail/residence/for-sale/7866/bois-de-lessines/vbe34031,vbe34031,residence,for-sale,7866,bois-de-lessines
hainaut,House,https://immovlan.be/en/detail/villa/for-sale/7972/quevaucamps/vbe34029,vbe34029,villa,for-sale,7972,quevaucamps
hainaut,House,https://immovlan.be/en/detail/residence/for-sale/6200/chatelineau/vbe34012,vbe34012,residence,for-sale,6200,chatelineau
hainaut,Apartment,https://immovlan.be/en/detail/ground-floor/for-sale/6250/presles/vbe34001,vbe34001,ground-floor,for-sale,6250,presles
hainaut,House,https://immovlan.be/en/detail/residence/for-sale/6060/gilly/vwd17792,vwd17792,residence,for-sale,6060,gilly
hainaut,House,https://immovlan.be/en/detail/residence/for-sale/7380/baisieux/vbe33980,vbe33980,residence,for-sale,7380,baisieux
hainaut,House,https://immovlan.be/en/detail/residence/for-sale/7380/baisieux/vbe33979,vbe33979,residence,for-sale,7380,baisieux
hainaut,House,https://immovlan.be/en/detail/residence/for-sale/6041/gosselies/vbe33978,vbe33978,residence,for-sale,6041,gosselies
hainaut,House,https://immovlan.be/en/detail/residence/for-sale/6030/marchienne-au-pont/vbe33977,vbe33977,residence,for-sale,6030,marchienne-au-pont
hainaut,House,https://immovlan.be/en/detail/residence/for-sale/7370/dour/vbe33971,vbe33971,residence,for-sale,7370,dour
hainaut,House,https://immovlan.be/en/detail/residence/for-sale/7543/mourcourt/rbw19040,rbw19040,residence,for-sale,7543,mourcourt
hainaut,House,https://immovlan.be/en/detail/residence/for-sale/7950/huissignies/vbe33957,vbe33957,residence,for-sale,7950,huissignies
hainaut,Apartment,https://immovlan.be/en/detail/apartment/for-sale/7333/tertre/vbe33938,vbe33938,apartment,for-sale,7333,tertre
hainaut,House,https://immovlan.be/en/detail/residence/for-sale/7340/colfontaine/vbe33932,vbe33932,residence,for-sale,7340,colfontaine
hainaut,House,https://immovlan.be/en/detail/residence/for-sale/6567/merbes-le-chateau/vbe33918,vbe33918,residence,for-sale,6567,merbes-le-chateau
hainaut,House,https://immovlan.be/en/detail/residence/for-sale/7700/luingne/vbe33819,vbe33819,residence,for-sale,7700,luingne
hainaut,House,https://immovlan.be/en/detail/residence/for-sale/7740/pecq/vbe33818,vbe33818,residence,for-sale,7740,pecq
hainaut,House,https://immovlan.be/en/detail/residence/for-sale/7060/soignies/vbe33805,vbe33805,residence,for-sale,7060,soignies
hainaut,House,https://immovlan.be/en/detail/residence/for-sale/7390/wasmuel/vbe33804,vbe33804,residence,for-sale,7390,wasmuel
hainaut,House,https://immovlan.be/en/detail/residence/for-sale/7500/tournai/vbe33803,vbe33803,residence,for-sale,7500,tournai
hainaut,House,https://immovlan.be/en/detail/residence/for-sale/7603/bon-secours/vbe33802,vbe33802,residence,for-sale,7603,bon-secours
hainaut,House,https://immovlan.be/en/detail/residence/for-sale/7608/wiers/vbe33801,vbe33801,residence,for-sale,7608,wiers
hainaut,Apartment,https://immovlan.be/en/detail/apartment/for-sale/7800/ath/vbe33772,vbe33772,apartment,for-sale,7800,ath
hainaut,Apartment,https://immovlan.be/en/detail/apartment/for-sale/7800/ath/vbe33771,vbe33771,apartment,for-sale,7800,ath
hainaut,House,https://immovlan.be/en/detail/residence/for-sale/7643/fontenoy/vbe33768,vbe33768,residence,for-sale,7643,fontenoy
hainaut,House,https://immovlan.be/en/detail/residence/for-sale/7500/tournai/vbe33725,vbe33725,residence,for-sale,7500,tournai
hainaut,House,https://immovlan.be/en/detail/residence/for-sale/7970/beloeil/vbe33700,vbe33700,residence,for-sale,7970,beloeil
hainaut,House,https://immovlan.be/en/detail/residence/for-sale/7090/braine-le-comte/vbe33695,vbe33695,residence,for-sale,7090,braine-le-comte
hainaut,House,https://immovlan.be/en/detail/villa/for-sale/7850/enghien/vbe33685,vbe33685,villa,for-sale,7850,enghien
hainaut,House,https://immovlan.be/en/detail/residence/for-sale/7700/mouscron/vbe33664,vbe33664,residence,for-sale,7700,mouscron
hainaut,House,https://immovlan.be/en/detail/residence/for-sale/7300/boussu/vbe33663,vbe33663,residence,for-sale,7300,boussu
hainaut,Apartment,https://immovlan.be/en/detail/duplex/for-sale/7500/tournai/vbe33657,vbe33657,duplex,for-sale,7500,tournai
hainaut,Apartment,https://immovlan.be/en/detail/duplex/for-sale/7712/herseaux/vbe33655,vbe33655,duplex,for-sale,7712,herseaux
hainaut,Apartment,https://immovlan.be/en/detail/penthouse/for-sale/7711/dottignies/vbe33654,vbe33654,penthouse,for-sale,7711,dottignies
hainaut,House,https://immovlan.be/en/detail/residence/for-sale/7700/mouscron/vbe33652,vbe33652,residence,for-sale,7700,mouscron
hainaut,House,https://immovlan.be/en/detail/residence/for-sale/7740/pecq/vbe33651,vbe33651,residence,for-sale,7740,pecq
hainaut,House,https://immovlan.be/en/detail/residence/for-sale/7100/la-louviere/vbe33644,vbe33644,residence,for-sale,7100,la-louviere
hainaut,House,https://immovlan.be/en/detail/residence/for-sale/7880/flobecq/rbw18305,rbw18305,residence,for-sale,7880,flobecq
hainaut,House,https://immovlan.be/en/detail/residence/for-sale/6280/gerpinnes/vbe33624,vbe33624,residence,for-sale,6280,gerpinnes
hainaut,House,https://immovlan.be/en/detail/residence/for-sale/6060/gilly/vbe33623,vbe33623,residence,for-sale,6060,gilly
hainaut,House,https://immovlan.be/en/detail/residence/for-sale/6250/aiseau/vbe33622,vbe33622,residence,for-sale,6250,aiseau
hainaut,House,https://immovlan.be/en/detail/residence/for-sale/7322/ville-pommeroeul/vbe33610,vbe33610,residence,for-sale,7322,ville-pommeroeul
hainaut,House,https://immovlan.be/en/detail/residence/for-sale/7600/peruwelz/vbe33608,vbe33608,residence,for-sale,7600,peruwelz
hainaut,House,https://immovlan.be/en/detail/residence/for-sale/7700/mouscron/vbe33605,vbe33605,residence,for-sale,7700,mouscron
hainaut,House,https://immovlan.be/en/detail/villa/for-sale/7110/boussoit/vbe33602,vbe33602,villa,for-sale,7110,boussoit
hainaut,Apartment,https://immovlan.be/en/detail/apartment/for-sale/6061/montignies-sur-sambre/vbe33598,vbe33598,apartment,for-sale,6061,montignies-sur-sambre
hainaut,House,https://immovlan.be/en/detail/residence/for-sale/7170/fayt-lez-manage/vbe33551,vbe33551,residence,for-sale,7170,fayt-lez-manage
hainaut,House,https://immovlan.be/en/detail/residence/for-sale/7321/blaton/rbw18072,rbw18072,residence,for-sale,7321,blaton
hainaut,House,https://immovlan.be/en/detail/residence/for-sale/6001/marcinelle/vbe33520,vbe33520,residence,for-sale,6001,marcinelle
hainaut,House,https://immovlan.be/en/detail/residence/for-sale/6464/forges/vbe33519,vbe33519,residence,for-sale,6464,forges
hainaut,House,https://immovlan.be/en/detail/residence/for-sale/6464/forges/vbe33518,vbe33518,residence,for-sale,6464,forges
hainaut,House,https://immovlan.be/en/detail/residence/for-sale/6200/chatelet/vbe33515,vbe33515,residence,for-sale,6200,chatelet
hainaut,House,https://immovlan.be/en/detail/residence/for-sale/6200/chatelet/vbe33514,vbe33514,residence,for-sale,6200,chatelet
hainaut,House,https://immovlan.be/en/detail/residence/for-sale/6142/leernes/vbe33513,vbe33513,residence,for-sale,6142,leernes
hainaut,House,https://immovlan.be/en/detail/residence/for-sale/6142/leernes/vbe33512,vbe33512,residence,for-sale,6142,leernes
hainaut,House,https://immovlan.be/en/detail/residence/for-sale/7080/noirchain/vbe33505,vbe33505,residence,for-sale,7080,noirchain
hainaut,House,https://immovlan.be/en/detail/residence/for-sale/7340/paturages/vbe33502,vbe33502,residence,for-sale,7340,paturages
hainaut,House,https://immovlan.be/en/detail/residence/for-sale/7730/estaimbourg/vbe33486,vbe33486,residence,for-sale,7730,estaimbourg
hainaut,House,https://immovlan.be/en/detail/residence/for-sale/7033/cuesmes/vbe33482,vbe33482,residence,for-sale,7033,cuesmes
hainaut,House,https://immovlan.be/en/detail/residence/for-sale/7390/quaregnon/vbe33468,vbe33468,residence,for-sale,7390,quaregnon
hainaut,Apartment,https://immovlan.be/en/detail/apartment/for-sale/6000/charleroi/vbe33467,vbe33467,apartment,for-sale,6000,charleroi
hainaut,House,https://immovlan.be/en/detail/residence/for-sale/6030/marchienne-au-pont/vbe33465,vbe33465,residence,for-sale,6030,marchienne-au-pont
hainaut,House,https://immovlan.be/en/detail/residence/for-sale/7331/baudour/vbe33461,vbe33461,residence,for-sale,7331,baudour
hainaut,House,https://immovlan.be/en/detail/residence/for-sale/6000/charleroi/vbe33421,vbe33421,residence,for-sale,6000,charleroi
hainaut,Apartment,https://immovlan.be/en/detail/apartment/for-sale/6000/charleroi/vbe33420,vbe33420,apartment,for-sale,6000,charleroi
hainaut,House,https://immovlan.be/en/detail/residence/for-sale/7110/houdeng-goegnies/vbe33419,vbe33419,residence,for-sale,7110,houdeng-goegnies
hainaut,House,https://immovlan.be/en/detail/residence/for-sale/7340/colfontaine/vbe33411,vbe33411,residence,for-sale,7340,colfontaine
hainaut,House,https://immovlan.be/en/detail/residence/for-sale/7340/colfontaine/vbe33410,vbe33410,residence,for-sale,7340,colfontaine
hainaut,House,https://immovlan.be/en/detail/residence/for-sale/7503/froyennes/rbw17997,rbw17997,residence,for-sale,7503,froyennes
hainaut,Apartment,https://immovlan.be/en/detail/apartment/for-sale/6000/charleroi/vbe33383,vbe33383,apartment,for-sale,6000,charleroi
hainaut,House,https://immovlan.be/en/detail/residence/for-sale/7333/tertre/vbe33269,vbe33269,residence,for-sale,7333,tertre
hainaut,House,https://immovlan.be/en/detail/residence/for-sale/7700/mouscron/vbe33262,vbe33262,residence,for-sale,7700,mouscron
hainaut,House,https://immovlan.be/en/detail/residence/for-sale/7700/mouscron/vbe33261,vbe33261,residence,for-sale,7700,mouscron
hainaut,House,https://immovlan.be/en/detail/villa/for-sale/7760/escanaffles/vbe33260,vbe33260,villa,for-sale,7760,escanaffles
hainaut,House,https://immovlan.be/en/detail/residence/for-sale/7700/mouscron/vbe33259,vbe33259,residence,for-sale,7700,mouscron
hainaut,House,https://immovlan.be/en/detail/residence/for-sale/7700/mouscron/vbe33258,vbe33258,residence,for-sale,7700,mouscron
hainaut,House,https://immovlan.be/en/detail/residence/for-sale/7700/mouscron/vbe33256,vbe33256,residence,for-sale,7700,mouscron
hainaut,House,https://immovlan.be/en/detail/residence/for-sale/7700/mouscron/vbe33255,vbe33255,residence,for-sale,7700,mouscron
hainaut,House,https://immovlan.be/en/detail/residence/for-sale/7700/mouscron/vbe33254,vbe33254,residence,for-sale,7700,mouscron
hainaut,House,https://immovlan.be/en/detail/residence/for-sale/7700/mouscron/vbe33252,vbe33252,residence,for-sale,7700,mouscron
hainaut,House,https://immovlan.be/en/detail/residence/for-sale/7061/casteau/vbe33248,vbe33248,residence,for-sale,7061,casteau
hainaut,House,https://immovlan.be/en/detail/residence/for-sale/7712/herseaux/vbe33235,vbe33235,residence,for-sale,7712,herseaux
hainaut,House,https://immovlan.be/en/detail/residence/for-sale/7531/havinnes/vbe33233,vbe33233,residence,for-sale,7531,havinnes
hainaut,House,https://immovlan.be/en/detail/villa/for-sale/7712/herseaux/vbe33232,vbe33232,villa,for-sale,7712,herseaux
hainaut,House,https://immovlan.be/en/detail/residence/for-sale/7080/frameries/vwd17768,vwd17768,residence,for-sale,7080,frameries
hainaut,Apartment,https://immovlan.be/en/detail/duplex/for-sale/7500/tournai/vbe33109,vbe33109,duplex,for-sale,7500,tournai
hainaut,House,https://immovlan.be/en/detail/master-house/for-sale/6210/frasnes-lez-gosselies/vbe33102,vbe33102,master-house,for-sale,6210,frasnes-lez-gosselies
hainaut,House,https://immovlan.be/en/detail/mixed-building/for-sale/6032/mont-sur-marchienne/vbe33095,vbe33095,mixed-building,for-sale,6032,mont-sur-marchienne
hainaut,House,https://immovlan.be/en/detail/residence/for-sale/7600/peruwelz/vbe33094,vbe33094,residence,for-sale,7600,peruwelz
hainaut,House,https://immovlan.be/en/detail/residence/for-sale/7500/tournai/vbe33087,vbe33087,residence,for-sale,7500,tournai
hainaut,House,https://immovlan.be/en/detail/residence/for-sale/6141/forchies-la-marche/vbe33066,vbe33066,residence,for-sale,6141,forchies-la-marche
hainaut,House,https://immovlan.be/en/detail/residence/for-sale/6030/goutroux/vbe33064,vbe33064,residence,for-sale,6030,goutroux
hainaut,House,https://immovlan.be/en/detail/residence/for-sale/7190/ecaussinnes/vbe33062,vbe33062,residence,for-sale,7190,ecaussinnes
hainaut,House,https://immovlan.be/en/detail/residence/for-sale/7090/braine-le-comte/vbe33061,vbe33061,residence,for-sale,7090,braine-le-comte
hainaut,Apartment,https://immovlan.be/en/detail/apartment/for-sale/7800/ath/rbw17272,rbw17272,apartment,for-sale,7800,ath
hainaut,Apartment,https://immovlan.be/en/detail/apartment/for-sale/7800/ath/rbw17271,rbw17271,apartment,for-sale,7800,ath
hainaut,Apartment,https://immovlan.be/en/detail/apartment/for-sale/7800/ath/rbw17270,rbw17270,apartment,for-sale,7800,ath
hainaut,House,https://immovlan.be/en/detail/residence/for-sale/7870/lens/rbw17267,rbw17267,residence,for-sale,7870,lens
hainaut,Apartment,https://immovlan.be/en/detail/apartment/for-sale/7331/baudour/vbe33046,vbe33046,apartment,for-sale,7331,baudour
hainaut,House,https://immovlan.be/en/detail/residence/for-sale/7190/ecaussinnes/vbe33045,vbe33045,residence,for-sale,7190,ecaussinnes
hainaut,House,https://immovlan.be/en/detail/residence/for-sale/6200/chatelet/vbe33039,vbe33039,residence,for-sale,6200,chatelet
hainaut,House,https://immovlan.be/en/detail/residence/for-sale/7812/villers-saint-amand/vbe33032,vbe33032,residence,for-sale,7812,villers-saint-amand
hainaut,House,https://immovlan.be/en/detail/residence/for-sale/7890/ellezelles/vbe33031,vbe33031,residence,for-sale,7890,ellezelles
hainaut,House,https://immovlan.be/en/detail/residence/for-sale/7618/taintignies/vbe33029,vbe33029,residence,for-sale,7618,taintignies
hainaut,House,https://immovlan.be/en/detail/residence/for-sale/7334/hautrage/vbe33028,vbe33028,residence,for-sale,7334,hautrage
hainaut,Apartment,https://immovlan.be/en/detail/studio/for-sale/7000/mons/vbe33027,vbe33027,studio,for-sale,7000,mons
hainaut,House,https://immovlan.be/en/detail/villa/for-sale/7050/jurbise/vbe33017,vbe33017,villa,for-sale,7050,jurbise
hainaut,Apartment,https://immovlan.be/en/detail/apartment/for-sale/6000/charleroi/vbe33014,vbe33014,apartment,for-sale,6000,charleroi
hainaut,House,https://immovlan.be/en/detail/villa/for-sale/7700/mouscron/vbe32987,vbe32987,villa,for-sale,7700,mouscron
hainaut,House,https://immovlan.be/en/detail/residence/for-sale/7500/tournai/vbe32986,vbe32986,residence,for-sale,7500,tournai
hainaut,House,https://immovlan.be/en/detail/residence/for-sale/7540/rumillies/vbe32985,vbe32985,residence,for-sale,7540,rumillies
hainaut,House,https://immovlan.be/en/detail/villa/for-sale/7540/kain/vbe32983,vbe32983,villa,for-sale,7540,kain
hainaut,House,https://immovlan.be/en/detail/residence/for-sale/7700/mouscron/vbe32980,vbe32980,residence,for-sale,7700,mouscron
hainaut,House,https://immovlan.be/en/detail/residence/for-sale/7860/lessines/vbe32978,vbe32978,residence,for-sale,7860,lessines
hainaut,House,https://immovlan.be/en/detail/residence/for-sale/7700/mouscron/vbe32973,vbe32973,residence,for-sale,7700,mouscron
hainaut,Apartment,https://immovlan.be/en/detail/loft/for-sale/7500/tournai/vbe32970,vbe32970,loft,for-sale,7500,tournai
hainaut,Apartment,https://immovlan.be/en/detail/duplex/for-sale/7500/tournai/vbe32968,vbe32968,duplex,for-sale,7500,tournai
hainaut,House,https://immovlan.be/en/detail/residence/for-sale/7500/tournai/vbe32967,vbe32967,residence,for-sale,7500,tournai
hainaut,House,https://immovlan.be/en/detail/residence/for-sale/7520/templeuve/vbe32966,vbe32966,residence,for-sale,7520,templeuve
hainaut,House,https://immovlan.be/en/detail/residence/for-sale/7700/mouscron/vbe32964,vbe32964,residence,for-sale,7700,mouscron
hainaut,Apartment,https://immovlan.be/en/detail/apartment/for-sale/7500/tournai/vbe32963,vbe32963,apartment,for-sale,7500,tournai
hainaut,House,https://immovlan.be/en/detail/villa/for-sale/7620/brunehaut/vbe32958,vbe32958,villa,for-sale,7620,brunehaut
hainaut,House,https://immovlan.be/en/detail/residence/for-sale/7640/maubray/vbe32957,vbe32957,residence,for-sale,7640,maubray
hainaut,House,https://immovlan.be/en/detail/residence/for-sale/7500/tournai/vbe32956,vbe32956,residence,for-sale,7500,tournai
hainaut,House,https://immovlan.be/en/detail/residence/for-sale/7540/kain/vbe32955,vbe32955,residence,for-sale,7540,kain
hainaut,House,https://immovlan.be/en/detail/residence/for-sale/7543/mourcourt/vbe32954,vbe32954,residence,for-sale,7543,mourcourt
hainaut,House,https://immovlan.be/en/detail/residence/for-sale/7700/mouscron/vbe32951,vbe32951,residence,for-sale,7700,mouscron
hainaut,House,https://immovlan.be/en/detail/residence/for-sale/6030/marchienne-au-pont/vbe32950,vbe32950,residence,for-sale,6030,marchienne-au-pont
hainaut,Apartment,https://immovlan.be/en/detail/penthouse/for-sale/7700/mouscron/vbe32949,vbe32949,penthouse,for-sale,7700,mouscron
hainaut,Apartment,https://immovlan.be/en/detail/duplex/for-sale/7500/tournai/vbe32948,vbe32948,duplex,for-sale,7500,tournai
hainaut,House,https://immovlan.be/en/detail/residence/for-sale/7760/escanaffles/vbe32945,vbe32945,residence,for-sale,7760,escanaffles
hainaut,Apartment,https://immovlan.be/en/detail/apartment/for-sale/7500/tournai/vbe32940,vbe32940,apartment,for-sale,7500,tournai
hainaut,House,https://immovlan.be/en/detail/residence/for-sale/7500/tournai/vbe32938,vbe32938,residence,for-sale,7500,tournai
hainaut,House,https://immovlan.be/en/detail/villa/for-sale/7910/anvaing/vbe32937,vbe32937,villa,for-sale,7910,anvaing
hainaut,House,https://immovlan.be/en/detail/residence/for-sale/7503/froyennes/vbe32934,vbe32934,residence,for-sale,7503,froyennes
hainaut,House,https://immovlan.be/en/detail/residence/for-sale/7502/esplechin/vbe32931,vbe32931,residence,for-sale,7502,esplechin
hainaut,House,https://immovlan.be/en/detail/residence/for-sale/7700/mouscron/vbe32930,vbe32930,residence,for-sale,7700,mouscron
hainaut,House,https://immovlan.be/en/detail/residence/for-sale/7742/herinnes/vbe32928,vbe32928,residence,for-sale,7742,herinnes
hainaut,House,https://immovlan.be/en/detail/residence/for-sale/7500/tournai/vbe32927,vbe32927,residence,for-sale,7500,tournai
hainaut,House,https://immovlan.be/en/detail/residence/for-sale/7700/mouscron/vbe32925,vbe32925,residence,for-sale,7700,mouscron
hainaut,House,https://immovlan.be/en/detail/residence/for-sale/7700/mouscron/vbe32924,vbe32924,residence,for-sale,7700,mouscron
hainaut,House,https://immovlan.be/en/detail/residence/for-sale/7700/mouscron/vbe32923,vbe32923,residence,for-sale,7700,mouscron
hainaut,House,https://immovlan.be/en/detail/residence/for-sale/7700/mouscron/vbe32922,vbe32922,residence,for-sale,7700,mouscron
hainaut,House,https://immovlan.be/en/detail/residence/for-sale/7700/mouscron/vbe32920,vbe32920,residence,for-sale,7700,mouscron
hainaut,Apartment,https://immovlan.be/en/detail/studio/for-sale/7500/tournai/vbe32919,vbe32919,studio,for-sale,7500,tournai
hainaut,House,https://immovlan.be/en/detail/residence/for-sale/7760/pottes/vbe32917,vbe32917,residence,for-sale,7760,pottes
hainaut,House,https://immovlan.be/en/detail/villa/for-sale/7531/havinnes/vbe32910,vbe32910,villa,for-sale,7531,havinnes
hainaut,House,https://immovlan.be/en/detail/residence/for-sale/7700/mouscron/vbe32907,vbe32907,residence,for-sale,7700,mouscron
hainaut,House,https://immovlan.be/en/detail/villa/for-sale/7536/vaulx/vbe32906,vbe32906,villa,for-sale,7536,vaulx
hainaut,Apartment,https://immovlan.be/en/detail/loft/for-sale/7500/tournai/vbe32904,vbe32904,loft,for-sale,7500,tournai
hainaut,House,https://immovlan.be/en/detail/residence/for-sale/7700/mouscron/vbe32902,vbe32902,residence,for-sale,7700,mouscron
hainaut,House,https://immovlan.be/en/detail/residence/for-sale/7500/tournai/vbe32898,vbe32898,residence,for-sale,7500,tournai
hainaut,House,https://immovlan.be/en/detail/residence/for-sale/7500/tournai/vbe32894,vbe32894,residence,for-sale,7500,tournai
hainaut,House,https://immovlan.be/en/detail/villa/for-sale/7540/kain/vbe32892,vbe32892,villa,for-sale,7540,kain
hainaut,Apartment,https://immovlan.be/en/detail/penthouse/for-sale/7911/frasnes-lez-buissenal/vbe32891,vbe32891,penthouse,for-sale,7911,frasnes-lez-buissenal
hainaut,Apartment,https://immovlan.be/en/detail/duplex/for-sale/7500/tournai/vbe32890,vbe32890,duplex,for-sale,7500,tournai
hainaut,House,https://immovlan.be/en/detail/residence/for-sale/7522/blandain/vbe32885,vbe32885,residence,for-sale,7522,blandain
hainaut,House,https://immovlan.be/en/detail/residence/for-sale/7971/basecles/vbe32850,vbe32850,residence,for-sale,7971,basecles
hainaut,House,https://immovlan.be/en/detail/residence/for-sale/6230/thimeon/vbe32841,vbe32841,residence,for-sale,6230,thimeon
hainaut,House,https://immovlan.be/en/detail/residence/for-sale/7340/wasmes/vbe32822,vbe32822,residence,for-sale,7340,wasmes
hainaut,House,https://immovlan.be/en/detail/residence/for-sale/7134/leval-trahegnies/vbe32819,vbe32819,residence,for-sale,7134,leval-trahegnies
hainaut,House,https://immovlan.be/en/detail/residence/for-sale/7140/morlanwelz-mariemont/rbw17002,rbw17002,residence,for-sale,7140,morlanwelz-mariemont
hainaut,House,https://immovlan.be/en/detail/residence/for-sale/7800/ath/vbe32787,vbe32787,residence,for-sale,7800,ath
hainaut,House,https://immovlan.be/en/detail/villa/for-sale/6120/jamioulx/vbe32782,vbe32782,villa,for-sale,6120,jamioulx
hainaut,House,https://immovlan.be/en/detail/residence/for-sale/7100/la-louviere/vbe32781,vbe32781,residence,for-sale,7100,la-louviere
hainaut,House,https://immovlan.be/en/detail/residence/for-sale/6441/erpion/vbe32780,vbe32780,residence,for-sale,6441,erpion
hainaut,House,https://immovlan.be/en/detail/residence/for-sale/7160/chapelle-lez-herlaimont/vbe32779,vbe32779,residence,for-sale,7160,chapelle-lez-herlaimont
hainaut,Apartment,https://immovlan.be/en/detail/apartment/for-sale/6032/mont-sur-marchienne/vbe32776,vbe32776,apartment,for-sale,6032,mont-sur-marchienne
hainaut,House,https://immovlan.be/en/detail/residence/for-sale/7334/hautrage/vbe32775,vbe32775,residence,for-sale,7334,hautrage
hainaut,House,https://immovlan.be/en/detail/residence/for-sale/7190/ecaussinnes/vbe32774,vbe32774,residence,for-sale,7190,ecaussinnes
hainaut,House,https://immovlan.be/en/detail/residence/for-sale/7190/ecaussinnes/vbe32773,vbe32773,residence,for-sale,7190,ecaussinnes
hainaut,House,https://immovlan.be/en/detail/residence/for-sale/7100/la-louviere/vbe32765,vbe32765,residence,for-sale,7100,la-louviere
hainaut,House,https://immovlan.be/en/detail/residence/for-sale/7390/quaregnon/vbe32760,vbe32760,residence,for-sale,7390,quaregnon
hainaut,House,https://immovlan.be/en/detail/residence/for-sale/7340/colfontaine/vbe32758,vbe32758,residence,for-sale,7340,colfontaine
hainaut,House,https://immovlan.be/en/detail/residence/for-sale/6030/marchienne-au-pont/vbe32753,vbe32753,residence,for-sale,6030,marchienne-au-pont
hainaut,House,https://immovlan.be/en/detail/mixed-building/for-sale/7333/tertre/vbe32741,vbe32741,mixed-building,for-sale,7333,tertre
hainaut,House,https://immovlan.be/en/detail/residence/for-sale/6043/ransart/vbe32738,vbe32738,residence,for-sale,6043,ransart
hainaut,House,https://immovlan.be/en/detail/residence/for-sale/7700/mouscron/vbe32735,vbe32735,residence,for-sale,7700,mouscron
hainaut,House,https://immovlan.be/en/detail/residence/for-sale/7301/hornu/vbe32729,vbe32729,residence,for-sale,7301,hornu
hainaut,House,https://immovlan.be/en/detail/residence/for-sale/7700/mouscron/vbe32712,vbe32712,residence,for-sale,7700,mouscron
hainaut,House,https://immovlan.be/en/detail/villa/for-sale/7050/jurbise/vbe32697,vbe32697,villa,for-sale,7050,jurbise
hainaut,House,https://immovlan.be/en/detail/residence/for-sale/6182/souvret/vbe32614,vbe32614,residence,for-sale,6182,souvret
hainaut,House,https://immovlan.be/en/detail/villa/for-sale/7050/jurbise/vbe32608,vbe32608,villa,for-sale,7050,jurbise
hainaut,House,https://immovlan.be/en/detail/residence/for-sale/7700/mouscron/vbe32569,vbe32569,residence,for-sale,7700,mouscron
hainaut,Apartment,https://immovlan.be/en/detail/loft/for-sale/7700/mouscron/vbe32568,vbe32568,loft,for-sale,7700,mouscron
hainaut,House,https://immovlan.be/en/detail/residence/for-sale/6060/gilly/vbe32551,vbe32551,residence,for-sale,6060,gilly
hainaut,House,https://immovlan.be/en/detail/residence/for-sale/7700/mouscron/vbe32498,vbe32498,residence,for-sale,7700,mouscron
hainaut,House,https://immovlan.be/en/detail/residence/for-sale/6031/monceau-sur-sambre/vbe32495,vbe32495,residence,for-sale,6031,monceau-sur-sambre
hainaut,House,https://immovlan.be/en/detail/residence/for-sale/7700/mouscron/vbe32488,vbe32488,residence,for-sale,7700,mouscron
hainaut,House,https://immovlan.be/en/detail/residence/for-sale/7900/leuze-en-hainaut/vbe32482,vbe32482,residence,for-sale,7900,leuze-en-hainaut
hainaut,House,https://immovlan.be/en/detail/residence/for-sale/7032/spiennes/vbe32478,vbe32478,residence,for-sale,7032,spiennes
hainaut,House,https://immovlan.be/en/detail/residence/for-sale/7340/colfontaine/vbe32477,vbe32477,residence,for-sale,7340,colfontaine
hainaut,House,https://immovlan.be/en/detail/residence/for-sale/7390/quaregnon/vbe32476,vbe32476,residence,for-sale,7390,quaregnon
hainaut,House,https://immovlan.be/en/detail/mixed-building/for-sale/7012/jemappes/vbe32475,vbe32475,mixed-building,for-sale,7012,jemappes
hainaut,House,https://immovlan.be/en/detail/residence/for-sale/7301/hornu/vbe32474,vbe32474,residence,for-sale,7301,hornu
hainaut,House,https://immovlan.be/en/detail/residence/for-sale/6464/baileux/vbe32469,vbe32469,residence,for-sale,6464,baileux
hainaut,House,https://immovlan.be/en/detail/residence/for-sale/7800/ath/vbe32465,vbe32465,residence,for-sale,7800,ath
hainaut,House,https://immovlan.be/en/detail/residence/for-sale/7134/epinois/vbe32457,vbe32457,residence,for-sale,7134,epinois
hainaut,House,https://immovlan.be/en/detail/residence/for-sale/7130/binche/vbe32456,vbe32456,residence,for-sale,7130,binche
hainaut,House,https://immovlan.be/en/detail/residence/for-sale/6001/marcinelle/vbe32455,vbe32455,residence,for-sale,6001,marcinelle
hainaut,House,https://immovlan.be/en/detail/residence/for-sale/7971/basecles/vbe32428,vbe32428,residence,for-sale,7971,basecles
hainaut,House,https://immovlan.be/en/detail/residence/for-sale/6220/fleurus/vbe32405,vbe32405,residence,for-sale,6220,fleurus
hainaut,House,https://immovlan.be/en/detail/residence/for-sale/6000/charleroi/vbe32400,vbe32400,residence,for-sale,6000,charleroi
hainaut,House,https://immovlan.be/en/detail/residence/for-sale/6238/luttre/vbe32399,vbe32399,residence,for-sale,6238,luttre
hainaut,House,https://immovlan.be/en/detail/residence/for-sale/6220/fleurus/vbe32398,vbe32398,residence,for-sale,6220,fleurus
hainaut,House,https://immovlan.be/en/detail/residence/for-sale/6250/roselies/vbe32397,vbe32397,residence,for-sale,6250,roselies
hainaut,Apartment,https://immovlan.be/en/detail/apartment/for-sale/6224/wanfercee-baulet/vbe32396,vbe32396,apartment,for-sale,6224,wanfercee-baulet
hainaut,House,https://immovlan.be/en/detail/residence/for-sale/6280/gougnies/vbe32394,vbe32394,residence,for-sale,6280,gougnies
hainaut,House,https://immovlan.be/en/detail/residence/for-sale/6044/roux/vbe32393,vbe32393,residence,for-sale,6044,roux
hainaut,House,https://immovlan.be/en/detail/residence/for-sale/6110/montigny-le-tilleul/vbe32387,vbe32387,residence,for-sale,6110,montigny-le-tilleul
hainaut,House,https://immovlan.be/en/detail/residence/for-sale/7090/braine-le-comte/vbe32376,vbe32376,residence,for-sale,7090,braine-le-comte
hainaut,House,https://immovlan.be/en/detail/villa/for-sale/7850/enghien/vbe32373,vbe32373,villa,for-sale,7850,enghien
hainaut,Apartment,https://immovlan.be/en/detail/apartment/for-sale/6000/charleroi/vbe32363,vbe32363,apartment,for-sale,6000,charleroi
hainaut,House,https://immovlan.be/en/detail/residence/for-sale/6460/chimay/vbe32349,vbe32349,residence,for-sale,6460,chimay
hainaut,House,https://immovlan.be/en/detail/residence/for-sale/7700/mouscron/vbe32308,vbe32308,residence,for-sale,7700,mouscron
hainaut,House,https://immovlan.be/en/detail/residence/for-sale/7860/lessines/rbw16219,rbw16219,residence,for-sale,7860,lessines
hainaut,House,https://immovlan.be/en/detail/mixed-building/for-sale/6000/charleroi/vbe32277,vbe32277,mixed-building,for-sale,6000,charleroi
hainaut,House,https://immovlan.be/en/detail/residence/for-sale/6043/ransart/vwd17749,vwd17749,residence,for-sale,6043,ransart
hainaut,House,https://immovlan.be/en/detail/villa/for-sale/6140/fontaine-l-eveque/vbe32267,vbe32267,villa,for-sale,6140,fontaine-l-eveque
hainaut,House,https://immovlan.be/en/detail/residence/for-sale/7080/la-bouverie/vbe32256,vbe32256,residence,for-sale,7080,la-bouverie
hainaut,House,https://immovlan.be/en/detail/residence/for-sale/7370/blaugies/vbe32255,vbe32255,residence,for-sale,7370,blaugies
hainaut,Apartment,https://immovlan.be/en/detail/apartment/for-sale/7370/dour/vbe32253,vbe32253,apartment,for-sale,7370,dour
hainaut,House,https://immovlan.be/en/detail/residence/for-sale/7370/wiheries/vbe32252,vbe32252,residence,for-sale,7370,wiheries
hainaut,House,https://immovlan.be/en/detail/residence/for-sale/7370/dour/vbe32251,vbe32251,residence,for-sale,7370,dour
hainaut,House,https://immovlan.be/en/detail/residence/for-sale/7320/bernissart/vbe32250,vbe32250,residence,for-sale,7320,bernissart
hainaut,House,https://immovlan.be/en/detail/residence/for-sale/7390/quaregnon/vbe32249,vbe32249,residence,for-sale,7390,quaregnon
hainaut,House,https://immovlan.be/en/detail/residence/for-sale/7090/hennuyeres/vbe32246,vbe32246,residence,for-sale,7090,hennuyeres
hainaut,House,https://immovlan.be/en/detail/residence/for-sale/6060/gilly/vbe32204,vbe32204,residence,for-sale,6060,gilly
hainaut,House,https://immovlan.be/en/detail/residence/for-sale/6061/montignies-sur-sambre/vbe32203,vbe32203,residence,for-sale,6061,montignies-sur-sambre
hainaut,House,https://immovlan.be/en/detail/residence/for-sale/7380/quievrain/vbe32200,vbe32200,residence,for-sale,7380,quievrain
hainaut,House,https://immovlan.be/en/detail/residence/for-sale/6210/les-bons-villers/rbw16010,rbw16010,residence,for-sale,6210,les-bons-villers
hainaut,House,https://immovlan.be/en/detail/residence/for-sale/7750/russeignies/vbe32174,vbe32174,residence,for-sale,7750,russeignies
hainaut,House,https://immovlan.be/en/detail/cottage/for-sale/7910/anvaing/rbw15992,rbw15992,cottage,for-sale,7910,anvaing
hainaut,House,https://immovlan.be/en/detail/cottage/for-sale/7910/anvaing/rbw15990,rbw15990,cottage,for-sale,7910,anvaing
hainaut,House,https://immovlan.be/en/detail/residence/for-sale/7860/lessines/vbe32158,vbe32158,residence,for-sale,7860,lessines
hainaut,House,https://immovlan.be/en/detail/residence/for-sale/7860/lessines/vbe32155,vbe32155,residence,for-sale,7860,lessines
hainaut,House,https://immovlan.be/en/detail/residence/for-sale/7340/colfontaine/vbe32149,vbe32149,residence,for-sale,7340,colfontaine
hainaut,House,https://immovlan.be/en/detail/villa/for-sale/7730/estaimpuis/vbe32147,vbe32147,villa,for-sale,7730,estaimpuis
hainaut,House,https://immovlan.be/en/detail/residence/for-sale/6010/couillet/vbe32133,vbe32133,residence,for-sale,6010,couillet
hainaut,House,https://immovlan.be/en/detail/residence/for-sale/6210/les-bons-villers/vbe32131,vbe32131,residence,for-sale,6210,les-bons-villers
hainaut,Apartment,https://immovlan.be/en/detail/apartment/for-sale/7500/tournai/vbe32126,vbe32126,apartment,for-sale,7500,tournai
hainaut,House,https://immovlan.be/en/detail/residence/for-sale/7034/saint-denis/vbe32099,vbe32099,residence,for-sale,7034,saint-denis
hainaut,House,https://immovlan.be/en/detail/residence/for-sale/7012/flenu/vbe32095,vbe32095,residence,for-sale,7012,flenu
hainaut,Apartment,https://immovlan.be/en/detail/apartment/for-sale/7500/tournai/vbe32093,vbe32093,apartment,for-sale,7500,tournai
hainaut,Apartment,https://immovlan.be/en/detail/apartment/for-sale/7500/tournai/vbe32092,vbe32092,apartment,for-sale,7500,tournai
hainaut,House,https://immovlan.be/en/detail/residence/for-sale/7538/vezon/vbe32019,vbe32019,residence,for-sale,7538,vezon
hainaut,House,https://immovlan.be/en/detail/residence/for-sale/7500/tournai/vbe32018,vbe32018,residence,for-sale,7500,tournai
hainaut,House,https://immovlan.be/en/detail/residence/for-sale/6061/montignies-sur-sambre/vwd17737,vwd17737,residence,for-sale,6061,montignies-sur-sambre
hainaut,House,https://immovlan.be/en/detail/residence/for-sale/6250/aiseau-presles/vbe32010,vbe32010,residence,for-sale,6250,aiseau-presles
hainaut,Apartment,https://immovlan.be/en/detail/apartment/for-sale/6110/montigny-le-tilleul/vbe31949,vbe31949,apartment,for-sale,6110,montigny-le-tilleul
hainaut,House,https://immovlan.be/en/detail/residence/for-sale/7100/haine-saint-pierre/vbe31831,vbe31831,residence,for-sale,7100,haine-saint-pierre
hainaut,House,https://immovlan.be/en/detail/residence/for-sale/7500/tournai/vbe31816,vbe31816,residence,for-sale,7500,tournai
hainaut,Apartment,https://immovlan.be/en/detail/apartment/for-sale/7080/frameries/vbe31814,vbe31814,apartment,for-sale,7080,frameries
hainaut,House,https://immovlan.be/en/detail/mixed-building/for-sale/6110/montigny-le-tilleul/vbe31809,vbe31809,mixed-building,for-sale,6110,montigny-le-tilleul
hainaut,House,https://immovlan.be/en/detail/residence/for-sale/7970/beloeil/vbe31797,vbe31797,residence,for-sale,7970,beloeil
hainaut,House,https://immovlan.be/en/detail/residence/for-sale/7390/quaregnon/vbe31791,vbe31791,residence,for-sale,7390,quaregnon
hainaut,House,https://immovlan.be/en/detail/residence/for-sale/7100/la-louviere/rbw13327,rbw13327,residence,for-sale,7100,la-louviere
hainaut,House,https://immovlan.be/en/detail/residence/for-sale/7800/ath/vbe31788,vbe31788,residence,for-sale,7800,ath
hainaut,Apartment,https://immovlan.be/en/detail/apartment/for-sale/7500/tournai/vbe31780,vbe31780,apartment,for-sale,7500,tournai
hainaut,House,https://immovlan.be/en/detail/chalet/for-sale/6440/froidchapelle/vbe31771,vbe31771,chalet,for-sale,6440,froidchapelle
hainaut,House,https://immovlan.be/en/detail/bungalow/for-sale/6464/baileux/vbe31770,vbe31770,bungalow,for-sale,6464,baileux
hainaut,House,https://immovlan.be/en/detail/residence/for-sale/7134/epinois/vbe31698,vbe31698,residence,for-sale,7134,epinois
hainaut,House,https://immovlan.be/en/detail/residence/for-sale/6060/gilly/vbe31688,vbe31688,residence,for-sale,6060,gilly
hainaut,House,https://immovlan.be/en/detail/residence/for-sale/6060/gilly/vbe31684,vbe31684,residence,for-sale,6060,gilly
hainaut,House,https://immovlan.be/en/detail/residence/for-sale/7090/hennuyeres/vbe31671,vbe31671,residence,for-sale,7090,hennuyeres
hainaut,House,https://immovlan.be/en/detail/residence/for-sale/7390/quaregnon/vbe31669,vbe31669,residence,for-sale,7390,quaregnon
hainaut,Apartment,https://immovlan.be/en/detail/ground-floor/for-sale/7500/tournai/vbe31668,vbe31668,ground-floor,for-sale,7500,tournai
hainaut,House,https://immovlan.be/en/detail/residence/for-sale/7800/ath/vbe31665,vbe31665,residence,for-sale,7800,ath
hainaut,House,https://immovlan.be/en/detail/residence/for-sale/7012/jemappes/vbe31650,vbe31650,residence,for-sale,7012,jemappes
hainaut,Apartment,https://immovlan.be/en/detail/apartment/for-sale/7700/mouscron/vbe31638,vbe31638,apartment,for-sale,7700,mouscron
hainaut,House,https://immovlan.be/en/detail/residence/for-sale/7060/soignies/vbe31629,vbe31629,residence,for-sale,7060,soignies
hainaut,House,https://immovlan.be/en/detail/villa/for-sale/7063/neufvilles/vbe31626,vbe31626,villa,for-sale,7063,neufvilles
hainaut,House,https://immovlan.be/en/detail/villa/for-sale/7850/enghien/vbe31617,vbe31617,villa,for-sale,7850,enghien
hainaut,Apartment,https://immovlan.be/en/detail/studio/for-sale/7500/tournai/vbe31608,vbe31608,studio,for-sale,7500,tournai
hainaut,House,https://immovlan.be/en/detail/residence/for-sale/7712/herseaux/vbe31593,vbe31593,residence,for-sale,7712,herseaux
hainaut,House,https://immovlan.be/en/detail/residence/for-sale/7700/mouscron/vbe31588,vbe31588,residence,for-sale,7700,mouscron
hainaut,House,https://immovlan.be/en/detail/residence/for-sale/7141/carnieres/vbe31581,vbe31581,residence,for-sale,7141,carnieres
hainaut,Apartment,https://immovlan.be/en/detail/apartment/for-sale/7100/la-louviere/vbe31576,vbe31576,apartment,for-sale,7100,la-louviere
hainaut,House,https://immovlan.be/en/detail/residence/for-sale/6001/marcinelle/vbe31543,vbe31543,residence,for-sale,6001,marcinelle
hainaut,House,https://immovlan.be/en/detail/residence/for-sale/6180/courcelles/vbe31520,vbe31520,residence,for-sale,6180,courcelles
hainaut,House,https://immovlan.be/en/detail/master-house/for-sale/6060/gilly/vbe31512,vbe31512,master-house,for-sale,6060,gilly
hainaut,House,https://immovlan.be/en/detail/residence/for-sale/6590/momignies/vbe31510,vbe31510,residence,for-sale,6590,momignies
hainaut,House,https://immovlan.be/en/detail/residence/for-sale/7830/bassilly/vbe31508,vbe31508,residence,for-sale,7830,bassilly
hainaut,Apartment,https://immovlan.be/en/detail/apartment/for-sale/7000/mons/vbe31501,vbe31501,apartment,for-sale,7000,mons
hainaut,House,https://immovlan.be/en/detail/residence/for-sale/7020/nimy/vbe31498,vbe31498,residence,for-sale,7020,nimy
hainaut,House,https://immovlan.be/en/detail/residence/for-sale/6060/gilly/vbe31493,vbe31493,residence,for-sale,6060,gilly
hainaut,House,https://immovlan.be/en/detail/residence/for-sale/7600/peruwelz/vbe31492,vbe31492,residence,for-sale,7600,peruwelz
hainaut,House,https://immovlan.be/en/detail/residence/for-sale/7380/quievrain/vbe31491,vbe31491,residence,for-sale,7380,quievrain
hainaut,House,https://immovlan.be/en/detail/residence/for-sale/7750/mont-de-l-enclus/rbw12501,rbw12501,residence,for-sale,7750,mont-de-l-enclus
hainaut,House,https://immovlan.be/en/detail/residence/for-sale/7090/braine-le-comte/vbe31451,vbe31451,residence,for-sale,7090,braine-le-comte
hainaut,House,https://immovlan.be/en/detail/residence/for-sale/7130/binche/vbe31438,vbe31438,residence,for-sale,7130,binche
hainaut,House,https://immovlan.be/en/detail/residence/for-sale/7340/wasmes/vbe31437,vbe31437,residence,for-sale,7340,wasmes
hainaut,House,https://immovlan.be/en/detail/residence/for-sale/7370/dour/vbe31436,vbe31436,residence,for-sale,7370,dour
hainaut,House,https://immovlan.be/en/detail/residence/for-sale/7301/hornu/vbe31433,vbe31433,residence,for-sale,7301,hornu
hainaut,House,https://immovlan.be/en/detail/residence/for-sale/7740/pecq/vbe31423,vbe31423,residence,for-sale,7740,pecq
hainaut,House,https://immovlan.be/en/detail/residence/for-sale/7700/mouscron/vbe31421,vbe31421,residence,for-sale,7700,mouscron
hainaut,House,https://immovlan.be/en/detail/residence/for-sale/6200/chatelineau/vbe31405,vbe31405,residence,for-sale,6200,chatelineau
hainaut,House,https://immovlan.be/en/detail/residence/for-sale/7370/dour/vbe31399,vbe31399,residence,for-sale,7370,dour
hainaut,House,https://immovlan.be/en/detail/residence/for-sale/7911/moustier/vbe31397,vbe31397,residence,for-sale,7911,moustier
hainaut,House,https://immovlan.be/en/detail/residence/for-sale/7080/frameries/vbe31395,vbe31395,residence,for-sale,7080,frameries
hainaut,House,https://immovlan.be/en/detail/residence/for-sale/7533/thimougies/vbe31388,vbe31388,residence,for-sale,7533,thimougies
hainaut,House,https://immovlan.be/en/detail/residence/in-public-sale/7912/dergneau/vbe31380,vbe31380,residence,in-public-sale,7912,dergneau
hainaut,House,https://immovlan.be/en/detail/villa/for-sale/7712/herseaux/vbe31377,vbe31377,villa,for-sale,7712,herseaux
hainaut,House,https://immovlan.be/en/detail/residence/for-sale/7060/soignies/vbe31370,vbe31370,residence,for-sale,7060,soignies
hainaut,House,https://immovlan.be/en/detail/residence/for-sale/7382/audregnies/vbe31369,vbe31369,residence,for-sale,7382,audregnies
hainaut,Apartment,https://immovlan.be/en/detail/duplex/for-sale/6000/charleroi/vbe31338,vbe31338,duplex,for-sale,6000,charleroi
hainaut,House,https://immovlan.be/en/detail/residence/for-sale/7783/bizet/vbe31336,vbe31336,residence,for-sale,7783,bizet
hainaut,House,https://immovlan.be/en/detail/residence/for-sale/7970/beloeil/vbe31330,vbe31330,residence,for-sale,7970,beloeil
hainaut,House,https://immovlan.be/en/detail/cottage/for-sale/7760/velaines/rwc42720,rwc42720,cottage,for-sale,7760,velaines
hainaut,House,https://immovlan.be/en/detail/residence/for-sale/7540/kain/vbe31314,vbe31314,residence,for-sale,7540,kain
hainaut,House,https://immovlan.be/en/detail/residence/for-sale/7640/antoing/vbe31305,vbe31305,residence,for-sale,7640,antoing
hainaut,House,https://immovlan.be/en/detail/residence/for-sale/7620/brunehaut/vbe31304,vbe31304,residence,for-sale,7620,brunehaut
hainaut,House,https://immovlan.be/en/detail/master-house/for-sale/7387/angre/vbe31293,vbe31293,master-house,for-sale,7387,angre
hainaut,House,https://immovlan.be/en/detail/residence/for-sale/7803/bouvignies/vbe31292,vbe31292,residence,for-sale,7803,bouvignies
hainaut,House,https://immovlan.be/en/detail/residence/for-sale/7100/la-louviere/vbe31285,vbe31285,residence,for-sale,7100,la-louviere
hainaut,House,https://immovlan.be/en/detail/residence/for-sale/6460/chimay/vbe31209,vbe31209,residence,for-sale,6460,chimay
hainaut,House,https://immovlan.be/en/detail/residence/for-sale/7601/roucourt/vbe31171,vbe31171,residence,for-sale,7601,roucourt
hainaut,House,https://immovlan.be/en/detail/residence/for-sale/6441/erpion/vbe31170,vbe31170,residence,for-sale,6441,erpion
hainaut,House,https://immovlan.be/en/detail/residence/for-sale/7100/la-louviere/vbe31119,vbe31119,residence,for-sale,7100,la-louviere
hainaut,House,https://immovlan.be/en/detail/residence/for-sale/7301/hornu/vbe31118,vbe31118,residence,for-sale,7301,hornu
hainaut,House,https://immovlan.be/en/detail/residence/for-sale/7802/ormeignies/vbe31098,vbe31098,residence,for-sale,7802,ormeignies
hainaut,House,https://immovlan.be/en/detail/residence/for-sale/6030/marchienne-au-pont/vbe31074,vbe31074,residence,for-sale,6030,marchienne-au-pont
hainaut,House,https://immovlan.be/en/detail/residence/for-sale/7100/la-louviere/vbe31062,vbe31062,residence,for-sale,7100,la-louviere
hainaut,House,https://immovlan.be/en/detail/residence/for-sale/7080/frameries/vbe31042,vbe31042,residence,for-sale,7080,frameries
hainaut,House,https://immovlan.be/en/detail/villa/for-sale/7700/mouscron/vbe31039,vbe31039,villa,for-sale,7700,mouscron
hainaut,House,https://immovlan.be/en/detail/residence/for-sale/6061/montignies-sur-sambre/vbe31026,vbe31026,residence,for-sale,6061,montignies-sur-sambre
hainaut,Apartment,https://immovlan.be/en/detail/apartment/for-sale/6000/charleroi/vbe30994,vbe30994,apartment,for-sale,6000,charleroi
hainaut,House,https://immovlan.be/en/detail/residence/for-sale/6511/stree/vbe30989,vbe30989,residence,for-sale,6511,stree
hainaut,House,https://immovlan.be/en/detail/mixed-building/for-sale/6030/marchienne-au-pont/vbe30988,vbe30988,mixed-building,for-sale,6030,marchienne-au-pont
hainaut,House,https://immovlan.be/en/detail/residence/for-sale/7120/estinnes-au-mont/vbe30987,vbe30987,residence,for-sale,7120,estinnes-au-mont
hainaut,House,https://immovlan.be/en/detail/residence/for-sale/6060/gilly/vbe30985,vbe30985,residence,for-sale,6060,gilly
hainaut,House,https://immovlan.be/en/detail/residence/for-sale/6280/gerpinnes/vbe30975,vbe30975,residence,for-sale,6280,gerpinnes
hainaut,House,https://immovlan.be/en/detail/residence/for-sale/6460/chimay/rbw11701,rbw11701,residence,for-sale,6460,chimay
hainaut,House,https://immovlan.be/en/detail/residence/for-sale/7972/quevaucamps/vbe30953,vbe30953,residence,for-sale,7972,quevaucamps
hainaut,House,https://immovlan.be/en/detail/residence/for-sale/6594/beauwelz/vbe30949,vbe30949,residence,for-sale,6594,beauwelz
hainaut,House,https://immovlan.be/en/detail/residence/for-sale/7333/tertre/vbe30946,vbe30946,residence,for-sale,7333,tertre
hainaut,House,https://immovlan.be/en/detail/mixed-building/for-sale/7500/tournai/rbw11630,rbw11630,mixed-building,for-sale,7500,tournai
hainaut,House,https://immovlan.be/en/detail/residence/for-sale/7620/bleharies/rbw11629,rbw11629,residence,for-sale,7620,bleharies
hainaut,House,https://immovlan.be/en/detail/residence/for-sale/6030/marchienne-au-pont/vbe30903,vbe30903,residence,for-sale,6030,marchienne-au-pont
hainaut,House,https://immovlan.be/en/detail/residence/for-sale/7711/dottignies/vbe30899,vbe30899,residence,for-sale,7711,dottignies
hainaut,House,https://immovlan.be/en/detail/residence/for-sale/7700/mouscron/vbe30889,vbe30889,residence,for-sale,7700,mouscron
hainaut,House,https://immovlan.be/en/detail/residence/for-sale/6020/dampremy/vbe30879,vbe30879,residence,for-sale,6020,dampremy
hainaut,House,https://immovlan.be/en/detail/residence/for-sale/6000/charleroi/vbe30861,vbe30861,residence,for-sale,6000,charleroi
hainaut,House,https://immovlan.be/en/detail/residence/for-sale/7321/blaton/vbe30854,vbe30854,residence,for-sale,7321,blaton
hainaut,House,https://immovlan.be/en/detail/residence/for-sale/7011/ghlin/vbe30853,vbe30853,residence,for-sale,7011,ghlin
hainaut,House,https://immovlan.be/en/detail/residence/for-sale/7011/ghlin/vbe30851,vbe30851,residence,for-sale,7011,ghlin
hainaut,House,https://immovlan.be/en/detail/residence/for-sale/7863/ghoy/rbw11583,rbw11583,residence,for-sale,7863,ghoy
hainaut,House,https://immovlan.be/en/detail/residence/for-sale/7830/silly/vbe30825,vbe30825,residence,for-sale,7830,silly
hainaut,House,https://immovlan.be/en/detail/villa/for-sale/7640/antoing/vbe30823,vbe30823,villa,for-sale,7640,antoing
hainaut,House,https://immovlan.be/en/detail/residence/for-sale/6210/reves/vbe30809,vbe30809,residence,for-sale,6210,reves
hainaut,Apartment,https://immovlan.be/en/detail/apartment/for-sale/7110/maurage/vbe30803,vbe30803,apartment,for-sale,7110,maurage
hainaut,House,https://immovlan.be/en/detail/villa/for-sale/7180/seneffe/vbe30800,vbe30800,villa,for-sale,7180,seneffe
hainaut,House,https://immovlan.be/en/detail/residence/for-sale/7730/leers-nord/vbe30771,vbe30771,residence,for-sale,7730,leers-nord
hainaut,Apartment,https://immovlan.be/en/detail/apartment/for-sale/7500/tournai/vbe30769,vbe30769,apartment,for-sale,7500,tournai
hainaut,House,https://immovlan.be/en/detail/villa/for-sale/7181/petit-roeulx-lez-nivelle/vbe30766,vbe30766,villa,for-sale,7181,petit-roeulx-lez-nivelle
hainaut,House,https://immovlan.be/en/detail/residence/for-sale/7100/haine-saint-paul/vbe30749,vbe30749,residence,for-sale,7100,haine-saint-paul
hainaut,Apartment,https://immovlan.be/en/detail/apartment/for-sale/7500/tournai/rbw11528,rbw11528,apartment,for-sale,7500,tournai
hainaut,House,https://immovlan.be/en/detail/residence/for-sale/7190/ecaussinnes/vbe30739,vbe30739,residence,for-sale,7190,ecaussinnes
hainaut,Apartment,https://immovlan.be/en/detail/apartment/for-sale/7500/tournai/vbe30681,vbe30681,apartment,for-sale,7500,tournai
hainaut,House,https://immovlan.be/en/detail/residence/for-sale/7900/leuze-en-hainaut/vbe30676,vbe30676,residence,for-sale,7900,leuze-en-hainaut
hainaut,Apartment,https://immovlan.be/en/detail/apartment/for-sale/7500/tournai/vbe30672,vbe30672,apartment,for-sale,7500,tournai
hainaut,House,https://immovlan.be/en/detail/residence/for-sale/7730/estaimpuis/vbe30662,vbe30662,residence,for-sale,7730,estaimpuis
hainaut,House,https://immovlan.be/en/detail/villa/for-sale/7910/wattripont/rwc42713,rwc42713,villa,for-sale,7910,wattripont
hainaut,House,https://immovlan.be/en/detail/residence/for-sale/7300/boussu/vbe30609,vbe30609,residence,for-sale,7300,boussu
hainaut,House,https://immovlan.be/en/detail/residence/for-sale/7500/tournai/vbe30607,vbe30607,residence,for-sale,7500,tournai
hainaut,House,https://immovlan.be/en/detail/master-house/for-sale/7548/warchin/vbe30601,vbe30601,master-house,for-sale,7548,warchin
hainaut,House,https://immovlan.be/en/detail/residence/for-sale/7382/audregnies/vbe30599,vbe30599,residence,for-sale,7382,audregnies
hainaut,House,https://immovlan.be/en/detail/residence/for-sale/7100/haine-saint-paul/vbe30552,vbe30552,residence,for-sale,7100,haine-saint-paul
hainaut,House,https://immovlan.be/en/detail/residence/for-sale/7331/baudour/vbe30550,vbe30550,residence,for-sale,7331,baudour
hainaut,House,https://immovlan.be/en/detail/villa/for-sale/7912/dergneau/rbw10933,rbw10933,villa,for-sale,7912,dergneau
hainaut,House,https://immovlan.be/en/detail/residence/for-sale/7022/hyon/vbe30488,vbe30488,residence,for-sale,7022,hyon
hainaut,House,https://immovlan.be/en/detail/residence/for-sale/7022/hyon/vbe30487,vbe30487,residence,for-sale,7022,hyon
hainaut,House,https://immovlan.be/en/detail/residence/for-sale/7022/hyon/vbe30486,vbe30486,residence,for-sale,7022,hyon
hainaut,House,https://immovlan.be/en/detail/residence/for-sale/7170/la-hestre/vbe30481,vbe30481,residence,for-sale,7170,la-hestre
hainaut,House,https://immovlan.be/en/detail/residence/for-sale/7864/deux-acren/rbw10879,rbw10879,residence,for-sale,7864,deux-acren
hainaut,Apartment,https://immovlan.be/en/detail/apartment/for-sale/7700/mouscron/vbe30416,vbe30416,apartment,for-sale,7700,mouscron
hainaut,House,https://immovlan.be/en/detail/villa/for-sale/7618/taintignies/vbe30415,vbe30415,villa,for-sale,7618,taintignies
hainaut,House,https://immovlan.be/en/detail/residence/for-sale/7904/pipaix/vbe30404,vbe30404,residence,for-sale,7904,pipaix
hainaut,Apartment,https://immovlan.be/en/detail/apartment/for-sale/7500/tournai/vbe30402,vbe30402,apartment,for-sale,7500,tournai
hainaut,House,https://immovlan.be/en/detail/residence/for-sale/6020/dampremy/vbe30391,vbe30391,residence,for-sale,6020,dampremy
hainaut,House,https://immovlan.be/en/detail/residence/for-sale/7090/braine-le-comte/vbe30390,vbe30390,residence,for-sale,7090,braine-le-comte
hainaut,House,https://immovlan.be/en/detail/residence/in-public-sale/6041/gosselies/vbe30387,vbe30387,residence,in-public-sale,6041,gosselies
hainaut,House,https://immovlan.be/en/detail/villa/for-sale/7850/enghien/vbe30366,vbe30366,villa,for-sale,7850,enghien
hainaut,House,https://immovlan.be/en/detail/residence/for-sale/7300/boussu/vbe30298,vbe30298,residence,for-sale,7300,boussu
hainaut,House,https://immovlan.be/en/detail/villa/for-sale/6040/jumet/vbe30285,vbe30285,villa,for-sale,6040,jumet
hainaut,Apartment,https://immovlan.be/en/detail/duplex/for-sale/6183/trazegnies/vbe30250,vbe30250,duplex,for-sale,6183,trazegnies
hainaut,House,https://immovlan.be/en/detail/residence/for-sale/7600/peruwelz/rbw10689,rbw10689,residence,for-sale,7600,peruwelz
hainaut,House,https://immovlan.be/en/detail/residence/for-sale/7500/tournai/vbe30237,vbe30237,residence,for-sale,7500,tournai
hainaut,House,https://immovlan.be/en/detail/residence/for-sale/7760/escanaffles/vbe30236,vbe30236,residence,for-sale,7760,escanaffles
hainaut,House,https://immovlan.be/en/detail/master-house/for-sale/7750/mont-de-l-enclus/rbw10664,rbw10664,master-house,for-sale,7750,mont-de-l-enclus
hainaut,House,https://immovlan.be/en/detail/residence/for-sale/6180/courcelles/vbe30217,vbe30217,residence,for-sale,6180,courcelles
hainaut,House,https://immovlan.be/en/detail/residence/for-sale/6040/jumet/vbe30190,vbe30190,residence,for-sale,6040,jumet
hainaut,House,https://immovlan.be/en/detail/mixed-building/for-sale/7500/tournai/vbe30174,vbe30174,mixed-building,for-sale,7500,tournai
hainaut,House,https://immovlan.be/en/detail/villa/for-sale/7743/obigies/vbe30173,vbe30173,villa,for-sale,7743,obigies
hainaut,House,https://immovlan.be/en/detail/master-house/for-sale/7500/tournai/vbe30170,vbe30170,master-house,for-sale,7500,tournai
hainaut,House,https://immovlan.be/en/detail/residence/in-public-sale/6060/gilly/vbe15296,vbe15296,residence,in-public-sale,6060,gilly
hainaut,House,https://immovlan.be/en/detail/residence/for-sale/7160/chapelle-lez-herlaimont/vbe20649,vbe20649,residence,for-sale,7160,chapelle-lez-herlaimont
hainaut,House,https://immovlan.be/en/detail/residence/for-sale/7700/luingne/vbd76647,vbd76647,residence,for-sale,7700,luingne
hainaut,House,https://immovlan.be/en/detail/residence/for-sale/7740/pecq/rbv89544,rbv89544,residence,for-sale,7740,pecq
hainaut,House,https://immovlan.be/en/detail/residence/for-sale/7170/bois-d-haine/vbe30158,vbe30158,residence,for-sale,7170,bois-d-haine
hainaut,House,https://immovlan.be/en/detail/residence/for-sale/7181/arquennes/vbe30155,vbe30155,residence,for-sale,7181,arquennes
hainaut,House,https://immovlan.be/en/detail/residence/for-sale/7090/braine-le-comte/vbe30154,vbe30154,residence,for-sale,7090,braine-le-comte
hainaut,House,https://immovlan.be/en/detail/residence/for-sale/7190/ecaussinnes/vbe30153,vbe30153,residence,for-sale,7190,ecaussinnes
hainaut,House,https://immovlan.be/en/detail/residence/for-sale/7850/enghien/vbe30152,vbe30152,residence,for-sale,7850,enghien
hainaut,House,https://immovlan.be/en/detail/residence/for-sale/7730/leers-nord/vbe30145,vbe30145,residence,for-sale,7730,leers-nord
hainaut,House,https://immovlan.be/en/detail/villa/for-sale/7700/mouscron/vbe30144,vbe30144,villa,for-sale,7700,mouscron
hainaut,House,https://immovlan.be/en/detail/residence/for-sale/7370/wiheries/vbe30142,vbe30142,residence,for-sale,7370,wiheries
hainaut,House,https://immovlan.be/en/detail/villa/for-sale/6200/bouffioulx/vbe26313,vbe26313,villa,for-sale,6200,bouffioulx
hainaut,House,https://immovlan.be/en/detail/villa/for-sale/6200/bouffioulx/vbe26311,vbe26311,villa,for-sale,6200,bouffioulx
hainaut,House,https://immovlan.be/en/detail/villa/for-sale/6200/bouffioulx/vbd98373,vbd98373,villa,for-sale,6200,bouffioulx
hainaut,Apartment,https://immovlan.be/en/detail/apartment/for-sale/7500/tournai/vbe30135,vbe30135,apartment,for-sale,7500,tournai
hainaut,House,https://immovlan.be/en/detail/residence/for-sale/7973/stambruges/vbe20557,vbe20557,residence,for-sale,7973,stambruges
hainaut,House,https://immovlan.be/en/detail/residence/for-sale/7600/peruwelz/vbe21124,vbe21124,residence,for-sale,7600,peruwelz
hainaut,House,https://immovlan.be/en/detail/master-house/for-sale/7951/tongre-notre-dame/vbe30126,vbe30126,master-house,for-sale,7951,tongre-notre-dame
hainaut,Apartment,https://immovlan.be/en/detail/ground-floor/for-sale/6240/farciennes/vbe30124,vbe30124,ground-floor,for-sale,6240,farciennes
hainaut,House,https://immovlan.be/en/detail/residence/for-sale/7522/blandain/vbe30123,vbe30123,residence,for-sale,7522,blandain
hainaut,House,https://immovlan.be/en/detail/residence/for-sale/7700/mouscron/vbe20072,vbe20072,residence,for-sale,7700,mouscron
hainaut,House,https://immovlan.be/en/detail/residence/for-sale/7370/dour/vbe20216,vbe20216,residence,for-sale,7370,dour
hainaut,House,https://immovlan.be/en/detail/villa/for-sale/7600/peruwelz/vwd17393,vwd17393,villa,for-sale,7600,peruwelz
hainaut,House,https://immovlan.be/en/detail/residence/for-sale/7700/mouscron/vbe30090,vbe30090,residence,for-sale,7700,mouscron
hainaut,House,https://immovlan.be/en/detail/residence/for-sale/7700/luingne/vbe30089,vbe30089,residence,for-sale,7700,luingne
hainaut,House,https://immovlan.be/en/detail/master-house/for-sale/7700/mouscron/vbe30081,vbe30081,master-house,for-sale,7700,mouscron
hainaut,House,https://immovlan.be/en/detail/mansion/for-sale/7050/erbisoeul/vbd98068,vbd98068,mansion,for-sale,7050,erbisoeul
hainaut,House,https://immovlan.be/en/detail/residence/for-sale/7020/maisieres/vbe27683,vbe27683,residence,for-sale,7020,maisieres
hainaut,House,https://immovlan.be/en/detail/villa/for-sale/7700/mouscron/vbe19369,vbe19369,villa,for-sale,7700,mouscron
hainaut,House,https://immovlan.be/en/detail/residence/for-sale/7640/antoing/vbd97309,vbd97309,residence,for-sale,7640,antoing
hainaut,House,https://immovlan.be/en/detail/residence/for-sale/6230/pont-a-celles/vbd98452,vbd98452,residence,for-sale,6230,pont-a-celles
hainaut,House,https://immovlan.be/en/detail/residence/for-sale/6230/pont-a-celles/vbd98451,vbd98451,residence,for-sale,6230,pont-a-celles
hainaut,House,https://immovlan.be/en/detail/residence/for-sale/6031/monceau-sur-sambre/vbc75511,vbc75511,residence,for-sale,6031,monceau-sur-sambre
hainaut,House,https://immovlan.be/en/detail/residence/for-sale/6031/monceau-sur-sambre/vbc75510,vbc75510,residence,for-sale,6031,monceau-sur-sambre
hainaut,House,https://immovlan.be/en/detail/residence/for-sale/7110/strepy-bracquegnies/vbe24044,vbe24044,residence,for-sale,7110,strepy-bracquegnies
hainaut,Apartment,https://immovlan.be/en/detail/apartment/for-sale/7000/mons/vbd91878,vbd91878,apartment,for-sale,7000,mons
hainaut,House,https://immovlan.be/en/detail/residence/for-sale/7000/mons/vbd30889,vbd30889,residence,for-sale,7000,mons
hainaut,House,https://immovlan.be/en/detail/residence/for-sale/7972/quevaucamps/vbd88378,vbd88378,residence,for-sale,7972,quevaucamps
hainaut,Apartment,https://immovlan.be/en/detail/apartment/for-sale/7090/braine-le-comte/vbe29887,vbe29887,apartment,for-sale,7090,braine-le-comte
hainaut,House,https://immovlan.be/en/detail/residence/for-sale/7700/mouscron/vbe29879,vbe29879,residence,for-sale,7700,mouscron
hainaut,House,https://immovlan.be/en/detail/residence/for-sale/7910/anvaing/vwd14878,vwd14878,residence,for-sale,7910,anvaing
hainaut,House,https://immovlan.be/en/detail/residence/for-sale/6141/forchies-la-marche/vbe29871,vbe29871,residence,for-sale,6141,forchies-la-marche
hainaut,House,https://immovlan.be/en/detail/residence/for-sale/7830/silly/vbe29856,vbe29856,residence,for-sale,7830,silly
hainaut,House,https://immovlan.be/en/detail/residence/for-sale/7060/soignies/vbe29855,vbe29855,residence,for-sale,7060,soignies
hainaut,House,https://immovlan.be/en/detail/residence/for-sale/7090/braine-le-comte/vbe29854,vbe29854,residence,for-sale,7090,braine-le-comte
hainaut,House,https://immovlan.be/en/detail/residence/for-sale/7850/enghien/vbe29853,vbe29853,residence,for-sale,7850,enghien
hainaut,House,https://immovlan.be/en/detail/residence/for-sale/7850/enghien/vbe29852,vbe29852,residence,for-sale,7850,enghien
hainaut,House,https://immovlan.be/en/detail/residence/for-sale/7730/estaimpuis/vbe29833,vbe29833,residence,for-sale,7730,estaimpuis
hainaut,House,https://immovlan.be/en/detail/residence/for-sale/6061/montignies-sur-sambre/vbe26476,vbe26476,residence,for-sale,6061,montignies-sur-sambre
hainaut,House,https://immovlan.be/en/detail/chalet/for-sale/6440/froidchapelle/vbe29826,vbe29826,chalet,for-sale,6440,froidchapelle
hainaut,Apartment,https://immovlan.be/en/detail/apartment/for-sale/6000/charleroi/vbe29809,vbe29809,apartment,for-sale,6000,charleroi
hainaut,House,https://immovlan.be/en/detail/residence/for-sale/6060/gilly/vbe29808,vbe29808,residence,for-sale,6060,gilly
hainaut,Apartment,https://immovlan.be/en/detail/apartment/for-sale/7700/mouscron/vbd98608,vbd98608,apartment,for-sale,7700,mouscron
hainaut,House,https://immovlan.be/en/detail/villa/for-sale/6280/gerpinnes/vbe24523,vbe24523,villa,for-sale,6280,gerpinnes
hainaut,House,https://immovlan.be/en/detail/residence/for-sale/7100/la-louviere/vbd93978,vbd93978,residence,for-sale,7100,la-louviere
hainaut,House,https://immovlan.be/en/detail/residence/for-sale/7331/baudour/vbe27379,vbe27379,residence,for-sale,7331,baudour
hainaut,House,https://immovlan.be/en/detail/residence/for-sale/7134/ressaix/vbe08838,vbe08838,residence,for-sale,7134,ressaix
hainaut,House,https://immovlan.be/en/detail/residence/for-sale/7130/bray/vbe29717,vbe29717,residence,for-sale,7130,bray
hainaut,House,https://immovlan.be/en/detail/residence/for-sale/7330/saint-ghislain/vbe29707,vbe29707,residence,for-sale,7330,saint-ghislain
hainaut,House,https://immovlan.be/en/detail/mixed-building/for-sale/7300/boussu/vbe29705,vbe29705,mixed-building,for-sale,7300,boussu
hainaut,Apartment,https://immovlan.be/en/detail/apartment/for-sale/7100/la-louviere/vbe29635,vbe29635,apartment,for-sale,7100,la-louviere
hainaut,House,https://immovlan.be/en/detail/residence/for-sale/7520/ramegnies-chin/vbe29633,vbe29633,residence,for-sale,7520,ramegnies-chin
hainaut,House,https://immovlan.be/en/detail/residence/for-sale/6140/fontaine-l-eveque/vbe29626,vbe29626,residence,for-sale,6140,fontaine-l-eveque
hainaut,House,https://immovlan.be/en/detail/residence/for-sale/6464/forges/vbe29625,vbe29625,residence,for-sale,6464,forges
hainaut,House,https://immovlan.be/en/detail/villa/for-sale/6464/forges/vbe29624,vbe29624,villa,for-sale,6464,forges
hainaut,House,https://immovlan.be/en/detail/villa/for-sale/6596/forge-philippe/vbe29623,vbe29623,villa,for-sale,6596,forge-philippe
hainaut,Apartment,https://immovlan.be/en/detail/apartment/for-sale/6000/charleroi/vbe29622,vbe29622,apartment,for-sale,6000,charleroi
hainaut,House,https://immovlan.be/en/detail/residence/for-sale/7604/brasmenil/vbe29584,vbe29584,residence,for-sale,7604,brasmenil
hainaut,House,https://immovlan.be/en/detail/residence/for-sale/7640/maubray/vbe29582,vbe29582,residence,for-sale,7640,maubray
hainaut,House,https://immovlan.be/en/detail/residence/for-sale/7600/peruwelz/vbe29572,vbe29572,residence,for-sale,7600,peruwelz
hainaut,House,https://immovlan.be/en/detail/residence/for-sale/7712/herseaux/vbe29479,vbe29479,residence,for-sale,7712,herseaux
hainaut,Apartment,https://immovlan.be/en/detail/apartment/for-sale/7520/templeuve/vbe29477,vbe29477,apartment,for-sale,7520,templeuve
hainaut,Apartment,https://immovlan.be/en/detail/apartment/for-sale/7500/saint-maur/vbe29476,vbe29476,apartment,for-sale,7500,saint-maur
hainaut,House,https://immovlan.be/en/detail/residence/for-sale/7760/escanaffles/vbe29474,vbe29474,residence,for-sale,7760,escanaffles
hainaut,House,https://immovlan.be/en/detail/residence/for-sale/7522/marquain/vbe29455,vbe29455,residence,for-sale,7522,marquain
hainaut,House,https://immovlan.be/en/detail/residence/for-sale/7387/fayt-le-franc/vbe29426,vbe29426,residence,for-sale,7387,fayt-le-franc
hainaut,House,https://immovlan.be/en/detail/residence/for-sale/7350/thulin/vbe29425,vbe29425,residence,for-sale,7350,thulin
hainaut,House,https://immovlan.be/en/detail/residence/for-sale/7380/quievrain/vbe29423,vbe29423,residence,for-sale,7380,quievrain
hainaut,House,https://immovlan.be/en/detail/residence/for-sale/7300/boussu/vbe29422,vbe29422,residence,for-sale,7300,boussu
hainaut,House,https://immovlan.be/en/detail/residence/for-sale/7370/dour/vbe29421,vbe29421,residence,for-sale,7370,dour
hainaut,House,https://immovlan.be/en/detail/residence/for-sale/7390/quaregnon/vbe29420,vbe29420,residence,for-sale,7390,quaregnon
hainaut,House,https://immovlan.be/en/detail/residence/for-sale/7350/montroeul-sur-haine/vbe29417,vbe29417,residence,for-sale,7350,montroeul-sur-haine
hainaut,House,https://immovlan.be/en/detail/residence/for-sale/7120/estinnes-au-mont/vbe29414,vbe29414,residence,for-sale,7120,estinnes-au-mont
hainaut,House,https://immovlan.be/en/detail/residence/for-sale/7370/elouges/vbe29410,vbe29410,residence,for-sale,7370,elouges
hainaut,House,https://immovlan.be/en/detail/residence/for-sale/7380/quievrain/vbe29406,vbe29406,residence,for-sale,7380,quievrain
hainaut,House,https://immovlan.be/en/detail/residence/for-sale/7370/dour/vbe29403,vbe29403,residence,for-sale,7370,dour
hainaut,House,https://immovlan.be/en/detail/residence/for-sale/7300/boussu/vbe29402,vbe29402,residence,for-sale,7300,boussu
hainaut,House,https://immovlan.be/en/detail/residence/for-sale/7350/thulin/vbe29398,vbe29398,residence,for-sale,7350,thulin
hainaut,House,https://immovlan.be/en/detail/residence/for-sale/7380/quievrain/vbe29397,vbe29397,residence,for-sale,7380,quievrain
hainaut,House,https://immovlan.be/en/detail/residence/for-sale/7730/estaimbourg/vbe18685,vbe18685,residence,for-sale,7730,estaimbourg
hainaut,House,https://immovlan.be/en/detail/residence/for-sale/7350/hensies/vbe29372,vbe29372,residence,for-sale,7350,hensies
hainaut,Apartment,https://immovlan.be/en/detail/apartment/for-sale/7350/hensies/vbe29371,vbe29371,apartment,for-sale,7350,hensies
hainaut,Apartment,https://immovlan.be/en/detail/apartment/for-sale/7350/hensies/vbe29370,vbe29370,apartment,for-sale,7350,hensies
hainaut,House,https://immovlan.be/en/detail/master-house/for-sale/7802/ormeignies/vbe29367,vbe29367,master-house,for-sale,7802,ormeignies
hainaut,House,https://immovlan.be/en/detail/residence/for-sale/7801/irchonwelz/vbe29356,vbe29356,residence,for-sale,7801,irchonwelz
hainaut,Apartment,https://immovlan.be/en/detail/apartment/for-sale/7800/ath/vbe29353,vbe29353,apartment,for-sale,7800,ath
hainaut,House,https://immovlan.be/en/detail/residence/for-sale/7100/la-louviere/vbe14554,vbe14554,residence,for-sale,7100,la-louviere
hainaut,House,https://immovlan.be/en/detail/residence/for-sale/7041/havay/vbe13300,vbe13300,residence,for-sale,7041,havay
hainaut,House,https://immovlan.be/en/detail/bungalow/for-sale/6464/baileux/vbe29299,vbe29299,bungalow,for-sale,6464,baileux
hainaut,House,https://immovlan.be/en/detail/mixed-building/for-sale/7500/tournai/rbw09718,rbw09718,mixed-building,for-sale,7500,tournai
hainaut,House,https://immovlan.be/en/detail/residence/for-sale/6250/aiseau-presles/vbe29297,vbe29297,residence,for-sale,6250,aiseau-presles
hainaut,Apartment,https://immovlan.be/en/detail/apartment/for-sale/7700/mouscron/vbe11858,vbe11858,apartment,for-sale,7700,mouscron
hainaut,Apartment,https://immovlan.be/en/detail/loft/for-sale/7711/dottignies/vbe29286,vbe29286,loft,for-sale,7711,dottignies
hainaut,House,https://immovlan.be/en/detail/residence/for-sale/7711/dottignies/vbe29285,vbe29285,residence,for-sale,7711,dottignies
hainaut,House,https://immovlan.be/en/detail/residence/for-sale/7972/aubechies/rbw09711,rbw09711,residence,for-sale,7972,aubechies
hainaut,House,https://immovlan.be/en/detail/residence/for-sale/7080/frameries/vbe27482,vbe27482,residence,for-sale,7080,frameries
hainaut,Apartment,https://immovlan.be/en/detail/apartment/for-sale/7330/saint-ghislain/vbd65943,vbd65943,apartment,for-sale,7330,saint-ghislain
hainaut,House,https://immovlan.be/en/detail/residence/for-sale/7080/eugies/vbc96929,vbc96929,residence,for-sale,7080,eugies
hainaut,House,https://immovlan.be/en/detail/residence/for-sale/7640/antoing/vbe29248,vbe29248,residence,for-sale,7640,antoing
hainaut,House,https://immovlan.be/en/detail/residence/for-sale/6042/lodelinsart/vbe29195,vbe29195,residence,for-sale,6042,lodelinsart
hainaut,House,https://immovlan.be/en/detail/residence/for-sale/6044/roux/vbe29194,vbe29194,residence,for-sale,6044,roux
hainaut,House,https://immovlan.be/en/detail/residence/for-sale/6001/marcinelle/vbe29193,vbe29193,residence,for-sale,6001,marcinelle
hainaut,House,https://immovlan.be/en/detail/residence/for-sale/7100/la-louviere/vbe29191,vbe29191,residence,for-sale,7100,la-louviere
hainaut,House,https://immovlan.be/en/detail/residence/for-sale/7141/carnieres/vbe29182,vbe29182,residence,for-sale,7141,carnieres
hainaut,House,https://immovlan.be/en/detail/residence/for-sale/7130/bray/vbe29180,vbe29180,residence,for-sale,7130,bray
hainaut,Apartment,https://immovlan.be/en/detail/duplex/for-sale/6240/farciennes/vbe29174,vbe29174,duplex,for-sale,6240,farciennes
hainaut,House,https://immovlan.be/en/detail/residence/for-sale/7623/rongy/vbe07177,vbe07177,residence,for-sale,7623,rongy
hainaut,House,https://immovlan.be/en/detail/residence/for-sale/7090/braine-le-comte/vbe25327,vbe25327,residence,for-sale,7090,braine-le-comte
hainaut,House,https://immovlan.be/en/detail/residence/for-sale/7543/mourcourt/vbc05659,vbc05659,residence,for-sale,7543,mourcourt
hainaut,House,https://immovlan.be/en/detail/residence/for-sale/7110/houdeng-aimeries/vbe01638,vbe01638,residence,for-sale,7110,houdeng-aimeries
hainaut,House,https://immovlan.be/en/detail/residence/for-sale/7100/haine-saint-pierre/vbe21674,vbe21674,residence,for-sale,7100,haine-saint-pierre
hainaut,House,https://immovlan.be/en/detail/residence/for-sale/7000/mons/vwd17586,vwd17586,residence,for-sale,7000,mons
hainaut,House,https://immovlan.be/en/detail/residence/for-sale/7700/mouscron/vbe17027,vbe17027,residence,for-sale,7700,mouscron
hainaut,House,https://immovlan.be/en/detail/residence/for-sale/7080/sars-la-bruyere/vbe23763,vbe23763,residence,for-sale,7080,sars-la-bruyere
hainaut,House,https://immovlan.be/en/detail/mixed-building/for-sale/6000/charleroi/vbe29114,vbe29114,mixed-building,for-sale,6000,charleroi
hainaut,House,https://immovlan.be/en/detail/residence/for-sale/6030/marchienne-au-pont/vbe29112,vbe29112,residence,for-sale,6030,marchienne-au-pont
hainaut,House,https://immovlan.be/en/detail/residence/for-sale/6043/ransart/vbe29098,vbe29098,residence,for-sale,6043,ransart
hainaut,House,https://immovlan.be/en/detail/residence/for-sale/6043/ransart/vbe29088,vbe29088,residence,for-sale,6043,ransart
hainaut,House,https://immovlan.be/en/detail/residence/for-sale/7390/quaregnon/vbe29078,vbe29078,residence,for-sale,7390,quaregnon
hainaut,House,https://immovlan.be/en/detail/residence/for-sale/6001/marcinelle/vbe29020,vbe29020,residence,for-sale,6001,marcinelle
hainaut,Apartment,https://immovlan.be/en/detail/apartment/for-sale/6200/chatelet/vbe29019,vbe29019,apartment,for-sale,6200,chatelet
hainaut,House,https://immovlan.be/en/detail/residence/for-sale/7641/bruyelle/vbe29013,vbe29013,residence,for-sale,7641,bruyelle
hainaut,House,https://immovlan.be/en/detail/bungalow/for-sale/6440/froidchapelle/vbe29001,vbe29001,bungalow,for-sale,6440,froidchapelle
hainaut,House,https://immovlan.be/en/detail/bungalow/for-sale/6464/baileux/vbe29000,vbe29000,bungalow,for-sale,6464,baileux
hainaut,House,https://immovlan.be/en/detail/cottage/for-sale/7910/anvaing/rbw09084,rbw09084,cottage,for-sale,7910,anvaing
hainaut,House,https://immovlan.be/en/detail/residence/for-sale/6041/gosselies/vbd96937,vbd96937,residence,for-sale,6041,gosselies
hainaut,House,https://immovlan.be/en/detail/residence/for-sale/6041/gosselies/vbd96675,vbd96675,residence,for-sale,6041,gosselies
hainaut,House,https://immovlan.be/en/detail/residence/for-sale/7730/estaimbourg/vbe28919,vbe28919,residence,for-sale,7730,estaimbourg
hainaut,House,https://immovlan.be/en/detail/residence/for-sale/7750/mont-de-l-enclus/vbe28914,vbe28914,residence,for-sale,7750,mont-de-l-enclus
hainaut,House,https://immovlan.be/en/detail/villa/for-sale/6040/jumet/vbe31096,vbe31096,villa,for-sale,6040,jumet
hainaut,House,https://immovlan.be/en/detail/residence/for-sale/6280/gerpinnes/vbe30986,vbe30986,residence,for-sale,6280,gerpinnes
hainaut,House,https://immovlan.be/en/detail/residence/for-sale/7812/villers-saint-amand/vbe30901,vbe30901,residence,for-sale,7812,villers-saint-amand
hainaut,Apartment,https://immovlan.be/en/detail/apartment/for-sale/6061/montignies-sur-sambre/vbe30811,vbe30811,apartment,for-sale,6061,montignies-sur-sambre
hainaut,House,https://immovlan.be/en/detail/residence/for-sale/6020/dampremy/vbe30558,vbe30558,residence,for-sale,6020,dampremy
hainaut,House,https://immovlan.be/en/detail/residence/for-sale/6180/courcelles/vwd17693,vwd17693,residence,for-sale,6180,courcelles
hainaut,Apartment,https://immovlan.be/en/detail/apartment/for-sale/7080/la-bouverie/vbe30141,vbe30141,apartment,for-sale,7080,la-bouverie
hainaut,House,https://immovlan.be/en/detail/residence/for-sale/7100/la-louviere/vbe30121,vbe30121,residence,for-sale,7100,la-louviere
hainaut,House,https://immovlan.be/en/detail/residence/for-sale/7170/manage/vbe29795,vbe29795,residence,for-sale,7170,manage
hainaut,House,https://immovlan.be/en/detail/villa/for-sale/7110/strepy-bracquegnies/vbe29714,vbe29714,villa,for-sale,7110,strepy-bracquegnies
hainaut,Apartment,https://immovlan.be/en/detail/apartment/for-sale/6000/charleroi/vbe29569,vbe29569,apartment,for-sale,6000,charleroi
hainaut,House,https://immovlan.be/en/detail/residence/for-sale/6220/fleurus/vbe29555,vbe29555,residence,for-sale,6220,fleurus
hainaut,House,https://immovlan.be/en/detail/residence/for-sale/6044/roux/vbe29335,vbe29335,residence,for-sale,6044,roux
hainaut,House,https://immovlan.be/en/detail/residence/for-sale/6183/trazegnies/vbe29334,vbe29334,residence,for-sale,6183,trazegnies
hainaut,House,https://immovlan.be/en/detail/residence/for-sale/6000/charleroi/vbe23995,vbe23995,residence,for-sale,6000,charleroi
hainaut,House,https://immovlan.be/en/detail/residence/for-sale/6181/gouy-lez-pieton/vbe29185,vbe29185,residence,for-sale,6181,gouy-lez-pieton
hainaut,House,https://immovlan.be/en/detail/residence/for-sale/7100/la-louviere/rbw09073,rbw09073,residence,for-sale,7100,la-louviere
hainaut,Apartment,https://immovlan.be/en/detail/apartment/for-sale/7100/la-louviere/vbe28853,vbe28853,apartment,for-sale,7100,la-louviere
hainaut,Apartment,https://immovlan.be/en/detail/loft/for-sale/6140/fontaine-l-eveque/vbe28846,vbe28846,loft,for-sale,6140,fontaine-l-eveque
hainaut,House,https://immovlan.be/en/detail/residence/for-sale/6040/jumet/vbd82668,vbd82668,residence,for-sale,6040,jumet
hainaut,House,https://immovlan.be/en/detail/villa/for-sale/7050/masnuy-saint-jean/vbe28633,vbe28633,villa,for-sale,7050,masnuy-saint-jean
hainaut,House,https://immovlan.be/en/detail/mixed-building/for-sale/6180/courcelles/vwd17659,vwd17659,mixed-building,for-sale,6180,courcelles
hainaut,House,https://immovlan.be/en/detail/residence/for-sale/7880/flobecq/rbw08789,rbw08789,residence,for-sale,7880,flobecq
hainaut,House,https://immovlan.be/en/detail/residence/for-sale/6530/thuin/vbe28499,vbe28499,residence,for-sale,6530,thuin
hainaut,House,https://immovlan.be/en/detail/residence/for-sale/6540/lobbes/vbe28498,vbe28498,residence,for-sale,6540,lobbes
hainaut,Apartment,https://immovlan.be/en/detail/apartment/for-sale/6060/gilly/vbe28423,vbe28423,apartment,for-sale,6060,gilly
hainaut,House,https://immovlan.be/en/detail/residence/for-sale/6061/montignies-sur-sambre/vbe28243,vbe28243,residence,for-sale,6061,montignies-sur-sambre
hainaut,Apartment,https://immovlan.be/en/detail/apartment/for-sale/6061/montignies-sur-sambre/vbe28079,vbe28079,apartment,for-sale,6061,montignies-sur-sambre
hainaut,House,https://immovlan.be/en/detail/residence/for-sale/7604/brasmenil/vbe27853,vbe27853,residence,for-sale,7604,brasmenil
hainaut,House,https://immovlan.be/en/detail/villa/for-sale/7110/strepy-bracquegnies/vbe27738,vbe27738,villa,for-sale,7110,strepy-bracquegnies
hainaut,House,https://immovlan.be/en/detail/residence/for-sale/6041/gosselies/rbw03807,rbw03807,residence,for-sale,6041,gosselies
hainaut,House,https://immovlan.be/en/detail/master-house/for-sale/6560/erquelinnes/vbe27460,vbe27460,master-house,for-sale,6560,erquelinnes
hainaut,Apartment,https://immovlan.be/en/detail/apartment/for-sale/6000/charleroi/vwd17648,vwd17648,apartment,for-sale,6000,charleroi
hainaut,House,https://immovlan.be/en/detail/residence/for-sale/6540/lobbes/vbe27435,vbe27435,residence,for-sale,6540,lobbes
hainaut,House,https://immovlan.be/en/detail/residence/for-sale/7642/calonne/vbe27321,vbe27321,residence,for-sale,7642,calonne
hainaut,Apartment,https://immovlan.be/en/detail/penthouse/for-sale/7130/binche/vbe27250,vbe27250,penthouse,for-sale,7130,binche
hainaut,House,https://immovlan.be/en/detail/residence/for-sale/6180/courcelles/vbe27189,vbe27189,residence,for-sale,6180,courcelles
hainaut,House,https://immovlan.be/en/detail/bungalow/for-sale/6440/froidchapelle/vbe27187,vbe27187,bungalow,for-sale,6440,froidchapelle
hainaut,House,https://immovlan.be/en/detail/mixed-building/for-sale/6250/pont-de-loup/vbe27103,vbe27103,mixed-building,for-sale,6250,pont-de-loup
hainaut,House,https://immovlan.be/en/detail/residence/for-sale/6010/couillet/vbe27098,vbe27098,residence,for-sale,6010,couillet
hainaut,Apartment,https://immovlan.be/en/detail/apartment/for-sale/6470/sivry-rance/vbd28986,vbd28986,apartment,for-sale,6470,sivry-rance
hainaut,House,https://immovlan.be/en/detail/residence/for-sale/6140/fontaine-l-eveque/vbe26841,vbe26841,residence,for-sale,6140,fontaine-l-eveque
hainaut,House,https://immovlan.be/en/detail/residence/for-sale/6040/jumet/rbw01632,rbw01632,residence,for-sale,6040,jumet
hainaut,House,https://immovlan.be/en/detail/residence/for-sale/6044/roux/vbe26608,vbe26608,residence,for-sale,6044,roux
hainaut,House,https://immovlan.be/en/detail/residence/for-sale/6590/momignies/vbe26599,vbe26599,residence,for-sale,6590,momignies
hainaut,House,https://immovlan.be/en/detail/residence/for-sale/6180/courcelles/vbe26485,vbe26485,residence,for-sale,6180,courcelles
hainaut,House,https://immovlan.be/en/detail/residence/for-sale/6061/montignies-sur-sambre/vbe26475,vbe26475,residence,for-sale,6061,montignies-sur-sambre
hainaut,House,https://immovlan.be/en/detail/bungalow/for-sale/6440/froidchapelle/vbe26442,vbe26442,bungalow,for-sale,6440,froidchapelle
hainaut,House,https://immovlan.be/en/detail/residence/for-sale/7860/lessines/vbe26332,vbe26332,residence,for-sale,7860,lessines
hainaut,House,https://immovlan.be/en/detail/residence/for-sale/6032/mont-sur-marchienne/vbe26249,vbe26249,residence,for-sale,6032,mont-sur-marchienne
hainaut,House,https://immovlan.be/en/detail/residence/for-sale/6030/marchienne-au-pont/vbe26247,vbe26247,residence,for-sale,6030,marchienne-au-pont
hainaut,Apartment,https://immovlan.be/en/detail/apartment/for-sale/6000/charleroi/vbe26244,vbe26244,apartment,for-sale,6000,charleroi
hainaut,House,https://immovlan.be/en/detail/residence/for-sale/6250/aiseau-presles/vbe26177,vbe26177,residence,for-sale,6250,aiseau-presles
hainaut,House,https://immovlan.be/en/detail/residence/for-sale/6140/fontaine-l-eveque/vbe26175,vbe26175,residence,for-sale,6140,fontaine-l-eveque
hainaut,House,https://immovlan.be/en/detail/residence/for-sale/6120/jamioulx/vbe26171,vbe26171,residence,for-sale,6120,jamioulx
hainaut,House,https://immovlan.be/en/detail/residence/for-sale/6061/montignies-sur-sambre/rbv73552,rbv73552,residence,for-sale,6061,montignies-sur-sambre
hainaut,House,https://immovlan.be/en/detail/villa/for-sale/6596/seloignes/vbe25827,vbe25827,villa,for-sale,6596,seloignes
hainaut,House,https://immovlan.be/en/detail/villa/for-sale/7110/houdeng-goegnies/vbe25814,vbe25814,villa,for-sale,7110,houdeng-goegnies
hainaut,House,https://immovlan.be/en/detail/residence/for-sale/6061/montignies-sur-sambre/vbe25810,vbe25810,residence,for-sale,6061,montignies-sur-sambre
hainaut,House,https://immovlan.be/en/detail/residence/for-sale/6590/momignies/vbe25526,vbe25526,residence,for-sale,6590,momignies
hainaut,House,https://immovlan.be/en/detail/residence/for-sale/7100/la-louviere/vbe25391,vbe25391,residence,for-sale,7100,la-louviere
hainaut,Apartment,https://immovlan.be/en/detail/apartment/for-sale/7070/le-roeulx/vbe25390,vbe25390,apartment,for-sale,7070,le-roeulx
hainaut,House,https://immovlan.be/en/detail/residence/for-sale/6591/macon/vbe12416,vbe12416,residence,for-sale,6591,macon
hainaut,House,https://immovlan.be/en/detail/mixed-building/for-sale/6560/erquelinnes/vbe25281,vbe25281,mixed-building,for-sale,6560,erquelinnes
hainaut,House,https://immovlan.be/en/detail/villa/for-sale/7850/enghien/vbe24900,vbe24900,villa,for-sale,7850,enghien
hainaut,Apartment,https://immovlan.be/en/detail/apartment/for-sale/7850/petit-enghien/vbe24876,vbe24876,apartment,for-sale,7850,petit-enghien
hainaut,Apartment,https://immovlan.be/en/detail/ground-floor/for-sale/7850/petit-enghien/vbe24875,vbe24875,ground-floor,for-sale,7850,petit-enghien
hainaut,Apartment,https://immovlan.be/en/detail/apartment/for-sale/7500/tournai/vbe24713,vbe24713,apartment,for-sale,7500,tournai
hainaut,House,https://immovlan.be/en/detail/residence/for-sale/7140/morlanwelz-mariemont/rbv95142,rbv95142,residence,for-sale,7140,morlanwelz-mariemont
hainaut,House,https://immovlan.be/en/detail/residence/for-sale/6240/pironchamps/vbe24538,vbe24538,residence,for-sale,6240,pironchamps
hainaut,House,https://immovlan.be/en/detail/residence/for-sale/6220/fleurus/vbe24537,vbe24537,residence,for-sale,6220,fleurus
hainaut,House,https://immovlan.be/en/detail/residence/for-sale/6240/farciennes/vbe24536,vbe24536,residence,for-sale,6240,farciennes
hainaut,House,https://immovlan.be/en/detail/residence/for-sale/6200/chatelet/vbe24382,vbe24382,residence,for-sale,6200,chatelet
hainaut,House,https://immovlan.be/en/detail/residence/for-sale/7972/ellignies-sainte-anne/vbe24317,vbe24317,residence,for-sale,7972,ellignies-sainte-anne
hainaut,House,https://immovlan.be/en/detail/residence/for-sale/6060/gilly/vbe24049,vbe24049,residence,for-sale,6060,gilly
hainaut,House,https://immovlan.be/en/detail/residence/for-sale/7100/la-louviere/vbe24008,vbe24008,residence,for-sale,7100,la-louviere
hainaut,House,https://immovlan.be/en/detail/residence/for-sale/6183/trazegnies/vbe23957,vbe23957,residence,for-sale,6183,trazegnies
hainaut,House,https://immovlan.be/en/detail/mixed-building/for-sale/6060/gilly/vbe23941,vbe23941,mixed-building,for-sale,6060,gilly
hainaut,House,https://immovlan.be/en/detail/residence/for-sale/7033/cuesmes/vbe23933,vbe23933,residence,for-sale,7033,cuesmes
hainaut,House,https://immovlan.be/en/detail/mixed-building/for-sale/7333/tertre/vbe23777,vbe23777,mixed-building,for-sale,7333,tertre
hainaut,House,https://immovlan.be/en/detail/residence/for-sale/6031/monceau-sur-sambre/vbe23774,vbe23774,residence,for-sale,6031,monceau-sur-sambre
hainaut,Apartment,https://immovlan.be/en/detail/apartment/for-sale/6001/marcinelle/vbe23756,vbe23756,apartment,for-sale,6001,marcinelle
hainaut,House,https://immovlan.be/en/detail/residence/for-sale/6240/farciennes/vbe23739,vbe23739,residence,for-sale,6240,farciennes
hainaut,House,https://immovlan.be/en/detail/mixed-building/for-sale/6043/ransart/vbe23524,vbe23524,mixed-building,for-sale,6043,ransart
hainaut,House,https://immovlan.be/en/detail/residence/for-sale/6460/chimay/vbe23501,vbe23501,residence,for-sale,6460,chimay
hainaut,House,https://immovlan.be/en/detail/mixed-building/for-sale/6030/marchienne-au-pont/vwd17556,vwd17556,mixed-building,for-sale,6030,marchienne-au-pont
hainaut,House,https://immovlan.be/en/detail/mixed-building/for-sale/6180/courcelles/vbe23390,vbe23390,mixed-building,for-sale,6180,courcelles
hainaut,House,https://immovlan.be/en/detail/residence/for-sale/7100/la-louviere/vbe23183,vbe23183,residence,for-sale,7100,la-louviere
hainaut,House,https://immovlan.be/en/detail/residence/for-sale/6000/charleroi/vbe23143,vbe23143,residence,for-sale,6000,charleroi
hainaut,House,https://immovlan.be/en/detail/residence/for-sale/7700/mouscron/vbe23080,vbe23080,residence,for-sale,7700,mouscron
hainaut,House,https://immovlan.be/en/detail/residence/for-sale/7140/morlanwelz/vwd17552,vwd17552,residence,for-sale,7140,morlanwelz
hainaut,House,https://immovlan.be/en/detail/residence/for-sale/6250/presles/vbe22937,vbe22937,residence,for-sale,6250,presles
hainaut,Apartment,https://immovlan.be/en/detail/apartment/for-sale/6000/charleroi/vbe22902,vbe22902,apartment,for-sale,6000,charleroi
hainaut,House,https://immovlan.be/en/detail/residence/for-sale/6221/saint-amand/vbe22627,vbe22627,residence,for-sale,6221,saint-amand
hainaut,House,https://immovlan.be/en/detail/residence/for-sale/6010/couillet/vbe22526,vbe22526,residence,for-sale,6010,couillet
hainaut,House,https://immovlan.be/en/detail/residence/for-sale/6000/charleroi/vbe22478,vbe22478,residence,for-sale,6000,charleroi
hainaut,Apartment,https://immovlan.be/en/detail/studio/for-sale/6001/marcinelle/vwd17530,vwd17530,studio,for-sale,6001,marcinelle
hainaut,House,https://immovlan.be/en/detail/residence/for-sale/6110/montigny-le-tilleul/vbe22021,vbe22021,residence,for-sale,6110,montigny-le-tilleul
hainaut,House,https://immovlan.be/en/detail/residence/for-sale/7870/lens/vbe22000,vbe22000,residence,for-sale,7870,lens
hainaut,Apartment,https://immovlan.be/en/detail/ground-floor/for-sale/7000/mons/vbe21915,vbe21915,ground-floor,for-sale,7000,mons
hainaut,House,https://immovlan.be/en/detail/residence/for-sale/6061/montignies-sur-sambre/vbd82360,vbd82360,residence,for-sale,6061,montignies-sur-sambre
hainaut,House,https://immovlan.be/en/detail/residence/for-sale/7333/tertre/vbe21550,vbe21550,residence,for-sale,7333,tertre
hainaut,House,https://immovlan.be/en/detail/residence/for-sale/7100/la-louviere/vbe21505,vbe21505,residence,for-sale,7100,la-louviere
hainaut,House,https://immovlan.be/en/detail/residence/for-sale/6540/mont-sainte-genevieve/vbe21500,vbe21500,residence,for-sale,6540,mont-sainte-genevieve
hainaut,House,https://immovlan.be/en/detail/residence/for-sale/6224/wanfercee-baulet/vbe21220,vbe21220,residence,for-sale,6224,wanfercee-baulet
hainaut,House,https://immovlan.be/en/detail/residence/for-sale/6030/marchienne-au-pont/vbe21183,vbe21183,residence,for-sale,6030,marchienne-au-pont
hainaut,House,https://immovlan.be/en/detail/bungalow/for-sale/6440/froidchapelle/vbd93898,vbd93898,bungalow,for-sale,6440,froidchapelle
hainaut,House,https://immovlan.be/en/detail/residence/for-sale/6060/gilly/vbe21096,vbe21096,residence,for-sale,6060,gilly
hainaut,House,https://immovlan.be/en/detail/mixed-building/for-sale/6001/marcinelle/vbe20860,vbe20860,mixed-building,for-sale,6001,marcinelle
hainaut,Apartment,https://immovlan.be/en/detail/apartment/for-sale/6460/chimay/vbe20817,vbe20817,apartment,for-sale,6460,chimay
hainaut,House,https://immovlan.be/en/detail/residence/for-sale/7070/le-roeulx/vwd17495,vwd17495,residence,for-sale,7070,le-roeulx
hainaut,House,https://immovlan.be/en/detail/residence/for-sale/7712/herseaux/vbd95246,vbd95246,residence,for-sale,7712,herseaux
hainaut,House,https://immovlan.be/en/detail/villa/for-sale/7090/braine-le-comte/vbe20732,vbe20732,villa,for-sale,7090,braine-le-comte
hainaut,House,https://immovlan.be/en/detail/residence/for-sale/7090/braine-le-comte/vbe20558,vbe20558,residence,for-sale,7090,braine-le-comte
hainaut,Apartment,https://immovlan.be/en/detail/apartment/for-sale/6001/marcinelle/vbe20555,vbe20555,apartment,for-sale,6001,marcinelle
hainaut,House,https://immovlan.be/en/detail/residence/for-sale/6200/chatelet/vbe20444,vbe20444,residence,for-sale,6200,chatelet
hainaut,House,https://immovlan.be/en/detail/residence/for-sale/7100/la-louviere/rbv86607,rbv86607,residence,for-sale,7100,la-louviere
hainaut,House,https://immovlan.be/en/detail/villa/for-sale/6593/macquenoise/vbe20110,vbe20110,villa,for-sale,6593,macquenoise
hainaut,House,https://immovlan.be/en/detail/residence/for-sale/6250/aiseau-presles/vbe19912,vbe19912,residence,for-sale,6250,aiseau-presles
hainaut,House,https://immovlan.be/en/detail/residence/for-sale/6530/thuin/vbe19818,vbe19818,residence,for-sale,6530,thuin
hainaut,House,https://immovlan.be/en/detail/residence/for-sale/6536/donstiennes/vbe19817,vbe19817,residence,for-sale,6536,donstiennes
hainaut,House,https://immovlan.be/en/detail/residence/for-sale/7100/haine-saint-pierre/vbe19696,vbe19696,residence,for-sale,7100,haine-saint-pierre
hainaut,House,https://immovlan.be/en/detail/villa/for-sale/6110/montigny-le-tilleul/vbe19537,vbe19537,villa,for-sale,6110,montigny-le-tilleul
hainaut,House,https://immovlan.be/en/detail/residence/for-sale/6470/sivry-rance/vbe19402,vbe19402,residence,for-sale,6470,sivry-rance
hainaut,House,https://immovlan.be/en/detail/villa/for-sale/7390/quaregnon/vbe19343,vbe19343,villa,for-sale,7390,quaregnon
hainaut,House,https://immovlan.be/en/detail/residence/for-sale/7750/amougies/rbv84312,rbv84312,residence,for-sale,7750,amougies
hainaut,House,https://immovlan.be/en/detail/mixed-building/for-sale/6010/couillet/vbe19144,vbe19144,mixed-building,for-sale,6010,couillet
hainaut,House,https://immovlan.be/en/detail/residence/for-sale/7900/leuze-en-hainaut/vbe19034,vbe19034,residence,for-sale,7900,leuze-en-hainaut
hainaut,House,https://immovlan.be/en/detail/master-house/for-sale/7090/braine-le-comte/vbe18845,vbe18845,master-house,for-sale,7090,braine-le-comte
hainaut,House,https://immovlan.be/en/detail/bungalow/for-sale/7711/dottignies/vbe18790,vbe18790,bungalow,for-sale,7711,dottignies
hainaut,House,https://immovlan.be/en/detail/residence/for-sale/7812/houtaing/vbe18689,vbe18689,residence,for-sale,7812,houtaing
hainaut,House,https://immovlan.be/en/detail/residence/for-sale/6032/mont-sur-marchienne/vbe18643,vbe18643,residence,for-sale,6032,mont-sur-marchienne
hainaut,House,https://immovlan.be/en/detail/mixed-building/for-sale/6044/roux/vbe18585,vbe18585,mixed-building,for-sale,6044,roux
hainaut,House,https://immovlan.be/en/detail/residence/for-sale/6041/gosselies/vbe18563,vbe18563,residence,for-sale,6041,gosselies
hainaut,Apartment,https://immovlan.be/en/detail/apartment/for-sale/6240/pironchamps/vbe18487,vbe18487,apartment,for-sale,6240,pironchamps
hainaut,House,https://immovlan.be/en/detail/residence/for-sale/6440/froidchapelle/vbe18477,vbe18477,residence,for-sale,6440,froidchapelle
hainaut,House,https://immovlan.be/en/detail/residence/for-sale/6460/chimay/vbe18461,vbe18461,residence,for-sale,6460,chimay
hainaut,Apartment,https://immovlan.be/en/detail/apartment/for-sale/6460/chimay/vbe18460,vbe18460,apartment,for-sale,6460,chimay
hainaut,House,https://immovlan.be/en/detail/residence/for-sale/6220/lambusart/vbe18368,vbe18368,residence,for-sale,6220,lambusart
hainaut,Apartment,https://immovlan.be/en/detail/apartment/for-sale/7110/houdeng-aimeries/vbd28082,vbd28082,apartment,for-sale,7110,houdeng-aimeries
hainaut,House,https://immovlan.be/en/detail/residence/for-sale/7333/tertre/vbe18005,vbe18005,residence,for-sale,7333,tertre
hainaut,Apartment,https://immovlan.be/en/detail/apartment/for-sale/6220/fleurus/vbe17812,vbe17812,apartment,for-sale,6220,fleurus
hainaut,Apartment,https://immovlan.be/en/detail/studio/for-sale/6000/charleroi/vbe16825,vbe16825,studio,for-sale,6000,charleroi
hainaut,Apartment,https://immovlan.be/en/detail/apartment/for-sale/6150/anderlues/vbd93618,vbd93618,apartment,for-sale,6150,anderlues
hainaut,House,https://immovlan.be/en/detail/villa/for-sale/7141/carnieres/vbe16718,vbe16718,villa,for-sale,7141,carnieres
hainaut,House,https://immovlan.be/en/detail/residence/for-sale/6500/barbencon/vbe16556,vbe16556,residence,for-sale,6500,barbencon
hainaut,House,https://immovlan.be/en/detail/residence/for-sale/7700/mouscron/vbe15502,vbe15502,residence,for-sale,7700,mouscron
hainaut,House,https://immovlan.be/en/detail/residence/for-sale/7141/carnieres/vbe15755,vbe15755,residence,for-sale,7141,carnieres
hainaut,House,https://immovlan.be/en/detail/residence/for-sale/6500/beaumont/vbe15745,vbe15745,residence,for-sale,6500,beaumont
hainaut,Apartment,https://immovlan.be/en/detail/ground-floor/for-sale/7070/le-roeulx/vbe15673,vbe15673,ground-floor,for-sale,7070,le-roeulx
hainaut,House,https://immovlan.be/en/detail/residence/for-sale/6230/obaix/vbe15643,vbe15643,residence,for-sale,6230,obaix
hainaut,Apartment,https://immovlan.be/en/detail/apartment/for-sale/6001/marcinelle/vwd17363,vwd17363,apartment,for-sale,6001,marcinelle
hainaut,Apartment,https://immovlan.be/en/detail/apartment/for-sale/6000/charleroi/vbe14506,vbe14506,apartment,for-sale,6000,charleroi
hainaut,House,https://immovlan.be/en/detail/residence/for-sale/6120/nalinnes/vwd17345,vwd17345,residence,for-sale,6120,nalinnes
hainaut,House,https://immovlan.be/en/detail/residence/for-sale/7060/soignies/vwd17341,vwd17341,residence,for-sale,7060,soignies
hainaut,Apartment,https://immovlan.be/en/detail/ground-floor/for-sale/7100/la-louviere/vwd17335,vwd17335,ground-floor,for-sale,7100,la-louviere
hainaut,House,https://immovlan.be/en/detail/villa/for-sale/6120/ham-sur-heure/vwd17332,vwd17332,villa,for-sale,6120,ham-sur-heure
hainaut,House,https://immovlan.be/en/detail/mixed-building/for-sale/7750/mont-de-l-enclus/rbv75584,rbv75584,mixed-building,for-sale,7750,mont-de-l-enclus
hainaut,House,https://immovlan.be/en/detail/master-house/for-sale/6560/erquelinnes/vbe14005,vbe14005,master-house,for-sale,6560,erquelinnes
hainaut,House,https://immovlan.be/en/detail/cottage/for-sale/7520/templeuve/vbe13996,vbe13996,cottage,for-sale,7520,templeuve
hainaut,House,https://immovlan.be/en/detail/residence/for-sale/6040/jumet/vbe13895,vbe13895,residence,for-sale,6040,jumet
hainaut,House,https://immovlan.be/en/detail/residence/for-sale/6150/anderlues/vbe13351,vbe13351,residence,for-sale,6150,anderlues
hainaut,House,https://immovlan.be/en/detail/residence/for-sale/6060/gilly/vbe13263,vbe13263,residence,for-sale,6060,gilly
hainaut,House,https://immovlan.be/en/detail/residence/for-sale/6031/monceau-sur-sambre/vbe13259,vbe13259,residence,for-sale,6031,monceau-sur-sambre
hainaut,House,https://immovlan.be/en/detail/residence/for-sale/6280/gerpinnes/vbe13239,vbe13239,residence,for-sale,6280,gerpinnes
hainaut,House,https://immovlan.be/en/detail/residence/for-sale/7160/godarville/vbe13136,vbe13136,residence,for-sale,7160,godarville
hainaut,House,https://immovlan.be/en/detail/residence/for-sale/6061/montignies-sur-sambre/vbe08017,vbe08017,residence,for-sale,6061,montignies-sur-sambre
hainaut,House,https://immovlan.be/en/detail/bungalow/for-sale/6441/erpion/vwd17303,vwd17303,bungalow,for-sale,6441,erpion
hainaut,House,https://immovlan.be/en/detail/villa/for-sale/6001/marcinelle/vwd17187,vwd17187,villa,for-sale,6001,marcinelle
hainaut,Apartment,https://immovlan.be/en/detail/duplex/for-sale/7500/tournai/vbe12427,vbe12427,duplex,for-sale,7500,tournai
hainaut,House,https://immovlan.be/en/detail/mixed-building/for-sale/6001/marcinelle/vbe12384,vbe12384,mixed-building,for-sale,6001,marcinelle
hainaut,House,https://immovlan.be/en/detail/residence/for-sale/6061/montignies-sur-sambre/vbe12100,vbe12100,residence,for-sale,6061,montignies-sur-sambre
hainaut,House,https://immovlan.be/en/detail/residence/for-sale/6181/gouy-lez-pieton/vbe12063,vbe12063,residence,for-sale,6181,gouy-lez-pieton
hainaut,House,https://immovlan.be/en/detail/residence/for-sale/6280/gerpinnes/vbe11507,vbe11507,residence,for-sale,6280,gerpinnes
hainaut,House,https://immovlan.be/en/detail/residence/for-sale/7110/houdeng-aimeries/vbe11351,vbe11351,residence,for-sale,7110,houdeng-aimeries
hainaut,House,https://immovlan.be/en/detail/master-house/for-sale/6240/farciennes/vbe11225,vbe11225,master-house,for-sale,6240,farciennes
hainaut,House,https://immovlan.be/en/detail/villa/for-sale/6250/aiseau/vbe11103,vbe11103,villa,for-sale,6250,aiseau
hainaut,House,https://immovlan.be/en/detail/residence/for-sale/6041/gosselies/vbe11059,vbe11059,residence,for-sale,6041,gosselies
hainaut,House,https://immovlan.be/en/detail/villa/for-sale/6010/couillet/vbe11048,vbe11048,villa,for-sale,6010,couillet
hainaut,Apartment,https://immovlan.be/en/detail/apartment/for-sale/6250/aiseau/vbe10997,vbe10997,apartment,for-sale,6250,aiseau
hainaut,House,https://immovlan.be/en/detail/residence/for-sale/7910/anvaing/vbe10588,vbe10588,residence,for-sale,7910,anvaing
hainaut,Apartment,https://immovlan.be/en/detail/apartment/for-sale/6001/marcinelle/vbe10319,vbe10319,apartment,for-sale,6001,marcinelle
hainaut,House,https://immovlan.be/en/detail/residence/for-sale/7110/houdeng-goegnies/vbe10069,vbe10069,residence,for-sale,7110,houdeng-goegnies
hainaut,Apartment,https://immovlan.be/en/detail/apartment/for-sale/7110/boussoit/rbv69482,rbv69482,apartment,for-sale,7110,boussoit
hainaut,Apartment,https://immovlan.be/en/detail/apartment/for-sale/6060/gilly/vbe09635,vbe09635,apartment,for-sale,6060,gilly
hainaut,House,https://immovlan.be/en/detail/residence/for-sale/7100/la-louviere/rbv68830,rbv68830,residence,for-sale,7100,la-louviere
hainaut,House,https://immovlan.be/en/detail/villa/for-sale/6280/gerpinnes/vbe09572,vbe09572,villa,for-sale,6280,gerpinnes
hainaut,House,https://immovlan.be/en/detail/villa/for-sale/6031/monceau-sur-sambre/vbe09348,vbe09348,villa,for-sale,6031,monceau-sur-sambre
hainaut,House,https://immovlan.be/en/detail/residence/for-sale/6030/marchienne-au-pont/vbe09304,vbe09304,residence,for-sale,6030,marchienne-au-pont
hainaut,House,https://immovlan.be/en/detail/residence/for-sale/6001/marcinelle/vbe09217,vbe09217,residence,for-sale,6001,marcinelle
hainaut,House,https://immovlan.be/en/detail/residence/for-sale/6220/fleurus/vbe09214,vbe09214,residence,for-sale,6220,fleurus
hainaut,House,https://immovlan.be/en/detail/residence/for-sale/6150/anderlues/vbe09091,vbe09091,residence,for-sale,6150,anderlues
hainaut,House,https://immovlan.be/en/detail/residence/for-sale/6061/montignies-sur-sambre/vbe08714,vbe08714,residence,for-sale,6061,montignies-sur-sambre
hainaut,House,https://immovlan.be/en/detail/residence/for-sale/7060/soignies/vbe08699,vbe08699,residence,for-sale,7060,soignies
hainaut,House,https://immovlan.be/en/detail/residence/for-sale/6061/montignies-sur-sambre/vbe08660,vbe08660,residence,for-sale,6061,montignies-sur-sambre
hainaut,Apartment,https://immovlan.be/en/detail/apartment/for-sale/6000/charleroi/vbe08651,vbe08651,apartment,for-sale,6000,charleroi
hainaut,House,https://immovlan.be/en/detail/residence/for-sale/6500/beaumont/vbe08538,vbe08538,residence,for-sale,6500,beaumont
hainaut,House,https://immovlan.be/en/detail/residence/for-sale/6180/courcelles/vbe08257,vbe08257,residence,for-sale,6180,courcelles
hainaut,Apartment,https://immovlan.be/en/detail/apartment/for-sale/6001/marcinelle/vwd17210,vwd17210,apartment,for-sale,6001,marcinelle
hainaut,House,https://immovlan.be/en/detail/mixed-building/for-sale/6000/charleroi/vbe08123,vbe08123,mixed-building,for-sale,6000,charleroi
hainaut,House,https://immovlan.be/en/detail/residence/for-sale/7110/houdeng-aimeries/vbe07928,vbe07928,residence,for-sale,7110,houdeng-aimeries
hainaut,House,https://immovlan.be/en/detail/residence/for-sale/6041/gosselies/vbe07772,vbe07772,residence,for-sale,6041,gosselies
hainaut,House,https://immovlan.be/en/detail/residence/for-sale/6042/lodelinsart/vbe07771,vbe07771,residence,for-sale,6042,lodelinsart
hainaut,Apartment,https://immovlan.be/en/detail/apartment/for-sale/6180/courcelles/vbe07770,vbe07770,apartment,for-sale,6180,courcelles
hainaut,House,https://immovlan.be/en/detail/mixed-building/for-sale/7600/peruwelz/vbe07605,vbe07605,mixed-building,for-sale,7600,peruwelz
hainaut,House,https://immovlan.be/en/detail/residence/for-sale/7140/morlanwelz/vbe07484,vbe07484,residence,for-sale,7140,morlanwelz
hainaut,House,https://immovlan.be/en/detail/bungalow/for-sale/7712/herseaux/vbe07429,vbe07429,bungalow,for-sale,7712,herseaux
hainaut,House,https://immovlan.be/en/detail/residence/for-sale/6060/gilly/vbe07424,vbe07424,residence,for-sale,6060,gilly
hainaut,House,https://immovlan.be/en/detail/residence/for-sale/6150/anderlues/vwd17177,vwd17177,residence,for-sale,6150,anderlues
hainaut,Apartment,https://immovlan.be/en/detail/triplex/for-sale/6150/anderlues/vwd17167,vwd17167,triplex,for-sale,6150,anderlues
hainaut,House,https://immovlan.be/en/detail/residence/for-sale/7700/mouscron/vbd44164,vbd44164,residence,for-sale,7700,mouscron
hainaut,House,https://immovlan.be/en/detail/residence/for-sale/7640/antoing/vbe06253,vbe06253,residence,for-sale,7640,antoing
hainaut,House,https://immovlan.be/en/detail/residence/for-sale/7140/morlanwelz/rbv62378,rbv62378,residence,for-sale,7140,morlanwelz
hainaut,House,https://immovlan.be/en/detail/residence/for-sale/6180/courcelles/vbe05833,vbe05833,residence,for-sale,6180,courcelles
hainaut,House,https://immovlan.be/en/detail/residence/for-sale/6032/mont-sur-marchienne/vbe05614,vbe05614,residence,for-sale,6032,mont-sur-marchienne
hainaut,House,https://immovlan.be/en/detail/bungalow/for-sale/6441/erpion/vwd17112,vwd17112,bungalow,for-sale,6441,erpion
hainaut,House,https://immovlan.be/en/detail/villa/for-sale/6200/chatelet/vbe05104,vbe05104,villa,for-sale,6200,chatelet
hainaut,Apartment,https://immovlan.be/en/detail/apartment/for-sale/7110/boussoit/rbv61516,rbv61516,apartment,for-sale,7110,boussoit
hainaut,House,https://immovlan.be/en/detail/residence/for-sale/6060/gilly/rbv61198,rbv61198,residence,for-sale,6060,gilly
hainaut,House,https://immovlan.be/en/detail/residence/for-sale/6440/boussu-lez-walcourt/vbe04530,vbe04530,residence,for-sale,6440,boussu-lez-walcourt
hainaut,Apartment,https://immovlan.be/en/detail/apartment/for-sale/6460/chimay/vbe04506,vbe04506,apartment,for-sale,6460,chimay
hainaut,Apartment,https://immovlan.be/en/detail/apartment/for-sale/6460/chimay/vbe04505,vbe04505,apartment,for-sale,6460,chimay
hainaut,Apartment,https://immovlan.be/en/detail/apartment/for-sale/6460/chimay/vbe04503,vbe04503,apartment,for-sale,6460,chimay
hainaut,Apartment,https://immovlan.be/en/detail/apartment/for-sale/6460/chimay/vbe04501,vbe04501,apartment,for-sale,6460,chimay
hainaut,Apartment,https://immovlan.be/en/detail/apartment/for-sale/6460/chimay/vbe04500,vbe04500,apartment,for-sale,6460,chimay
hainaut,Apartment,https://immovlan.be/en/detail/apartment/for-sale/6460/chimay/vbe04499,vbe04499,apartment,for-sale,6460,chimay
hainaut,Apartment,https://immovlan.be/en/detail/apartment/for-sale/6001/marcinelle/vbe04126,vbe04126,apartment,for-sale,6001,marcinelle
hainaut,House,https://immovlan.be/en/detail/residence/for-sale/6061/montignies-sur-sambre/vbe03847,vbe03847,residence,for-sale,6061,montignies-sur-sambre
hainaut,House,https://immovlan.be/en/detail/cottage/for-sale/7040/quevy-le-petit/vwd17087,vwd17087,cottage,for-sale,7040,quevy-le-petit
namur,House,https://immovlan.be/en/detail/residence/for-sale/5060/moignelee/vbe35133,vbe35133,residence,for-sale,5060,moignelee
namur,House,https://immovlan.be/en/detail/residence/for-sale/5640/mettet/vbe35132,vbe35132,residence,for-sale,5640,mettet
namur,Apartment,https://immovlan.be/en/detail/duplex/for-sale/5000/namur/vbe35115,vbe35115,duplex,for-sale,5000,namur
namur,House,https://immovlan.be/en/detail/residence/for-sale/5300/andenne/vbe35093,vbe35093,residence,for-sale,5300,andenne
namur,House,https://immovlan.be/en/detail/residence/for-sale/5170/bois-de-villers/vbe34912,vbe34912,residence,for-sale,5170,bois-de-villers
namur,House,https://immovlan.be/en/detail/chalet/for-sale/5660/bruly-de-pesche/vwd17825,vwd17825,chalet,for-sale,5660,bruly-de-pesche
namur,House,https://immovlan.be/en/detail/residence/for-sale/5350/ohey/vbe34752,vbe34752,residence,for-sale,5350,ohey
namur,Apartment,https://immovlan.be/en/detail/apartment/for-sale/5150/franiere/vbe34384,vbe34384,apartment,for-sale,5150,franiere
namur,Apartment,https://immovlan.be/en/detail/apartment/for-sale/5150/franiere/vbe34383,vbe34383,apartment,for-sale,5150,franiere
namur,House,https://immovlan.be/en/detail/residence/for-sale/5020/malonne/vbe33810,vbe33810,residence,for-sale,5020,malonne
namur,House,https://immovlan.be/en/detail/residence/for-sale/5651/laneffe/vbe33280,vbe33280,residence,for-sale,5651,laneffe
namur,House,https://immovlan.be/en/detail/residence/for-sale/5060/arsimont/vbe33274,vbe33274,residence,for-sale,5060,arsimont
namur,House,https://immovlan.be/en/detail/residence/for-sale/5580/han-sur-lesse/vbe33187,vbe33187,residence,for-sale,5580,han-sur-lesse
namur,House,https://immovlan.be/en/detail/residence/for-sale/5190/spy/vbe32759,vbe32759,residence,for-sale,5190,spy
namur,Apartment,https://immovlan.be/en/detail/apartment/for-sale/5030/gembloux/vbe32302,vbe32302,apartment,for-sale,5030,gembloux
namur,House,https://immovlan.be/en/detail/residence/for-sale/5550/orchimont/vbe31925,vbe31925,residence,for-sale,5550,orchimont
namur,House,https://immovlan.be/en/detail/mixed-building/for-sale/5500/dinant/vbe31835,vbe31835,mixed-building,for-sale,5500,dinant
namur,House,https://immovlan.be/en/detail/residence/for-sale/5060/auvelais/vbe31589,vbe31589,residence,for-sale,5060,auvelais
namur,House,https://immovlan.be/en/detail/chalet/for-sale/5541/hastiere-par-dela/vbe31516,vbe31516,chalet,for-sale,5541,hastiere-par-dela
namur,House,https://immovlan.be/en/detail/residence/for-sale/5660/aublain/vbe31203,vbe31203,residence,for-sale,5660,aublain
namur,House,https://immovlan.be/en/detail/residence/for-sale/5660/aublain/vbe31200,vbe31200,residence,for-sale,5660,aublain
namur,House,https://immovlan.be/en/detail/residence/for-sale/5660/couvin/vbe31199,vbe31199,residence,for-sale,5660,couvin
namur,House,https://immovlan.be/en/detail/mixed-building/for-sale/5680/doische/vbe30372,vbe30372,mixed-building,for-sale,5680,doische
namur,House,https://immovlan.be/en/detail/residence/for-sale/5101/lives-sur-meuse/vbe29829,vbe29829,residence,for-sale,5101,lives-sur-meuse
namur,House,https://immovlan.be/en/detail/residence/for-sale/5060/tamines/vbe29530,vbe29530,residence,for-sale,5060,tamines
namur,House,https://immovlan.be/en/detail/residence/for-sale/5540/hastiere-lavaux/rbs92261,rbs92261,residence,for-sale,5540,hastiere-lavaux
namur,Apartment,https://immovlan.be/en/detail/apartment/for-sale/5000/namur/vbe35467,vbe35467,apartment,for-sale,5000,namur
namur,Apartment,https://immovlan.be/en/detail/studio/for-sale/5000/namur/vbe35466,vbe35466,studio,for-sale,5000,namur
namur,Apartment,https://immovlan.be/en/detail/apartment/for-sale/5100/jambes/vbe35465,vbe35465,apartment,for-sale,5100,jambes
namur,Apartment,https://immovlan.be/en/detail/apartment/for-sale/5100/jambes/vbe35464,vbe35464,apartment,for-sale,5100,jambes
namur,Apartment,https://immovlan.be/en/detail/apartment/for-sale/5100/jambes/vbe35463,vbe35463,apartment,for-sale,5100,jambes
namur,Apartment,https://immovlan.be/en/detail/apartment/for-sale/5100/dave/vbe35432,vbe35432,apartment,for-sale,5100,dave
namur,Apartment,https://immovlan.be/en/detail/apartment/for-sale/5100/dave/vbe35431,vbe35431,apartment,for-sale,5100,dave
namur,Apartment,https://immovlan.be/en/detail/apartment/for-sale/5100/dave/vbe35430,vbe35430,apartment,for-sale,5100,dave
namur,Apartment,https://immovlan.be/en/detail/apartment/for-sale/5100/dave/vbe35429,vbe35429,apartment,for-sale,5100,dave
namur,House,https://immovlan.be/en/detail/villa/for-sale/5310/leuze/rwc42805,rwc42805,villa,for-sale,5310,leuze
namur,House,https://immovlan.be/en/detail/residence/for-sale/5310/leuze/rwc42804,rwc42804,residence,for-sale,5310,leuze
namur,House,https://immovlan.be/en/detail/residence/for-sale/5004/bouge/vbe35370,vbe35370,residence,for-sale,5004,bouge
namur,House,https://immovlan.be/en/detail/residence/for-sale/5310/leuze/rwc42803,rwc42803,residence,for-sale,5310,leuze
namur,House,https://immovlan.be/en/detail/mixed-building/for-sale/5000/namur/vbe35321,vbe35321,mixed-building,for-sale,5000,namur
namur,House,https://immovlan.be/en/detail/residence/for-sale/5377/somme-leuze/vbe35301,vbe35301,residence,for-sale,5377,somme-leuze
namur,House,https://immovlan.be/en/detail/residence/for-sale/5000/beez/vbe35298,vbe35298,residence,for-sale,5000,beez
namur,House,https://immovlan.be/en/detail/residence/for-sale/5020/malonne/vbe35297,vbe35297,residence,for-sale,5020,malonne
namur,House,https://immovlan.be/en/detail/residence/for-sale/5060/falisolle/vbe35291,vbe35291,residence,for-sale,5060,falisolle
namur,House,https://immovlan.be/en/detail/residence/for-sale/5002/saint-servais/vbe35287,vbe35287,residence,for-sale,5002,saint-servais
namur,House,https://immovlan.be/en/detail/residence/for-sale/5590/pessoux/vbe35286,vbe35286,residence,for-sale,5590,pessoux
namur,House,https://immovlan.be/en/detail/residence/for-sale/5590/pessoux/vbe35285,vbe35285,residence,for-sale,5590,pessoux
namur,House,https://immovlan.be/en/detail/residence/for-sale/5590/pessoux/vbe35283,vbe35283,residence,for-sale,5590,pessoux
namur,House,https://immovlan.be/en/detail/residence/for-sale/5190/spy/vbe35279,vbe35279,residence,for-sale,5190,spy
namur,House,https://immovlan.be/en/detail/residence/for-sale/5660/mariembourg/vbe35253,vbe35253,residence,for-sale,5660,mariembourg
namur,House,https://immovlan.be/en/detail/residence/for-sale/5500/dinant/vbe35227,vbe35227,residence,for-sale,5500,dinant
namur,House,https://immovlan.be/en/detail/residence/for-sale/5530/yvoir/vbe35226,vbe35226,residence,for-sale,5530,yvoir
namur,House,https://immovlan.be/en/detail/villa/for-sale/5170/bois-de-villers/vwd17842,vwd17842,villa,for-sale,5170,bois-de-villers
namur,Apartment,https://immovlan.be/en/detail/studio/for-sale/5550/membre/vbe35181,vbe35181,studio,for-sale,5550,membre
namur,Apartment,https://immovlan.be/en/detail/apartment/for-sale/5570/winenne/vbe35180,vbe35180,apartment,for-sale,5570,winenne
namur,House,https://immovlan.be/en/detail/bungalow/for-sale/5575/gedinne/vbe35179,vbe35179,bungalow,for-sale,5575,gedinne
namur,House,https://immovlan.be/en/detail/residence/for-sale/5363/emptinne/vbe35178,vbe35178,residence,for-sale,5363,emptinne
namur,House,https://immovlan.be/en/detail/residence/for-sale/5575/gedinne/vbe35177,vbe35177,residence,for-sale,5575,gedinne
namur,Apartment,https://immovlan.be/en/detail/apartment/for-sale/5100/jambes/vbe35175,vbe35175,apartment,for-sale,5100,jambes
namur,House,https://immovlan.be/en/detail/residence/for-sale/5580/jemelle/vbe35111,vbe35111,residence,for-sale,5580,jemelle
namur,House,https://immovlan.be/en/detail/residence/for-sale/5564/wanlin/vbe35092,vbe35092,residence,for-sale,5564,wanlin
namur,House,https://immovlan.be/en/detail/residence/for-sale/5570/beauraing/vbe35091,vbe35091,residence,for-sale,5570,beauraing
namur,Apartment,https://immovlan.be/en/detail/apartment/for-sale/5170/profondeville/vbe35082,vbe35082,apartment,for-sale,5170,profondeville
namur,House,https://immovlan.be/en/detail/residence/for-sale/5150/floreffe/vbe35012,vbe35012,residence,for-sale,5150,floreffe
namur,House,https://immovlan.be/en/detail/residence/for-sale/5660/bruly-de-pesche/vbe34939,vbe34939,residence,for-sale,5660,bruly-de-pesche
namur,House,https://immovlan.be/en/detail/villa/for-sale/5330/assesse/vbe34931,vbe34931,villa,for-sale,5330,assesse
namur,House,https://immovlan.be/en/detail/residence/for-sale/5060/sambreville/vbe34925,vbe34925,residence,for-sale,5060,sambreville
namur,House,https://immovlan.be/en/detail/residence/for-sale/5580/mont-gauthier/vbe34884,vbe34884,residence,for-sale,5580,mont-gauthier
namur,House,https://immovlan.be/en/detail/residence/for-sale/5580/mont-gauthier/vbe34883,vbe34883,residence,for-sale,5580,mont-gauthier
namur,Apartment,https://immovlan.be/en/detail/apartment/for-sale/5000/namur/vbe34853,vbe34853,apartment,for-sale,5000,namur
namur,House,https://immovlan.be/en/detail/chalet/for-sale/5580/rochefort/vbe34814,vbe34814,chalet,for-sale,5580,rochefort
namur,House,https://immovlan.be/en/detail/villa/for-sale/5651/gourdinne/vbe34798,vbe34798,villa,for-sale,5651,gourdinne
namur,House,https://immovlan.be/en/detail/mixed-building/for-sale/5660/couvin/vbe34765,vbe34765,mixed-building,for-sale,5660,couvin
namur,House,https://immovlan.be/en/detail/residence/for-sale/5100/jambes/vbe34749,vbe34749,residence,for-sale,5100,jambes
namur,House,https://immovlan.be/en/detail/residence/for-sale/5575/gedinne/vbe34686,vbe34686,residence,for-sale,5575,gedinne
namur,Apartment,https://immovlan.be/en/detail/apartment/for-sale/5000/namur/vbe34653,vbe34653,apartment,for-sale,5000,namur
namur,House,https://immovlan.be/en/detail/residence/for-sale/5060/arsimont/vbe34648,vbe34648,residence,for-sale,5060,arsimont
namur,House,https://immovlan.be/en/detail/residence/for-sale/5081/saint-denis/vwd17820,vwd17820,residence,for-sale,5081,saint-denis
namur,House,https://immovlan.be/en/detail/residence/for-sale/5590/ciney/vbe34525,vbe34525,residence,for-sale,5590,ciney
namur,House,https://immovlan.be/en/detail/residence/for-sale/5651/laneffe/vbe34522,vbe34522,residence,for-sale,5651,laneffe
namur,House,https://immovlan.be/en/detail/residence/for-sale/5000/namur/vbe34501,vbe34501,residence,for-sale,5000,namur
namur,House,https://immovlan.be/en/detail/villa/for-sale/5530/yvoir/vbe34500,vbe34500,villa,for-sale,5530,yvoir
namur,House,https://immovlan.be/en/detail/chalet/for-sale/5377/somme-leuze/vbe34479,vbe34479,chalet,for-sale,5377,somme-leuze
namur,House,https://immovlan.be/en/detail/residence/for-sale/5590/ciney/vbe34475,vbe34475,residence,for-sale,5590,ciney
namur,House,https://immovlan.be/en/detail/residence/for-sale/5574/pondrome/vbe34474,vbe34474,residence,for-sale,5574,pondrome
namur,Apartment,https://immovlan.be/en/detail/studio/for-sale/5590/ciney/vbe34469,vbe34469,studio,for-sale,5590,ciney
namur,House,https://immovlan.be/en/detail/residence/for-sale/5530/yvoir/vbe34468,vbe34468,residence,for-sale,5530,yvoir
namur,House,https://immovlan.be/en/detail/residence/for-sale/5336/courriere/vbe34467,vbe34467,residence,for-sale,5336,courriere
namur,House,https://immovlan.be/en/detail/residence/for-sale/5580/rochefort/vbe34425,vbe34425,residence,for-sale,5580,rochefort
namur,House,https://immovlan.be/en/detail/residence/for-sale/5020/malonne/vbe34407,vbe34407,residence,for-sale,5020,malonne
namur,House,https://immovlan.be/en/detail/residence/for-sale/5380/fernelmont/vbe34301,vbe34301,residence,for-sale,5380,fernelmont
namur,House,https://immovlan.be/en/detail/residence/for-sale/5540/hastiere/vbe34288,vbe34288,residence,for-sale,5540,hastiere
namur,House,https://immovlan.be/en/detail/residence/for-sale/5620/florennes/vbe34278,vbe34278,residence,for-sale,5620,florennes
namur,House,https://immovlan.be/en/detail/residence/for-sale/5100/jambes/vbe34264,vbe34264,residence,for-sale,5100,jambes
namur,House,https://immovlan.be/en/detail/residence/for-sale/5380/fernelmont/vbe34261,vbe34261,residence,for-sale,5380,fernelmont
namur,House,https://immovlan.be/en/detail/residence/for-sale/5380/fernelmont/vbe34260,vbe34260,residence,for-sale,5380,fernelmont
namur,House,https://immovlan.be/en/detail/residence/for-sale/5170/profondeville/vbe34259,vbe34259,residence,for-sale,5170,profondeville
namur,House,https://immovlan.be/en/detail/residence/for-sale/5170/profondeville/vbe34258,vbe34258,residence,for-sale,5170,profondeville
namur,House,https://immovlan.be/en/detail/residence/for-sale/5640/mettet/vbe34242,vbe34242,residence,for-sale,5640,mettet
namur,House,https://immovlan.be/en/detail/residence/for-sale/5670/treignes/vbe34207,vbe34207,residence,for-sale,5670,treignes
namur,House,https://immovlan.be/en/detail/residence/for-sale/5580/rochefort/vbe33995,vbe33995,residence,for-sale,5580,rochefort
namur,House,https://immovlan.be/en/detail/mixed-building/in-public-sale/5081/meux/vbe33962,vbe33962,mixed-building,in-public-sale,5081,meux
namur,Apartment,https://immovlan.be/en/detail/apartment/for-sale/5590/ciney/vbe33921,vbe33921,apartment,for-sale,5590,ciney
namur,House,https://immovlan.be/en/detail/villa/for-sale/5650/walcourt/vbe33817,vbe33817,villa,for-sale,5650,walcourt
namur,House,https://immovlan.be/en/detail/residence/for-sale/5630/cerfontaine/vbe33816,vbe33816,residence,for-sale,5630,cerfontaine
namur,House,https://immovlan.be/en/detail/residence/for-sale/5530/yvoir/rbw18518,rbw18518,residence,for-sale,5530,yvoir
namur,House,https://immovlan.be/en/detail/residence/for-sale/5060/velaine-sur-sambre/vbe33807,vbe33807,residence,for-sale,5060,velaine-sur-sambre
namur,House,https://immovlan.be/en/detail/residence/for-sale/5020/malonne/vbe33796,vbe33796,residence,for-sale,5020,malonne
namur,Apartment,https://immovlan.be/en/detail/apartment/for-sale/5100/jambes/vbe33710,vbe33710,apartment,for-sale,5100,jambes
namur,House,https://immovlan.be/en/detail/residence/for-sale/5640/saint-gerard/vbe33630,vbe33630,residence,for-sale,5640,saint-gerard
namur,House,https://immovlan.be/en/detail/residence/for-sale/5575/patignies/vbe33620,vbe33620,residence,for-sale,5575,patignies
namur,House,https://immovlan.be/en/detail/residence/for-sale/5100/dave/vbe33555,vbe33555,residence,for-sale,5100,dave
namur,House,https://immovlan.be/en/detail/residence/for-sale/5100/dave/vbe33554,vbe33554,residence,for-sale,5100,dave
namur,House,https://immovlan.be/en/detail/mixed-building/for-sale/5000/namur/vbe33528,vbe33528,mixed-building,for-sale,5000,namur
namur,Apartment,https://immovlan.be/en/detail/triplex/for-sale/5300/andenne/vbe33527,vbe33527,triplex,for-sale,5300,andenne
namur,House,https://immovlan.be/en/detail/residence/for-sale/5060/arsimont/vbe33517,vbe33517,residence,for-sale,5060,arsimont
namur,House,https://immovlan.be/en/detail/residence/for-sale/5060/arsimont/vbe33516,vbe33516,residence,for-sale,5060,arsimont
namur,House,https://immovlan.be/en/detail/villa/for-sale/5310/eghezee/vbe33441,vbe33441,villa,for-sale,5310,eghezee
namur,House,https://immovlan.be/en/detail/villa/for-sale/5363/emptinne/vbe33428,vbe33428,villa,for-sale,5363,emptinne
namur,House,https://immovlan.be/en/detail/master-house/for-sale/5575/gedinne/vbe33388,vbe33388,master-house,for-sale,5575,gedinne
namur,House,https://immovlan.be/en/detail/residence/for-sale/5000/namur/rwc42753,rwc42753,residence,for-sale,5000,namur
namur,Apartment,https://immovlan.be/en/detail/apartment/for-sale/5500/dinant/vbe33273,vbe33273,apartment,for-sale,5500,dinant
namur,House,https://immovlan.be/en/detail/residence/for-sale/5060/velaine-sur-sambre/vbe33272,vbe33272,residence,for-sale,5060,velaine-sur-sambre
namur,Apartment,https://immovlan.be/en/detail/apartment/for-sale/5000/namur/vbe33162,vbe33162,apartment,for-sale,5000,namur
namur,House,https://immovlan.be/en/detail/villa/for-sale/5500/dinant/vbe33110,vbe33110,villa,for-sale,5500,dinant
namur,House,https://immovlan.be/en/detail/villa/for-sale/5070/vitrival/vbe33106,vbe33106,villa,for-sale,5070,vitrival
namur,House,https://immovlan.be/en/detail/villa/for-sale/5340/faulx-les-tombes/vbe33019,vbe33019,villa,for-sale,5340,faulx-les-tombes
namur,House,https://immovlan.be/en/detail/residence/for-sale/5660/bruly-de-pesche/vbe33000,vbe33000,residence,for-sale,5660,bruly-de-pesche
namur,Apartment,https://immovlan.be/en/detail/apartment/for-sale/5300/andenne/vbe32996,vbe32996,apartment,for-sale,5300,andenne
namur,House,https://immovlan.be/en/detail/residence/for-sale/5300/vezin/vbe32995,vbe32995,residence,for-sale,5300,vezin
namur,Apartment,https://immovlan.be/en/detail/apartment/for-sale/5100/jambes/vbe32991,vbe32991,apartment,for-sale,5100,jambes
namur,House,https://immovlan.be/en/detail/villa/for-sale/5670/dourbes/vbe32825,vbe32825,villa,for-sale,5670,dourbes
namur,Apartment,https://immovlan.be/en/detail/apartment/for-sale/5600/philippeville/vwd17765,vwd17765,apartment,for-sale,5600,philippeville
namur,House,https://immovlan.be/en/detail/residence/for-sale/5550/bohan/vbe32793,vbe32793,residence,for-sale,5550,bohan
namur,House,https://immovlan.be/en/detail/residence/for-sale/5377/somme-leuze/vbe32783,vbe32783,residence,for-sale,5377,somme-leuze
namur,House,https://immovlan.be/en/detail/residence/for-sale/5660/mariembourg/vbe32777,vbe32777,residence,for-sale,5660,mariembourg
namur,Apartment,https://immovlan.be/en/detail/apartment/for-sale/5030/gembloux/vbe32725,vbe32725,apartment,for-sale,5030,gembloux
namur,House,https://immovlan.be/en/detail/bungalow/for-sale/5540/hastiere/vbe32602,vbe32602,bungalow,for-sale,5540,hastiere
namur,House,https://immovlan.be/en/detail/residence/for-sale/5590/ciney/vbe32579,vbe32579,residence,for-sale,5590,ciney
namur,House,https://immovlan.be/en/detail/residence/for-sale/5170/profondeville/vbe32541,vbe32541,residence,for-sale,5170,profondeville
namur,House,https://immovlan.be/en/detail/residence/for-sale/5575/willerzie/vwd17753,vwd17753,residence,for-sale,5575,willerzie
namur,Apartment,https://immovlan.be/en/detail/ground-floor/for-sale/5000/namur/vbe32351,vbe32351,ground-floor,for-sale,5000,namur
namur,House,https://immovlan.be/en/detail/residence/for-sale/5600/roly/vbe32278,vbe32278,residence,for-sale,5600,roly
namur,House,https://immovlan.be/en/detail/residence/for-sale/5060/auvelais/vbe32243,vbe32243,residence,for-sale,5060,auvelais
namur,House,https://immovlan.be/en/detail/residence/for-sale/5330/assesse/vbe32242,vbe32242,residence,for-sale,5330,assesse
namur,House,https://immovlan.be/en/detail/residence/for-sale/5000/namur/vbe32240,vbe32240,residence,for-sale,5000,namur
namur,Apartment,https://immovlan.be/en/detail/apartment/for-sale/5310/eghezee/vbe32191,vbe32191,apartment,for-sale,5310,eghezee
namur,House,https://immovlan.be/en/detail/bungalow/for-sale/5600/roly/vbe32137,vbe32137,bungalow,for-sale,5600,roly
namur,House,https://immovlan.be/en/detail/residence/for-sale/5620/florennes/vwd17742,vwd17742,residence,for-sale,5620,florennes
namur,House,https://immovlan.be/en/detail/residence/for-sale/5100/wepion/vbe31896,vbe31896,residence,for-sale,5100,wepion
namur,House,https://immovlan.be/en/detail/residence/for-sale/5561/celles/vbe31894,vbe31894,residence,for-sale,5561,celles
namur,House,https://immovlan.be/en/detail/residence/for-sale/5561/celles/vbe31893,vbe31893,residence,for-sale,5561,celles
namur,House,https://immovlan.be/en/detail/residence/for-sale/5574/pondrome/vbe31849,vbe31849,residence,for-sale,5574,pondrome
namur,House,https://immovlan.be/en/detail/residence/for-sale/5550/alle/vwd17729,vwd17729,residence,for-sale,5550,alle
namur,House,https://immovlan.be/en/detail/bungalow/for-sale/5530/yvoir/vbe31773,vbe31773,bungalow,for-sale,5530,yvoir
namur,House,https://immovlan.be/en/detail/residence/for-sale/5550/sugny/vbe31769,vbe31769,residence,for-sale,5550,sugny
namur,House,https://immovlan.be/en/detail/residence/for-sale/5570/beauraing/vbe31748,vbe31748,residence,for-sale,5570,beauraing
namur,House,https://immovlan.be/en/detail/residence/for-sale/5620/florennes/vbe31694,vbe31694,residence,for-sale,5620,florennes
namur,House,https://immovlan.be/en/detail/residence/for-sale/5540/hastiere-lavaux/vbe31660,vbe31660,residence,for-sale,5540,hastiere-lavaux
namur,House,https://immovlan.be/en/detail/residence/for-sale/5570/beauraing/vbe31659,vbe31659,residence,for-sale,5570,beauraing
namur,House,https://immovlan.be/en/detail/residence/for-sale/5020/malonne/vbe31605,vbe31605,residence,for-sale,5020,malonne
namur,House,https://immovlan.be/en/detail/residence/for-sale/5530/yvoir/vbe31574,vbe31574,residence,for-sale,5530,yvoir
namur,House,https://immovlan.be/en/detail/residence/for-sale/5530/yvoir/vbe31572,vbe31572,residence,for-sale,5530,yvoir
namur,House,https://immovlan.be/en/detail/residence/for-sale/5150/floreffe/vbe31571,vbe31571,residence,for-sale,5150,floreffe
namur,House,https://immovlan.be/en/detail/residence/for-sale/5351/haillot/vbe31570,vbe31570,residence,for-sale,5351,haillot
namur,House,https://immovlan.be/en/detail/residence/for-sale/5351/haillot/vbe31547,vbe31547,residence,for-sale,5351,haillot
namur,House,https://immovlan.be/en/detail/residence/for-sale/5340/gesves/vbe31546,vbe31546,residence,for-sale,5340,gesves
namur,House,https://immovlan.be/en/detail/residence/for-sale/5340/gesves/vbe31545,vbe31545,residence,for-sale,5340,gesves
namur,House,https://immovlan.be/en/detail/residence/for-sale/5020/malonne/vbe31544,vbe31544,residence,for-sale,5020,malonne
namur,House,https://immovlan.be/en/detail/villa/for-sale/5650/walcourt/vbe31515,vbe31515,villa,for-sale,5650,walcourt
namur,House,https://immovlan.be/en/detail/residence/for-sale/5020/malonne/vbe31504,vbe31504,residence,for-sale,5020,malonne
namur,House,https://immovlan.be/en/detail/residence/for-sale/5570/beauraing/vbe31446,vbe31446,residence,for-sale,5570,beauraing
namur,House,https://immovlan.be/en/detail/residence/for-sale/5555/bievre/vwd17719,vwd17719,residence,for-sale,5555,bievre
namur,House,https://immovlan.be/en/detail/villa/for-sale/5651/tarcienne/vbe31442,vbe31442,villa,for-sale,5651,tarcienne
namur,House,https://immovlan.be/en/detail/villa/for-sale/5100/wepion/vbe31430,vbe31430,villa,for-sale,5100,wepion
namur,House,https://immovlan.be/en/detail/residence/for-sale/5002/saint-servais/vbe31341,vbe31341,residence,for-sale,5002,saint-servais
namur,House,https://immovlan.be/en/detail/residence/for-sale/5590/ciney/vbe31326,vbe31326,residence,for-sale,5590,ciney
namur,House,https://immovlan.be/en/detail/residence/for-sale/5590/ciney/vbe31324,vbe31324,residence,for-sale,5590,ciney
namur,House,https://immovlan.be/en/detail/villa/in-public-sale/5170/lesve/vbe31308,vbe31308,villa,in-public-sale,5170,lesve
namur,House,https://immovlan.be/en/detail/residence/for-sale/5555/bievre/vbe31250,vbe31250,residence,for-sale,5555,bievre
namur,House,https://immovlan.be/en/detail/residence/for-sale/5680/gimnee/vbe31211,vbe31211,residence,for-sale,5680,gimnee
namur,House,https://immovlan.be/en/detail/residence/for-sale/5570/beauraing/vbe31210,vbe31210,residence,for-sale,5570,beauraing
namur,House,https://immovlan.be/en/detail/villa/for-sale/5660/aublain/vbe31204,vbe31204,villa,for-sale,5660,aublain
namur,House,https://immovlan.be/en/detail/residence/for-sale/5660/couvin/vbe31202,vbe31202,residence,for-sale,5660,couvin
namur,House,https://immovlan.be/en/detail/residence/for-sale/5150/floreffe/vbe31166,vbe31166,residence,for-sale,5150,floreffe
namur,House,https://immovlan.be/en/detail/residence/for-sale/5150/floreffe/vbe31163,vbe31163,residence,for-sale,5150,floreffe
namur,House,https://immovlan.be/en/detail/residence/for-sale/5150/floreffe/vbe31161,vbe31161,residence,for-sale,5150,floreffe
namur,House,https://immovlan.be/en/detail/residence/for-sale/5150/floreffe/vbe31162,vbe31162,residence,for-sale,5150,floreffe
namur,House,https://immovlan.be/en/detail/residence/for-sale/5150/floreffe/vbe31160,vbe31160,residence,for-sale,5150,floreffe
namur,House,https://immovlan.be/en/detail/residence/for-sale/5150/floreffe/vbe31159,vbe31159,residence,for-sale,5150,floreffe
namur,House,https://immovlan.be/en/detail/residence/for-sale/5500/dinant/vbe31130,vbe31130,residence,for-sale,5500,dinant
namur,House,https://immovlan.be/en/detail/residence/for-sale/5140/ligny/vbe31115,vbe31115,residence,for-sale,5140,ligny
namur,House,https://immovlan.be/en/detail/residence/for-sale/5170/bois-de-villers/vbe31048,vbe31048,residence,for-sale,5170,bois-de-villers
namur,Apartment,https://immovlan.be/en/detail/apartment/for-sale/5000/namur/vbe31024,vbe31024,apartment,for-sale,5000,namur
namur,Apartment,https://immovlan.be/en/detail/apartment/for-sale/5000/namur/vbe31023,vbe31023,apartment,for-sale,5000,namur
namur,House,https://immovlan.be/en/detail/residence/for-sale/5630/cerfontaine/vbe31022,vbe31022,residence,for-sale,5630,cerfontaine
namur,House,https://immovlan.be/en/detail/villa/for-sale/5020/flawinne/vbe30977,vbe30977,villa,for-sale,5020,flawinne
namur,House,https://immovlan.be/en/detail/residence/for-sale/5300/andenne/vbe30957,vbe30957,residence,for-sale,5300,andenne
namur,Apartment,https://immovlan.be/en/detail/apartment/for-sale/5650/walcourt/vbe30875,vbe30875,apartment,for-sale,5650,walcourt
namur,House,https://immovlan.be/en/detail/residence/for-sale/5030/gembloux/vbe30820,vbe30820,residence,for-sale,5030,gembloux
namur,House,https://immovlan.be/en/detail/cottage/for-sale/5590/braibant/vbe30812,vbe30812,cottage,for-sale,5590,braibant
namur,House,https://immovlan.be/en/detail/residence/for-sale/5560/houyet/vbe30782,vbe30782,residence,for-sale,5560,houyet
namur,House,https://immovlan.be/en/detail/residence/for-sale/5560/houyet/vbe30781,vbe30781,residence,for-sale,5560,houyet
namur,Apartment,https://immovlan.be/en/detail/apartment/for-sale/5000/namur/vbe30767,vbe30767,apartment,for-sale,5000,namur
namur,House,https://immovlan.be/en/detail/residence/for-sale/6810/izel/vbe30726,vbe30726,residence,for-sale,6810,izel
namur,House,https://immovlan.be/en/detail/residence/for-sale/5537/denee/vbe30604,vbe30604,residence,for-sale,5537,denee
namur,House,https://immovlan.be/en/detail/residence/for-sale/5530/mont/vbe30603,vbe30603,residence,for-sale,5530,mont
namur,House,https://immovlan.be/en/detail/residence/for-sale/5000/namur/vbe30602,vbe30602,residence,for-sale,5000,namur
namur,House,https://immovlan.be/en/detail/chalet/for-sale/5542/blaimont/vbe30596,vbe30596,chalet,for-sale,5542,blaimont
namur,House,https://immovlan.be/en/detail/residence/for-sale/5680/romeree/vbe30539,vbe30539,residence,for-sale,5680,romeree
namur,House,https://immovlan.be/en/detail/chalet/for-sale/5530/yvoir/vbe30482,vbe30482,chalet,for-sale,5530,yvoir
namur,House,https://immovlan.be/en/detail/residence/for-sale/5060/sambreville/vbe30466,vbe30466,residence,for-sale,5060,sambreville
namur,House,https://immovlan.be/en/detail/residence/for-sale/5020/malonne/vbe30440,vbe30440,residence,for-sale,5020,malonne
namur,House,https://immovlan.be/en/detail/residence/for-sale/5020/malonne/vbe30430,vbe30430,residence,for-sale,5020,malonne
namur,House,https://immovlan.be/en/detail/villa/for-sale/5650/walcourt/vbe30424,vbe30424,villa,for-sale,5650,walcourt
namur,House,https://immovlan.be/en/detail/residence/for-sale/5030/gembloux/vwd17692,vwd17692,residence,for-sale,5030,gembloux
namur,House,https://immovlan.be/en/detail/villa/for-sale/5150/floreffe/vbe30411,vbe30411,villa,for-sale,5150,floreffe
namur,House,https://immovlan.be/en/detail/residence/for-sale/5300/andenne/vbe30399,vbe30399,residence,for-sale,5300,andenne
namur,House,https://immovlan.be/en/detail/residence/for-sale/5540/hastiere-lavaux/vbe30238,vbe30238,residence,for-sale,5540,hastiere-lavaux
namur,House,https://immovlan.be/en/detail/residence/for-sale/5542/blaimont/rbw10668,rbw10668,residence,for-sale,5542,blaimont
namur,Apartment,https://immovlan.be/en/detail/apartment/for-sale/5300/andenne/vbe30197,vbe30197,apartment,for-sale,5300,andenne
namur,House,https://immovlan.be/en/detail/residence/for-sale/5580/jemelle/vbe30182,vbe30182,residence,for-sale,5580,jemelle
namur,Apartment,https://immovlan.be/en/detail/apartment/for-sale/5590/ciney/vbe30181,vbe30181,apartment,for-sale,5590,ciney
namur,Apartment,https://immovlan.be/en/detail/apartment/for-sale/5590/ciney/vbe30180,vbe30180,apartment,for-sale,5590,ciney
namur,House,https://immovlan.be/en/detail/residence/for-sale/5377/hogne/vwd17658,vwd17658,residence,for-sale,5377,hogne
namur,House,https://immovlan.be/en/detail/residence/for-sale/5580/rochefort/vbd93212,vbd93212,residence,for-sale,5580,rochefort
namur,Apartment,https://immovlan.be/en/detail/apartment/for-sale/5030/gembloux/vbe30088,vbe30088,apartment,for-sale,5030,gembloux
namur,Apartment,https://immovlan.be/en/detail/apartment/for-sale/5030/gembloux/vbe30087,vbe30087,apartment,for-sale,5030,gembloux
namur,Apartment,https://immovlan.be/en/detail/apartment/for-sale/5030/gembloux/vbe30086,vbe30086,apartment,for-sale,5030,gembloux
namur,Apartment,https://immovlan.be/en/detail/studio/for-sale/5590/ciney/vbe25713,vbe25713,studio,for-sale,5590,ciney
namur,House,https://immovlan.be/en/detail/residence/for-sale/5640/mettet/vbe23331,vbe23331,residence,for-sale,5640,mettet
namur,House,https://immovlan.be/en/detail/residence/for-sale/5354/jallet/vbe25655,vbe25655,residence,for-sale,5354,jallet
namur,House,https://immovlan.be/en/detail/residence/for-sale/5500/dinant/vbe29788,vbe29788,residence,for-sale,5500,dinant
namur,House,https://immovlan.be/en/detail/residence/for-sale/5330/maillen/vbe29773,vbe29773,residence,for-sale,5330,maillen
namur,House,https://immovlan.be/en/detail/residence/for-sale/5630/senzeille/vbe29768,vbe29768,residence,for-sale,5630,senzeille
namur,House,https://immovlan.be/en/detail/residence/for-sale/5170/lustin/vbe19006,vbe19006,residence,for-sale,5170,lustin
namur,House,https://immovlan.be/en/detail/residence/for-sale/5620/florennes/rbw09921,rbw09921,residence,for-sale,5620,florennes
namur,House,https://immovlan.be/en/detail/residence/in-public-sale/5660/couvin/vbe29570,vbe29570,residence,in-public-sale,5660,couvin
namur,Apartment,https://immovlan.be/en/detail/apartment/for-sale/5500/dinant/vbe29537,vbe29537,apartment,for-sale,5500,dinant
namur,Apartment,https://immovlan.be/en/detail/apartment/for-sale/5500/dinant/vbe29536,vbe29536,apartment,for-sale,5500,dinant
namur,Apartment,https://immovlan.be/en/detail/apartment/for-sale/5500/dinant/vbe29535,vbe29535,apartment,for-sale,5500,dinant
namur,House,https://immovlan.be/en/detail/residence/for-sale/5000/namur/vbe29533,vbe29533,residence,for-sale,5000,namur
namur,House,https://immovlan.be/en/detail/residence/for-sale/5580/rochefort/vbe29448,vbe29448,residence,for-sale,5580,rochefort
namur,House,https://immovlan.be/en/detail/villa/for-sale/5570/beauraing/vbe24743,vbe24743,villa,for-sale,5570,beauraing
namur,House,https://immovlan.be/en/detail/residence/for-sale/5575/gedinne/vbe29296,vbe29296,residence,for-sale,5575,gedinne
namur,House,https://immovlan.be/en/detail/mansion/for-sale/5000/namur/vbe29294,vbe29294,mansion,for-sale,5000,namur
namur,House,https://immovlan.be/en/detail/residence/for-sale/5590/ciney/vwd17675,vwd17675,residence,for-sale,5590,ciney
namur,House,https://immovlan.be/en/detail/residence/for-sale/5360/natoye/vbd78394,vbd78394,residence,for-sale,5360,natoye
namur,House,https://immovlan.be/en/detail/residence/for-sale/5543/heer/vbe29254,vbe29254,residence,for-sale,5543,heer
namur,House,https://immovlan.be/en/detail/chalet/for-sale/5540/hastiere/vbe29253,vbe29253,chalet,for-sale,5540,hastiere
namur,House,https://immovlan.be/en/detail/residence/for-sale/5640/mettet/vbe29223,vbe29223,residence,for-sale,5640,mettet
namur,Apartment,https://immovlan.be/en/detail/apartment/for-sale/5000/namur/vbe29206,vbe29206,apartment,for-sale,5000,namur
namur,House,https://immovlan.be/en/detail/residence/for-sale/5600/roly/vbe29202,vbe29202,residence,for-sale,5600,roly
namur,Apartment,https://immovlan.be/en/detail/apartment/for-sale/5000/namur/vbe29189,vbe29189,apartment,for-sale,5000,namur
namur,Apartment,https://immovlan.be/en/detail/apartment/for-sale/5030/gembloux/vbe23013,vbe23013,apartment,for-sale,5030,gembloux
namur,House,https://immovlan.be/en/detail/chalet/for-sale/5542/blaimont/rbw09156,rbw09156,chalet,for-sale,5542,blaimont
namur,House,https://immovlan.be/en/detail/residence/for-sale/5140/sombreffe/vbe29079,vbe29079,residence,for-sale,5140,sombreffe
namur,House,https://immovlan.be/en/detail/villa/for-sale/5500/bouvignes-sur-meuse/vbe28952,vbe28952,villa,for-sale,5500,bouvignes-sur-meuse
namur,House,https://immovlan.be/en/detail/residence/for-sale/5590/ciney/vbe28936,vbe28936,residence,for-sale,5590,ciney
namur,House,https://immovlan.be/en/detail/residence/for-sale/5580/rochefort/vbe28925,vbe28925,residence,for-sale,5580,rochefort
namur,House,https://immovlan.be/en/detail/residence/for-sale/5650/walcourt/vbe31174,vbe31174,residence,for-sale,5650,walcourt
namur,House,https://immovlan.be/en/detail/villa/for-sale/5100/jambes/vbe14848,vbe14848,villa,for-sale,5100,jambes
namur,Apartment,https://immovlan.be/en/detail/apartment/for-sale/5300/seilles/vbe30394,vbe30394,apartment,for-sale,5300,seilles
namur,House,https://immovlan.be/en/detail/residence/for-sale/5300/seilles/vbe30392,vbe30392,residence,for-sale,5300,seilles
namur,House,https://immovlan.be/en/detail/villa/for-sale/5660/aublain/vbe29923,vbe29923,villa,for-sale,5660,aublain
namur,House,https://immovlan.be/en/detail/residence/for-sale/5640/mettet/vbe29912,vbe29912,residence,for-sale,5640,mettet
namur,House,https://immovlan.be/en/detail/residence/for-sale/5530/yvoir/vbe29888,vbe29888,residence,for-sale,5530,yvoir
namur,House,https://immovlan.be/en/detail/mixed-building/for-sale/5570/beauraing/vbe29823,vbe29823,mixed-building,for-sale,5570,beauraing
namur,House,https://immovlan.be/en/detail/residence/for-sale/5100/naninne/vbe28792,vbe28792,residence,for-sale,5100,naninne
namur,House,https://immovlan.be/en/detail/villa/for-sale/5081/bovesse/vbe28535,vbe28535,villa,for-sale,5081,bovesse
namur,House,https://immovlan.be/en/detail/residence/for-sale/5500/falmignoul/vbe28268,vbe28268,residence,for-sale,5500,falmignoul
namur,House,https://immovlan.be/en/detail/residence/for-sale/5630/daussois/vbe28083,vbe28083,residence,for-sale,5630,daussois
namur,House,https://immovlan.be/en/detail/villa/for-sale/5600/philippeville/vbe28080,vbe28080,villa,for-sale,5600,philippeville
namur,House,https://immovlan.be/en/detail/chalet/for-sale/5540/hastiere-lavaux/vbe27198,vbe27198,chalet,for-sale,5540,hastiere-lavaux
namur,House,https://immovlan.be/en/detail/residence/for-sale/5660/petigny/vbe27184,vbe27184,residence,for-sale,5660,petigny
namur,House,https://immovlan.be/en/detail/residence/for-sale/5660/couvin/vbe26748,vbe26748,residence,for-sale,5660,couvin
namur,House,https://immovlan.be/en/detail/residence/for-sale/5543/heer/vbe26493,vbe26493,residence,for-sale,5543,heer
namur,House,https://immovlan.be/en/detail/residence/for-sale/5600/fagnolle/vbe26486,vbe26486,residence,for-sale,5600,fagnolle
namur,House,https://immovlan.be/en/detail/residence/for-sale/5190/jemeppe-sur-sambre/vbe26477,vbe26477,residence,for-sale,5190,jemeppe-sur-sambre
namur,Apartment,https://immovlan.be/en/detail/apartment/for-sale/5580/rochefort/vbe26342,vbe26342,apartment,for-sale,5580,rochefort
namur,House,https://immovlan.be/en/detail/villa/for-sale/5300/andenne/vbe26106,vbe26106,villa,for-sale,5300,andenne
namur,House,https://immovlan.be/en/detail/villa/for-sale/5020/daussoulx/vbe26022,vbe26022,villa,for-sale,5020,daussoulx
namur,House,https://immovlan.be/en/detail/residence/for-sale/5580/rochefort/vbe25967,vbe25967,residence,for-sale,5580,rochefort
namur,House,https://immovlan.be/en/detail/residence/for-sale/5660/bruly/vbe25494,vbe25494,residence,for-sale,5660,bruly
namur,House,https://immovlan.be/en/detail/residence/for-sale/5500/dinant/vbe25272,vbe25272,residence,for-sale,5500,dinant
namur,House,https://immovlan.be/en/detail/residence/for-sale/5537/anhee/vbe25271,vbe25271,residence,for-sale,5537,anhee
namur,House,https://immovlan.be/en/detail/residence/for-sale/5000/namur/vbe24993,vbe24993,residence,for-sale,5000,namur
namur,House,https://immovlan.be/en/detail/residence/for-sale/5100/dave/vbe24992,vbe24992,residence,for-sale,5100,dave
namur,House,https://immovlan.be/en/detail/residence/for-sale/5000/namur/vbe24887,vbe24887,residence,for-sale,5000,namur
namur,Apartment,https://immovlan.be/en/detail/studio/for-sale/5000/namur/vbe24886,vbe24886,studio,for-sale,5000,namur
namur,House,https://immovlan.be/en/detail/residence/for-sale/5651/laneffe/rbv95577,rbv95577,residence,for-sale,5651,laneffe
namur,House,https://immovlan.be/en/detail/residence/for-sale/5030/gembloux/vbe24706,vbe24706,residence,for-sale,5030,gembloux
namur,House,https://immovlan.be/en/detail/villa/for-sale/5060/arsimont/rbv78781,rbv78781,villa,for-sale,5060,arsimont
namur,House,https://immovlan.be/en/detail/residence/for-sale/5650/yves-gomezee/vbe24514,vbe24514,residence,for-sale,5650,yves-gomezee
namur,House,https://immovlan.be/en/detail/residence/for-sale/5150/floreffe/vbe24157,vbe24157,residence,for-sale,5150,floreffe
namur,House,https://immovlan.be/en/detail/cottage/for-sale/5140/sombreffe/vbe23953,vbe23953,cottage,for-sale,5140,sombreffe
namur,House,https://immovlan.be/en/detail/residence/for-sale/5640/saint-gerard/vbe23894,vbe23894,residence,for-sale,5640,saint-gerard
namur,House,https://immovlan.be/en/detail/residence/for-sale/5020/champion/vbe23091,vbe23091,residence,for-sale,5020,champion
namur,House,https://immovlan.be/en/detail/residence/for-sale/5150/floreffe/vbe23089,vbe23089,residence,for-sale,5150,floreffe
namur,Apartment,https://immovlan.be/en/detail/ground-floor/for-sale/5000/namur/vbe23064,vbe23064,ground-floor,for-sale,5000,namur
namur,Apartment,https://immovlan.be/en/detail/ground-floor/for-sale/5000/namur/vbe23063,vbe23063,ground-floor,for-sale,5000,namur
namur,Apartment,https://immovlan.be/en/detail/apartment/for-sale/5000/namur/vbe23062,vbe23062,apartment,for-sale,5000,namur
namur,Apartment,https://immovlan.be/en/detail/studio/for-sale/5000/namur/vbe23051,vbe23051,studio,for-sale,5000,namur
namur,House,https://immovlan.be/en/detail/residence/for-sale/5024/marche-les-dames/vbe21959,vbe21959,residence,for-sale,5024,marche-les-dames
namur,Apartment,https://immovlan.be/en/detail/studio/for-sale/5000/namur/vbe21825,vbe21825,studio,for-sale,5000,namur
namur,House,https://immovlan.be/en/detail/residence/for-sale/5000/namur/vbe21823,vbe21823,residence,for-sale,5000,namur
namur,Apartment,https://immovlan.be/en/detail/studio/for-sale/5000/namur/vbe21819,vbe21819,studio,for-sale,5000,namur
namur,House,https://immovlan.be/en/detail/residence/for-sale/5060/arsimont/vbe20702,vbe20702,residence,for-sale,5060,arsimont
namur,House,https://immovlan.be/en/detail/residence/for-sale/5060/arsimont/vbe20701,vbe20701,residence,for-sale,5060,arsimont
namur,House,https://immovlan.be/en/detail/residence/for-sale/5640/biesme/vbe20390,vbe20390,residence,for-sale,5640,biesme
namur,House,https://immovlan.be/en/detail/residence/for-sale/5060/arsimont/vbe20377,vbe20377,residence,for-sale,5060,arsimont
namur,House,https://immovlan.be/en/detail/residence/for-sale/5640/mettet/vbe19525,vbe19525,residence,for-sale,5640,mettet
namur,House,https://immovlan.be/en/detail/residence/for-sale/5550/vresse-sur-semois/vbe19282,vbe19282,residence,for-sale,5550,vresse-sur-semois
namur,House,https://immovlan.be/en/detail/residence/for-sale/5190/spy/vbe18684,vbe18684,residence,for-sale,5190,spy
namur,House,https://immovlan.be/en/detail/mixed-building/for-sale/5310/eghezee/vbe18523,vbe18523,mixed-building,for-sale,5310,eghezee
namur,House,https://immovlan.be/en/detail/residence/for-sale/5550/vresse-sur-semois/vbe18462,vbe18462,residence,for-sale,5550,vresse-sur-semois
namur,House,https://immovlan.be/en/detail/villa/for-sale/5150/floreffe/vbe17943,vbe17943,villa,for-sale,5150,floreffe
namur,House,https://immovlan.be/en/detail/residence/for-sale/5640/mettet/vbe17935,vbe17935,residence,for-sale,5640,mettet
namur,Apartment,https://immovlan.be/en/detail/studio/for-sale/5300/andenne/vbe17187,vbe17187,studio,for-sale,5300,andenne
namur,Apartment,https://immovlan.be/en/detail/studio/for-sale/5000/namur/vbe16085,vbe16085,studio,for-sale,5000,namur
namur,House,https://immovlan.be/en/detail/residence/for-sale/5500/dinant/vbd68472,vbd68472,residence,for-sale,5500,dinant
namur,House,https://immovlan.be/en/detail/mixed-building/for-sale/5550/mouzaive/vbe14990,vbe14990,mixed-building,for-sale,5550,mouzaive
namur,House,https://immovlan.be/en/detail/residence/for-sale/5570/beauraing/vbe14745,vbe14745,residence,for-sale,5570,beauraing
namur,House,https://immovlan.be/en/detail/villa/for-sale/5300/seilles/vbe14726,vbe14726,villa,for-sale,5300,seilles
namur,House,https://immovlan.be/en/detail/residence/for-sale/5070/vitrival/vbe14495,vbe14495,residence,for-sale,5070,vitrival
namur,Apartment,https://immovlan.be/en/detail/apartment/for-sale/5300/andenne/vbe12873,vbe12873,apartment,for-sale,5300,andenne
namur,Apartment,https://immovlan.be/en/detail/apartment/for-sale/5300/andenne/vbe12872,vbe12872,apartment,for-sale,5300,andenne
namur,House,https://immovlan.be/en/detail/residence/for-sale/5530/godinne/vbe12414,vbe12414,residence,for-sale,5530,godinne
namur,Apartment,https://immovlan.be/en/detail/apartment/for-sale/5300/andenne/vbe11715,vbe11715,apartment,for-sale,5300,andenne
namur,House,https://immovlan.be/en/detail/mixed-building/for-sale/5650/yves-gomezee/vbe11706,vbe11706,mixed-building,for-sale,5650,yves-gomezee
namur,House,https://immovlan.be/en/detail/residence/for-sale/5620/florennes/vbd85594,vbd85594,residence,for-sale,5620,florennes
namur,House,https://immovlan.be/en/detail/residence/for-sale/5680/gochenee/vbe11226,vbe11226,residence,for-sale,5680,gochenee
namur,Apartment,https://immovlan.be/en/detail/apartment/for-sale/5000/namur/vbe10108,vbe10108,apartment,for-sale,5000,namur
namur,Apartment,https://immovlan.be/en/detail/studio/for-sale/5000/namur/vbe07684,vbe07684,studio,for-sale,5000,namur
namur,Apartment,https://immovlan.be/en/detail/apartment/for-sale/5170/lesve/vbe07289,vbe07289,apartment,for-sale,5170,lesve
namur,House,https://immovlan.be/en/detail/residence/for-sale/5300/andenne/vbe06182,vbe06182,residence,for-sale,5300,andenne
namur,House,https://immovlan.be/en/detail/residence/for-sale/5190/moustier-sur-sambre/vbe06029,vbe06029,residence,for-sale,5190,moustier-sur-sambre
namur,House,https://immovlan.be/en/detail/residence/for-sale/5670/oignies-en-thierache/vbe05900,vbe05900,residence,for-sale,5670,oignies-en-thierache
namur,House,https://immovlan.be/en/detail/villa/for-sale/5600/philippeville/vbe05218,vbe05218,villa,for-sale,5600,philippeville
namur,House,https://immovlan.be/en/detail/residence/for-sale/5575/vencimont/vwd16896,vwd16896,residence,for-sale,5575,vencimont
namur,House,https://immovlan.be/en/detail/residence/for-sale/5190/moustier-sur-sambre/vbe03202,vbe03202,residence,for-sale,5190,moustier-sur-sambre
namur,Apartment,https://immovlan.be/en/detail/apartment/for-sale/5650/walcourt/vbe03040,vbe03040,apartment,for-sale,5650,walcourt
namur,House,https://immovlan.be/en/detail/residence/for-sale/5170/bois-de-villers/rbv55751,rbv55751,residence,for-sale,5170,bois-de-villers
namur,House,https://immovlan.be/en/detail/residence/for-sale/5170/bois-de-villers/rbv55750,rbv55750,residence,for-sale,5170,bois-de-villers
namur,Apartment,https://immovlan.be/en/detail/apartment/for-sale/5300/andenne/vbe01319,vbe01319,apartment,for-sale,5300,andenne
namur,House,https://immovlan.be/en/detail/residence/for-sale/5570/beauraing/vbd86023,vbd86023,residence,for-sale,5570,beauraing
namur,Apartment,https://immovlan.be/en/detail/apartment/for-sale/5000/namur/vbd98971,vbd98971,apartment,for-sale,5000,namur
namur,House,https://immovlan.be/en/detail/residence/for-sale/5560/houyet/vbd97923,vbd97923,residence,for-sale,5560,houyet
namur,House,https://immovlan.be/en/detail/residence/for-sale/5600/sautour/vbd97151,vbd97151,residence,for-sale,5600,sautour
namur,House,https://immovlan.be/en/detail/villa/for-sale/5600/sart-en-fagne/vbd96224,vbd96224,villa,for-sale,5600,sart-en-fagne
namur,Apartment,https://immovlan.be/en/detail/apartment/for-sale/5600/philippeville/vbd95876,vbd95876,apartment,for-sale,5600,philippeville
namur,House,https://immovlan.be/en/detail/residence/for-sale/5530/yvoir/vbd94611,vbd94611,residence,for-sale,5530,yvoir
namur,House,https://immovlan.be/en/detail/villa/for-sale/5646/stave/vbd93080,vbd93080,villa,for-sale,5646,stave
namur,House,https://immovlan.be/en/detail/residence/for-sale/5060/falisolle/vbd92863,vbd92863,residence,for-sale,5060,falisolle
namur,House,https://immovlan.be/en/detail/chalet/for-sale/5630/cerfontaine/rbv37557,rbv37557,chalet,for-sale,5630,cerfontaine
namur,Apartment,https://immovlan.be/en/detail/apartment/for-sale/5350/ohey/vbd86636,vbd86636,apartment,for-sale,5350,ohey
namur,Apartment,https://immovlan.be/en/detail/apartment/for-sale/5350/ohey/vbd85921,vbd85921,apartment,for-sale,5350,ohey
namur,House,https://immovlan.be/en/detail/residence/for-sale/5660/couvin/vbd84641,vbd84641,residence,for-sale,5660,couvin
namur,House,https://immovlan.be/en/detail/residence/for-sale/5570/beauraing/vbd84184,vbd84184,residence,for-sale,5570,beauraing
namur,Apartment,https://immovlan.be/en/detail/apartment/for-sale/5300/andenne/vbd83210,vbd83210,apartment,for-sale,5300,andenne
namur,Apartment,https://immovlan.be/en/detail/apartment/for-sale/5300/andenne/vbd83209,vbd83209,apartment,for-sale,5300,andenne
namur,House,https://immovlan.be/en/detail/residence/for-sale/5640/mettet/vbd82698,vbd82698,residence,for-sale,5640,mettet
namur,House,https://immovlan.be/en/detail/residence/for-sale/5500/dinant/vbd75290,vbd75290,residence,for-sale,5500,dinant
namur,House,https://immovlan.be/en/detail/chalet/for-sale/5530/yvoir/vbd58019,vbd58019,chalet,for-sale,5530,yvoir
namur,House,https://immovlan.be/en/detail/villa/for-sale/5650/walcourt/vbd69770,vbd69770,villa,for-sale,5650,walcourt
namur,House,https://immovlan.be/en/detail/residence/for-sale/5550/vresse-sur-semois/vbd68824,vbd68824,residence,for-sale,5550,vresse-sur-semois
namur,House,https://immovlan.be/en/detail/residence/for-sale/5660/couvin/vbd67428,vbd67428,residence,for-sale,5660,couvin
namur,House,https://immovlan.be/en/detail/mixed-building/for-sale/5060/auvelais/vbd58843,vbd58843,mixed-building,for-sale,5060,auvelais
namur,House,https://immovlan.be/en/detail/residence/for-sale/5670/dourbes/vbd51526,vbd51526,residence,for-sale,5670,dourbes
namur,House,https://immovlan.be/en/detail/mixed-building/for-sale/5600/philippeville/vbd51455,vbd51455,mixed-building,for-sale,5600,philippeville
namur,Apartment,https://immovlan.be/en/detail/apartment/for-sale/5300/andenne/vbd50533,vbd50533,apartment,for-sale,5300,andenne
namur,House,https://immovlan.be/en/detail/residence/for-sale/5660/petite-chapelle/vbd45568,vbd45568,residence,for-sale,5660,petite-chapelle
namur,House,https://immovlan.be/en/detail/mixed-building/for-sale/5060/auvelais/vbd41622,vbd41622,mixed-building,for-sale,5060,auvelais
namur,House,https://immovlan.be/en/detail/residence/for-sale/5190/moustier-sur-sambre/vbd41209,vbd41209,residence,for-sale,5190,moustier-sur-sambre
namur,Apartment,https://immovlan.be/en/detail/penthouse/for-sale/5300/seilles/vbd39927,vbd39927,penthouse,for-sale,5300,seilles
namur,House,https://immovlan.be/en/detail/residence/for-sale/5670/oignies-en-thierache/vbd21807,vbd21807,residence,for-sale,5670,oignies-en-thierache
namur,House,https://immovlan.be/en/detail/residence/for-sale/5070/vitrival/vbc78968,vbc78968,residence,for-sale,5070,vitrival
namur,House,https://immovlan.be/en/detail/chalet/for-sale/5542/blaimont/rbt31389,rbt31389,chalet,for-sale,5542,blaimont
namur,House,https://immovlan.be/en/detail/residence/for-sale/5670/nismes/vbd05109,vbd05109,residence,for-sale,5670,nismes
namur,House,https://immovlan.be/en/detail/residence/for-sale/5000/namur/vbc41845,vbc41845,residence,for-sale,5000,namur
namur,House,https://immovlan.be/en/detail/residence/for-sale/5660/mariembourg/vba67178,vba67178,residence,for-sale,5660,mariembourg
namur,House,https://immovlan.be/en/detail/residence/for-sale/5660/mariembourg/vba67177,vba67177,residence,for-sale,5660,mariembourg
namur,House,https://immovlan.be/en/detail/residence/for-sale/5660/gonrieux/vaz96981,vaz96981,residence,for-sale,5660,gonrieux
namur,House,https://immovlan.be/en/detail/residence/for-sale/5560/houyet/vbe28829,vbe28829,residence,for-sale,5560,houyet
namur,House,https://immovlan.be/en/detail/residence/for-sale/5570/beauraing/vbe28828,vbe28828,residence,for-sale,5570,beauraing
namur,House,https://immovlan.be/en/detail/residence/for-sale/5300/andenne/vbe28798,vbe28798,residence,for-sale,5300,andenne
namur,Apartment,https://immovlan.be/en/detail/apartment/for-sale/5300/andenne/vbe28795,vbe28795,apartment,for-sale,5300,andenne
namur,House,https://immovlan.be/en/detail/residence/for-sale/5570/feschaux/vbe28786,vbe28786,residence,for-sale,5570,feschaux
namur,House,https://immovlan.be/en/detail/chalet/for-sale/5542/blaimont/vbd66179,vbd66179,chalet,for-sale,5542,blaimont
namur,House,https://immovlan.be/en/detail/bungalow/for-sale/5540/hastiere/vbe02458,vbe02458,bungalow,for-sale,5540,hastiere
liege,House,https://immovlan.be/en/detail/residence/for-sale/4602/cheratte/vbe34783,vbe34783,residence,for-sale,4602,cheratte
liege,Apartment,https://immovlan.be/en/detail/apartment/for-sale/4020/liege/vbe34618,vbe34618,apartment,for-sale,4020,liege
liege,House,https://immovlan.be/en/detail/residence/for-sale/4540/amay/vbe34335,vbe34335,residence,for-sale,4540,amay
liege,Apartment,https://immovlan.be/en/detail/apartment/for-sale/4980/trois-ponts/vbe33941,vbe33941,apartment,for-sale,4980,trois-ponts
liege,House,https://immovlan.be/en/detail/residence/for-sale/4100/seraing/vbe33728,vbe33728,residence,for-sale,4100,seraing
liege,Apartment,https://immovlan.be/en/detail/duplex/for-sale/4550/nandrin/vbe33719,vbe33719,duplex,for-sale,4550,nandrin
liege,Apartment,https://immovlan.be/en/detail/ground-floor/for-sale/4130/tilff/vbe33627,vbe33627,ground-floor,for-sale,4130,tilff
liege,Apartment,https://immovlan.be/en/detail/apartment/for-sale/4000/liege/vbe33173,vbe33173,apartment,for-sale,4000,liege
liege,House,https://immovlan.be/en/detail/residence/for-sale/4000/liege/vbe32686,vbe32686,residence,for-sale,4000,liege
liege,Apartment,https://immovlan.be/en/detail/apartment/for-sale/4300/waremme/vbe32553,vbe32553,apartment,for-sale,4300,waremme
liege,House,https://immovlan.be/en/detail/residence/for-sale/4430/ans/vbe31594,vbe31594,residence,for-sale,4430,ans
liege,Apartment,https://immovlan.be/en/detail/apartment/for-sale/4102/ougree/vbe31563,vbe31563,apartment,for-sale,4102,ougree
liege,Apartment,https://immovlan.be/en/detail/apartment/for-sale/4280/hannut/vbe31333,vbe31333,apartment,for-sale,4280,hannut
liege,House,https://immovlan.be/en/detail/residence/for-sale/4400/flemalle-grande/vbe30990,vbe30990,residence,for-sale,4400,flemalle-grande
liege,House,https://immovlan.be/en/detail/residence/for-sale/4970/stavelot/vwd16706,vwd16706,residence,for-sale,4970,stavelot
liege,House,https://immovlan.be/en/detail/residence/for-sale/4260/braives/vbe29284,vbe29284,residence,for-sale,4260,braives
liege,House,https://immovlan.be/en/detail/residence/for-sale/4040/herstal/vbe35483,vbe35483,residence,for-sale,4040,herstal
liege,House,https://immovlan.be/en/detail/mixed-building/for-sale/4130/esneux/vbe35482,vbe35482,mixed-building,for-sale,4130,esneux
liege,House,https://immovlan.be/en/detail/residence/for-sale/4420/saint-nicolas/vbe35481,vbe35481,residence,for-sale,4420,saint-nicolas
liege,Apartment,https://immovlan.be/en/detail/apartment/for-sale/4101/jemeppe/vbe35480,vbe35480,apartment,for-sale,4101,jemeppe
liege,House,https://immovlan.be/en/detail/residence/for-sale/4280/hannut/vbe35476,vbe35476,residence,for-sale,4280,hannut
liege,House,https://immovlan.be/en/detail/residence/for-sale/4791/thommen/vbe35458,vbe35458,residence,for-sale,4791,thommen
liege,House,https://immovlan.be/en/detail/residence/for-sale/4432/alleur/vbe35425,vbe35425,residence,for-sale,4432,alleur
liege,Apartment,https://immovlan.be/en/detail/apartment/for-sale/4020/liege/vbe35414,vbe35414,apartment,for-sale,4020,liege
liege,House,https://immovlan.be/en/detail/residence/for-sale/4260/braives/rbw23827,rbw23827,residence,for-sale,4260,braives
liege,House,https://immovlan.be/en/detail/residence/for-sale/4920/aywaille/vbe35394,vbe35394,residence,for-sale,4920,aywaille
liege,Apartment,https://immovlan.be/en/detail/apartment/for-sale/4120/neupre/rbw23736,rbw23736,apartment,for-sale,4120,neupre
liege,Apartment,https://immovlan.be/en/detail/apartment/for-sale/4100/boncelles/rbw23735,rbw23735,apartment,for-sale,4100,boncelles
liege,House,https://immovlan.be/en/detail/residence/for-sale/4870/trooz/vbe35383,vbe35383,residence,for-sale,4870,trooz
liege,House,https://immovlan.be/en/detail/residence/for-sale/4540/amay/vbe35374,vbe35374,residence,for-sale,4540,amay
liege,Apartment,https://immovlan.be/en/detail/apartment/for-sale/4000/liege/vbe35373,vbe35373,apartment,for-sale,4000,liege
liege,Apartment,https://immovlan.be/en/detail/apartment/for-sale/4000/glain/vbe35368,vbe35368,apartment,for-sale,4000,glain
liege,House,https://immovlan.be/en/detail/residence/for-sale/4300/waremme/vbe35365,vbe35365,residence,for-sale,4300,waremme
liege,House,https://immovlan.be/en/detail/residence/for-sale/4800/verviers/vbe35340,vbe35340,residence,for-sale,4800,verviers
liege,House,https://immovlan.be/en/detail/residence/for-sale/4053/embourg/vbe35337,vbe35337,residence,for-sale,4053,embourg
liege,House,https://immovlan.be/en/detail/residence/for-sale/4100/seraing/vbe35327,vbe35327,residence,for-sale,4100,seraing
liege,Apartment,https://immovlan.be/en/detail/apartment/for-sale/4500/huy/vbe35324,vbe35324,apartment,for-sale,4500,huy
liege,House,https://immovlan.be/en/detail/residence/for-sale/4030/grivegnee/vbe35313,vbe35313,residence,for-sale,4030,grivegnee
liege,House,https://immovlan.be/en/detail/residence/for-sale/4970/stavelot/vwd17844,vwd17844,residence,for-sale,4970,stavelot
liege,House,https://immovlan.be/en/detail/residence/for-sale/4850/montzen/vbe35266,vbe35266,residence,for-sale,4850,montzen
liege,House,https://immovlan.be/en/detail/residence/for-sale/4122/plainevaux/vbe35260,vbe35260,residence,for-sale,4122,plainevaux
liege,House,https://immovlan.be/en/detail/residence/for-sale/4100/seraing/vbe35241,vbe35241,residence,for-sale,4100,seraing
liege,House,https://immovlan.be/en/detail/mixed-building/for-sale/4720/kelmis/vbe35239,vbe35239,mixed-building,for-sale,4720,kelmis
liege,House,https://immovlan.be/en/detail/residence/for-sale/4430/ans/vbe35238,vbe35238,residence,for-sale,4430,ans
liege,House,https://immovlan.be/en/detail/residence/for-sale/4300/waremme/vbe35233,vbe35233,residence,for-sale,4300,waremme
liege,House,https://immovlan.be/en/detail/residence/for-sale/4300/waremme/vbe35232,vbe35232,residence,for-sale,4300,waremme
liege,House,https://immovlan.be/en/detail/residence/for-sale/4350/momalle/vbe35228,vbe35228,residence,for-sale,4350,momalle
liege,House,https://immovlan.be/en/detail/master-house/for-sale/4500/huy/vbe35223,vbe35223,master-house,for-sale,4500,huy
liege,Apartment,https://immovlan.be/en/detail/apartment/for-sale/4000/liege/vbe35222,vbe35222,apartment,for-sale,4000,liege
liege,House,https://immovlan.be/en/detail/residence/for-sale/4000/liege/vbe35136,vbe35136,residence,for-sale,4000,liege
liege,House,https://immovlan.be/en/detail/mixed-building/for-sale/4920/aywaille/vbe35090,vbe35090,mixed-building,for-sale,4920,aywaille
liege,House,https://immovlan.be/en/detail/residence/for-sale/4480/engis/rbw20358,rbw20358,residence,for-sale,4480,engis
liege,Apartment,https://immovlan.be/en/detail/apartment/for-sale/4000/glain/vbe35085,vbe35085,apartment,for-sale,4000,glain
liege,Apartment,https://immovlan.be/en/detail/apartment/for-sale/4500/huy/vbe35084,vbe35084,apartment,for-sale,4500,huy
liege,House,https://immovlan.be/en/detail/residence/for-sale/4460/grace-hollogne/vbe35083,vbe35083,residence,for-sale,4460,grace-hollogne
liege,Apartment,https://immovlan.be/en/detail/apartment/for-sale/4680/oupeye/vbe35046,vbe35046,apartment,for-sale,4680,oupeye
liege,House,https://immovlan.be/en/detail/residence/for-sale/4681/hermalle-sous-argenteau/vbe35045,vbe35045,residence,for-sale,4681,hermalle-sous-argenteau
liege,House,https://immovlan.be/en/detail/residence/for-sale/4130/esneux/vbe35044,vbe35044,residence,for-sale,4130,esneux
liege,House,https://immovlan.be/en/detail/residence/for-sale/4800/verviers/vbe34938,vbe34938,residence,for-sale,4800,verviers
liege,Apartment,https://immovlan.be/en/detail/apartment/for-sale/4020/liege/vbe34932,vbe34932,apartment,for-sale,4020,liege
liege,Apartment,https://immovlan.be/en/detail/apartment/for-sale/4458/fexhe-slins/vbe34904,vbe34904,apartment,for-sale,4458,fexhe-slins
liege,House,https://immovlan.be/en/detail/residence/for-sale/4690/boirs/vbe34898,vbe34898,residence,for-sale,4690,boirs
liege,House,https://immovlan.be/en/detail/villa/for-sale/4920/aywaille/vbe34897,vbe34897,villa,for-sale,4920,aywaille
liege,House,https://immovlan.be/en/detail/mixed-building/for-sale/4000/liege/vbe34896,vbe34896,mixed-building,for-sale,4000,liege
liege,Apartment,https://immovlan.be/en/detail/loft/for-sale/4630/soumagne/vbe34895,vbe34895,loft,for-sale,4630,soumagne
liege,House,https://immovlan.be/en/detail/residence/for-sale/4480/engis/vbe34887,vbe34887,residence,for-sale,4480,engis
liege,House,https://immovlan.be/en/detail/residence/for-sale/4300/waremme/vbe34882,vbe34882,residence,for-sale,4300,waremme
liege,House,https://immovlan.be/en/detail/residence/for-sale/4877/olne/rbw19745,rbw19745,residence,for-sale,4877,olne
liege,House,https://immovlan.be/en/detail/residence/for-sale/4460/grace-hollogne/vbe34869,vbe34869,residence,for-sale,4460,grace-hollogne
liege,House,https://immovlan.be/en/detail/mixed-building/for-sale/4830/limbourg/vbe34868,vbe34868,mixed-building,for-sale,4830,limbourg
liege,Apartment,https://immovlan.be/en/detail/apartment/for-sale/4000/liege/vbe34867,vbe34867,apartment,for-sale,4000,liege
liege,House,https://immovlan.be/en/detail/residence/for-sale/4000/liege/vbe34866,vbe34866,residence,for-sale,4000,liege
liege,Apartment,https://immovlan.be/en/detail/apartment/for-sale/4122/plainevaux/vbe34865,vbe34865,apartment,for-sale,4122,plainevaux
liege,House,https://immovlan.be/en/detail/residence/for-sale/4041/vottem/vbe34864,vbe34864,residence,for-sale,4041,vottem
liege,House,https://immovlan.be/en/detail/villa/for-sale/4140/sprimont/vbe34848,vbe34848,villa,for-sale,4140,sprimont
liege,House,https://immovlan.be/en/detail/residence/for-sale/4160/anthisnes/vbe34846,vbe34846,residence,for-sale,4160,anthisnes
liege,House,https://immovlan.be/en/detail/residence/for-sale/4990/lierneux/vbe34845,vbe34845,residence,for-sale,4990,lierneux
liege,House,https://immovlan.be/en/detail/residence/for-sale/4300/waremme/vbe34836,vbe34836,residence,for-sale,4300,waremme
liege,House,https://immovlan.be/en/detail/residence/for-sale/4300/waremme/vbe34835,vbe34835,residence,for-sale,4300,waremme
liege,House,https://immovlan.be/en/detail/residence/for-sale/4800/ensival/vbe34826,vbe34826,residence,for-sale,4800,ensival
liege,House,https://immovlan.be/en/detail/villa/for-sale/4600/vise/vbe34803,vbe34803,villa,for-sale,4600,vise
liege,House,https://immovlan.be/en/detail/residence/for-sale/4100/seraing/vbe34802,vbe34802,residence,for-sale,4100,seraing
liege,House,https://immovlan.be/en/detail/residence/for-sale/4651/battice/vbe34801,vbe34801,residence,for-sale,4651,battice
liege,House,https://immovlan.be/en/detail/residence/for-sale/4690/glons/vbe34800,vbe34800,residence,for-sale,4690,glons
liege,House,https://immovlan.be/en/detail/residence/for-sale/4877/olne/vbe34797,vbe34797,residence,for-sale,4877,olne
liege,House,https://immovlan.be/en/detail/residence/for-sale/4100/seraing/vbe34778,vbe34778,residence,for-sale,4100,seraing
liege,Apartment,https://immovlan.be/en/detail/apartment/for-sale/4040/herstal/vbe34777,vbe34777,apartment,for-sale,4040,herstal
liege,House,https://immovlan.be/en/detail/residence/for-sale/4000/liege/vbe34775,vbe34775,residence,for-sale,4000,liege
liege,House,https://immovlan.be/en/detail/residence/for-sale/4790/burg/vbe34747,vbe34747,residence,for-sale,4790,burg
liege,House,https://immovlan.be/en/detail/residence/for-sale/4431/loncin/vbe34744,vbe34744,residence,for-sale,4431,loncin
liege,Apartment,https://immovlan.be/en/detail/duplex/for-sale/4431/loncin/vbe34743,vbe34743,duplex,for-sale,4431,loncin
liege,House,https://immovlan.be/en/detail/residence/for-sale/4030/grivegnee/vbe34740,vbe34740,residence,for-sale,4030,grivegnee
liege,House,https://immovlan.be/en/detail/villa/for-sale/4050/chaudfontaine/vbe34739,vbe34739,villa,for-sale,4050,chaudfontaine
liege,House,https://immovlan.be/en/detail/bungalow/for-sale/4880/aubel/vbe34693,vbe34693,bungalow,for-sale,4880,aubel
liege,House,https://immovlan.be/en/detail/residence/for-sale/4000/liege/vbe34692,vbe34692,residence,for-sale,4000,liege
liege,House,https://immovlan.be/en/detail/villa/for-sale/4801/stembert/vbe34660,vbe34660,villa,for-sale,4801,stembert
liege,Apartment,https://immovlan.be/en/detail/apartment/for-sale/4780/saint-vith/vbe34610,vbe34610,apartment,for-sale,4780,saint-vith
liege,House,https://immovlan.be/en/detail/residence/for-sale/4900/spa/vbe34583,vbe34583,residence,for-sale,4900,spa
liege,House,https://immovlan.be/en/detail/residence/for-sale/4020/liege/vbe34580,vbe34580,residence,for-sale,4020,liege
liege,House,https://immovlan.be/en/detail/residence/for-sale/4730/raeren/vbe34575,vbe34575,residence,for-sale,4730,raeren
liege,Apartment,https://immovlan.be/en/detail/apartment/for-sale/4721/kelmis/vbe34564,vbe34564,apartment,for-sale,4721,kelmis
liege,House,https://immovlan.be/en/detail/residence/for-sale/4050/chaudfontaine/vbe34562,vbe34562,residence,for-sale,4050,chaudfontaine
liege,House,https://immovlan.be/en/detail/residence/for-sale/4140/sprimont/vbe34561,vbe34561,residence,for-sale,4140,sprimont
liege,House,https://immovlan.be/en/detail/mixed-building/for-sale/4180/hamoir/vbe34553,vbe34553,mixed-building,for-sale,4180,hamoir
liege,House,https://immovlan.be/en/detail/residence/for-sale/4870/trooz/vbe34545,vbe34545,residence,for-sale,4870,trooz
liege,House,https://immovlan.be/en/detail/residence/for-sale/4020/liege/vbe34531,vbe34531,residence,for-sale,4020,liege
liege,House,https://immovlan.be/en/detail/residence/for-sale/4130/tilff/vbe34521,vbe34521,residence,for-sale,4130,tilff
liege,Apartment,https://immovlan.be/en/detail/apartment/for-sale/4800/verviers/vbe34506,vbe34506,apartment,for-sale,4800,verviers
liege,Apartment,https://immovlan.be/en/detail/apartment/for-sale/4020/liege/vbe34487,vbe34487,apartment,for-sale,4020,liege
liege,House,https://immovlan.be/en/detail/residence/for-sale/4030/grivegnee/vbe34486,vbe34486,residence,for-sale,4030,grivegnee
liege,House,https://immovlan.be/en/detail/residence/for-sale/4100/seraing/vbe34409,vbe34409,residence,for-sale,4100,seraing
liege,House,https://immovlan.be/en/detail/residence/for-sale/4540/ampsin/vbe34390,vbe34390,residence,for-sale,4540,ampsin
liege,House,https://immovlan.be/en/detail/residence/for-sale/4550/nandrin/vbe34348,vbe34348,residence,for-sale,4550,nandrin
liege,Apartment,https://immovlan.be/en/detail/apartment/for-sale/4040/herstal/vbe34339,vbe34339,apartment,for-sale,4040,herstal
liege,House,https://immovlan.be/en/detail/residence/for-sale/4000/liege/vbe34338,vbe34338,residence,for-sale,4000,liege
liege,Apartment,https://immovlan.be/en/detail/apartment/for-sale/4000/liege/vbe34327,vbe34327,apartment,for-sale,4000,liege
liege,House,https://immovlan.be/en/detail/villa/for-sale/4608/warsage/vbe34319,vbe34319,villa,for-sale,4608,warsage
liege,House,https://immovlan.be/en/detail/residence/for-sale/4100/seraing/vbe34318,vbe34318,residence,for-sale,4100,seraing
liege,House,https://immovlan.be/en/detail/residence/for-sale/4367/crisnee/rbw19208,rbw19208,residence,for-sale,4367,crisnee
liege,House,https://immovlan.be/en/detail/residence/in-public-sale/4460/grace-hollogne/vbe34280,vbe34280,residence,in-public-sale,4460,grace-hollogne
liege,Apartment,https://immovlan.be/en/detail/apartment/for-sale/4700/eupen/vbe34277,vbe34277,apartment,for-sale,4700,eupen
liege,House,https://immovlan.be/en/detail/residence/for-sale/4840/welkenraedt/vbe34262,vbe34262,residence,for-sale,4840,welkenraedt
liege,Apartment,https://immovlan.be/en/detail/apartment/for-sale/4700/eupen/vbe34252,vbe34252,apartment,for-sale,4700,eupen
liege,Apartment,https://immovlan.be/en/detail/apartment/for-sale/4680/oupeye/vbe34244,vbe34244,apartment,for-sale,4680,oupeye
liege,House,https://immovlan.be/en/detail/residence/for-sale/4800/lambermont/vbe34243,vbe34243,residence,for-sale,4800,lambermont
liege,Apartment,https://immovlan.be/en/detail/apartment/for-sale/4020/liege/vbe34241,vbe34241,apartment,for-sale,4020,liege
liege,House,https://immovlan.be/en/detail/residence/for-sale/4430/ans/vbe34240,vbe34240,residence,for-sale,4430,ans
liege,Apartment,https://immovlan.be/en/detail/apartment/for-sale/4000/liege/vbe34238,vbe34238,apartment,for-sale,4000,liege
liege,House,https://immovlan.be/en/detail/villa/for-sale/4970/francorchamps/vbe34229,vbe34229,villa,for-sale,4970,francorchamps
liege,House,https://immovlan.be/en/detail/cottage/for-sale/4980/trois-ponts/vbe34222,vbe34222,cottage,for-sale,4980,trois-ponts
liege,House,https://immovlan.be/en/detail/chalet/for-sale/4760/bullingen/vbe34215,vbe34215,chalet,for-sale,4760,bullingen
liege,House,https://immovlan.be/en/detail/villa/for-sale/4130/esneux/vbe34208,vbe34208,villa,for-sale,4130,esneux
liege,Apartment,https://immovlan.be/en/detail/apartment/for-sale/4000/liege/vbe34105,vbe34105,apartment,for-sale,4000,liege
liege,Apartment,https://immovlan.be/en/detail/apartment/for-sale/4040/herstal/vbe34097,vbe34097,apartment,for-sale,4040,herstal
liege,House,https://immovlan.be/en/detail/master-house/for-sale/4000/liege/vbe34087,vbe34087,master-house,for-sale,4000,liege
liege,Apartment,https://immovlan.be/en/detail/apartment/for-sale/4730/raeren/vbe34082,vbe34082,apartment,for-sale,4730,raeren
liege,House,https://immovlan.be/en/detail/residence/for-sale/4400/flemalle/vbe34081,vbe34081,residence,for-sale,4400,flemalle
liege,House,https://immovlan.be/en/detail/residence/for-sale/4670/blegny/vbe34079,vbe34079,residence,for-sale,4670,blegny
liege,House,https://immovlan.be/en/detail/residence/for-sale/4860/pepinster/vbe34072,vbe34072,residence,for-sale,4860,pepinster
liege,House,https://immovlan.be/en/detail/residence/for-sale/4100/seraing/vbe34066,vbe34066,residence,for-sale,4100,seraing
liege,Apartment,https://immovlan.be/en/detail/apartment/for-sale/4680/oupeye/vbe34058,vbe34058,apartment,for-sale,4680,oupeye
liege,House,https://immovlan.be/en/detail/residence/for-sale/4684/haccourt/vbe34054,vbe34054,residence,for-sale,4684,haccourt
liege,Apartment,https://immovlan.be/en/detail/apartment/for-sale/4431/loncin/vbe34048,vbe34048,apartment,for-sale,4431,loncin
liege,House,https://immovlan.be/en/detail/residence/for-sale/4100/seraing/vbe34020,vbe34020,residence,for-sale,4100,seraing
liege,House,https://immovlan.be/en/detail/residence/for-sale/4910/theux/vbe34017,vbe34017,residence,for-sale,4910,theux
liege,House,https://immovlan.be/en/detail/residence/for-sale/4910/theux/vbe33998,vbe33998,residence,for-sale,4910,theux
liege,House,https://immovlan.be/en/detail/residence/for-sale/4800/verviers/vbe33994,vbe33994,residence,for-sale,4800,verviers
liege,Apartment,https://immovlan.be/en/detail/apartment/for-sale/4420/saint-nicolas/vbe33988,vbe33988,apartment,for-sale,4420,saint-nicolas
liege,House,https://immovlan.be/en/detail/residence/for-sale/4400/ivoz-ramet/vbe33984,vbe33984,residence,for-sale,4400,ivoz-ramet
liege,House,https://immovlan.be/en/detail/residence/for-sale/4020/liege/vbe33963,vbe33963,residence,for-sale,4020,liege
liege,House,https://immovlan.be/en/detail/residence/for-sale/4537/verlaine/vbe33958,vbe33958,residence,for-sale,4537,verlaine
liege,House,https://immovlan.be/en/detail/residence/for-sale/4540/amay/vbe33949,vbe33949,residence,for-sale,4540,amay
liege,House,https://immovlan.be/en/detail/residence/for-sale/4000/liege/vbe33936,vbe33936,residence,for-sale,4000,liege
liege,House,https://immovlan.be/en/detail/residence/for-sale/4000/liege/vbe33926,vbe33926,residence,for-sale,4000,liege
liege,House,https://immovlan.be/en/detail/residence/for-sale/4101/jemeppe/vbe33809,vbe33809,residence,for-sale,4101,jemeppe
liege,House,https://immovlan.be/en/detail/residence/in-public-sale/4877/olne/vbe33784,vbe33784,residence,in-public-sale,4877,olne
liege,House,https://immovlan.be/en/detail/residence/in-public-sale/4877/olne/vbe33781,vbe33781,residence,in-public-sale,4877,olne
liege,Apartment,https://immovlan.be/en/detail/apartment/for-sale/4500/huy/vbe33779,vbe33779,apartment,for-sale,4500,huy
liege,House,https://immovlan.be/en/detail/residence/for-sale/4050/chaudfontaine/vbe33756,vbe33756,residence,for-sale,4050,chaudfontaine
liege,House,https://immovlan.be/en/detail/residence/for-sale/4032/chenee/vbe33754,vbe33754,residence,for-sale,4032,chenee
liege,House,https://immovlan.be/en/detail/residence/for-sale/4000/liege/vbe33752,vbe33752,residence,for-sale,4000,liege
liege,House,https://immovlan.be/en/detail/residence/for-sale/4870/trooz/vbe33744,vbe33744,residence,for-sale,4870,trooz
liege,House,https://immovlan.be/en/detail/residence/for-sale/4600/vise/vbe33736,vbe33736,residence,for-sale,4600,vise
liege,House,https://immovlan.be/en/detail/villa/for-sale/4671/saive/vbe33735,vbe33735,villa,for-sale,4671,saive
liege,House,https://immovlan.be/en/detail/residence/for-sale/4000/liege/vbe33733,vbe33733,residence,for-sale,4000,liege
liege,House,https://immovlan.be/en/detail/residence/for-sale/4100/seraing/vbe33732,vbe33732,residence,for-sale,4100,seraing
liege,Apartment,https://immovlan.be/en/detail/apartment/for-sale/4000/liege/vbe33726,vbe33726,apartment,for-sale,4000,liege
liege,Apartment,https://immovlan.be/en/detail/penthouse/for-sale/4020/liege/vbe33723,vbe33723,penthouse,for-sale,4020,liege
liege,Apartment,https://immovlan.be/en/detail/ground-floor/for-sale/4550/nandrin/vbe33722,vbe33722,ground-floor,for-sale,4550,nandrin
liege,Apartment,https://immovlan.be/en/detail/penthouse/for-sale/4550/nandrin/vbe33718,vbe33718,penthouse,for-sale,4550,nandrin
liege,House,https://immovlan.be/en/detail/residence/for-sale/4100/seraing/vbe33714,vbe33714,residence,for-sale,4100,seraing
liege,House,https://immovlan.be/en/detail/bungalow/for-sale/4920/aywaille/vbe33711,vbe33711,bungalow,for-sale,4920,aywaille
liege,House,https://immovlan.be/en/detail/residence/for-sale/4032/chenee/vbe33706,vbe33706,residence,for-sale,4032,chenee
liege,House,https://immovlan.be/en/detail/residence/for-sale/4367/crisnee/vbe33705,vbe33705,residence,for-sale,4367,crisnee
liege,House,https://immovlan.be/en/detail/residence/for-sale/4350/remicourt/vbe33701,vbe33701,residence,for-sale,4350,remicourt
liege,Apartment,https://immovlan.be/en/detail/apartment/for-sale/4837/baelen/vbe33698,vbe33698,apartment,for-sale,4837,baelen
liege,House,https://immovlan.be/en/detail/residence/for-sale/4030/grivegnee/vbe33696,vbe33696,residence,for-sale,4030,grivegnee
liege,House,https://immovlan.be/en/detail/residence/for-sale/4870/trooz/vbe33692,vbe33692,residence,for-sale,4870,trooz
liege,House,https://immovlan.be/en/detail/residence/for-sale/4870/trooz/vbe33691,vbe33691,residence,for-sale,4870,trooz
liege,House,https://immovlan.be/en/detail/residence/for-sale/4630/ayeneux/vbe33640,vbe33640,residence,for-sale,4630,ayeneux
liege,House,https://immovlan.be/en/detail/residence/for-sale/4910/theux/vbe33631,vbe33631,residence,for-sale,4910,theux
liege,Apartment,https://immovlan.be/en/detail/apartment/for-sale/4040/herstal/vbe33621,vbe33621,apartment,for-sale,4040,herstal
liege,House,https://immovlan.be/en/detail/residence/for-sale/4790/burg-reuland/vbe33618,vbe33618,residence,for-sale,4790,burg-reuland
liege,House,https://immovlan.be/en/detail/residence/for-sale/4041/milmort/vbe33616,vbe33616,residence,for-sale,4041,milmort
liege,House,https://immovlan.be/en/detail/residence/for-sale/4357/donceel/rbw18215,rbw18215,residence,for-sale,4357,donceel
liege,Apartment,https://immovlan.be/en/detail/apartment/for-sale/4020/bressoux/vbe33575,vbe33575,apartment,for-sale,4020,bressoux
liege,House,https://immovlan.be/en/detail/residence/for-sale/4550/nandrin/vbe33567,vbe33567,residence,for-sale,4550,nandrin
liege,House,https://immovlan.be/en/detail/residence/for-sale/4340/awans/vbe33566,vbe33566,residence,for-sale,4340,awans
liege,House,https://immovlan.be/en/detail/residence/for-sale/4040/herstal/vbe33561,vbe33561,residence,for-sale,4040,herstal
liege,House,https://immovlan.be/en/detail/residence/for-sale/4000/liege/vbe33558,vbe33558,residence,for-sale,4000,liege
liege,House,https://immovlan.be/en/detail/residence/for-sale/4420/saint-nicolas/vbe33557,vbe33557,residence,for-sale,4420,saint-nicolas
liege,House,https://immovlan.be/en/detail/residence/for-sale/4500/huy/vbe33523,vbe33523,residence,for-sale,4500,huy
liege,Apartment,https://immovlan.be/en/detail/apartment/for-sale/4000/liege/vbe33522,vbe33522,apartment,for-sale,4000,liege
liege,Apartment,https://immovlan.be/en/detail/apartment/for-sale/4000/liege/vbe33521,vbe33521,apartment,for-sale,4000,liege
liege,House,https://immovlan.be/en/detail/residence/for-sale/4041/milmort/vbe33490,vbe33490,residence,for-sale,4041,milmort
liege,House,https://immovlan.be/en/detail/residence/for-sale/4000/liege/vbe33487,vbe33487,residence,for-sale,4000,liege
liege,Apartment,https://immovlan.be/en/detail/ground-floor/for-sale/4051/vaux-sous-chevremont/vbe33464,vbe33464,ground-floor,for-sale,4051,vaux-sous-chevremont
liege,Apartment,https://immovlan.be/en/detail/apartment/for-sale/4051/vaux-sous-chevremont/vbe33463,vbe33463,apartment,for-sale,4051,vaux-sous-chevremont
liege,House,https://immovlan.be/en/detail/residence/for-sale/4870/trooz/vbe33452,vbe33452,residence,for-sale,4870,trooz
liege,House,https://immovlan.be/en/detail/residence/for-sale/4608/warsage/vbe33451,vbe33451,residence,for-sale,4608,warsage
liege,Apartment,https://immovlan.be/en/detail/apartment/for-sale/4020/liege/vbe33450,vbe33450,apartment,for-sale,4020,liege
liege,Apartment,https://immovlan.be/en/detail/apartment/for-sale/4020/liege/vbe33449,vbe33449,apartment,for-sale,4020,liege
liege,House,https://immovlan.be/en/detail/mixed-building/for-sale/4040/herstal/vbe33448,vbe33448,mixed-building,for-sale,4040,herstal
liege,House,https://immovlan.be/en/detail/residence/for-sale/4040/herstal/vbe33447,vbe33447,residence,for-sale,4040,herstal
liege,House,https://immovlan.be/en/detail/residence/for-sale/4000/liege/vbe33436,vbe33436,residence,for-sale,4000,liege
liege,House,https://immovlan.be/en/detail/villa/for-sale/4920/aywaille/vbe33414,vbe33414,villa,for-sale,4920,aywaille
liege,House,https://immovlan.be/en/detail/residence/for-sale/4219/wasseiges/vbe33398,vbe33398,residence,for-sale,4219,wasseiges
liege,House,https://immovlan.be/en/detail/residence/for-sale/4219/wasseiges/vbe33394,vbe33394,residence,for-sale,4219,wasseiges
liege,House,https://immovlan.be/en/detail/residence/for-sale/4032/chenee/vbe33382,vbe33382,residence,for-sale,4032,chenee
liege,House,https://immovlan.be/en/detail/residence/for-sale/4102/ougree/vbe33371,vbe33371,residence,for-sale,4102,ougree
liege,House,https://immovlan.be/en/detail/bungalow/for-sale/4860/cornesse/vbe33369,vbe33369,bungalow,for-sale,4860,cornesse
liege,House,https://immovlan.be/en/detail/residence/for-sale/4041/milmort/vbe33276,vbe33276,residence,for-sale,4041,milmort
liege,House,https://immovlan.be/en/detail/residence/for-sale/4360/oreye/vbe33249,vbe33249,residence,for-sale,4360,oreye
liege,House,https://immovlan.be/en/detail/residence/for-sale/4032/chenee/vbe33239,vbe33239,residence,for-sale,4032,chenee
liege,House,https://immovlan.be/en/detail/residence/for-sale/4681/hermalle-sous-argenteau/vbe33237,vbe33237,residence,for-sale,4681,hermalle-sous-argenteau
liege,Apartment,https://immovlan.be/en/detail/duplex/for-sale/4040/herstal/vbe33223,vbe33223,duplex,for-sale,4040,herstal
liege,House,https://immovlan.be/en/detail/residence/for-sale/4041/vottem/vbe33222,vbe33222,residence,for-sale,4041,vottem
liege,House,https://immovlan.be/en/detail/residence/for-sale/4400/flemalle/vbe33214,vbe33214,residence,for-sale,4400,flemalle
liege,Apartment,https://immovlan.be/en/detail/apartment/for-sale/4102/ougree/vbe33211,vbe33211,apartment,for-sale,4102,ougree
liege,House,https://immovlan.be/en/detail/residence/for-sale/4610/beyne-heusay/vbe33206,vbe33206,residence,for-sale,4610,beyne-heusay
liege,House,https://immovlan.be/en/detail/residence/for-sale/4610/bellaire/vbe33203,vbe33203,residence,for-sale,4610,bellaire
liege,House,https://immovlan.be/en/detail/residence/for-sale/4683/vivegnis/vbe33200,vbe33200,residence,for-sale,4683,vivegnis
liege,House,https://immovlan.be/en/detail/residence/for-sale/4684/haccourt/vbe33199,vbe33199,residence,for-sale,4684,haccourt
liege,House,https://immovlan.be/en/detail/residence/for-sale/4650/herve/vbe33198,vbe33198,residence,for-sale,4650,herve
liege,Apartment,https://immovlan.be/en/detail/apartment/for-sale/4801/stembert/vbe33197,vbe33197,apartment,for-sale,4801,stembert
liege,House,https://immovlan.be/en/detail/residence/for-sale/4820/dison/vbe33195,vbe33195,residence,for-sale,4820,dison
liege,House,https://immovlan.be/en/detail/residence/for-sale/4633/melen/vbe33194,vbe33194,residence,for-sale,4633,melen
liege,House,https://immovlan.be/en/detail/residence/for-sale/4420/saint-nicolas/vbe33175,vbe33175,residence,for-sale,4420,saint-nicolas
liege,Apartment,https://immovlan.be/en/detail/penthouse/for-sale/4000/liege/vbe33169,vbe33169,penthouse,for-sale,4000,liege
liege,House,https://immovlan.be/en/detail/residence/for-sale/4100/seraing/vbe33104,vbe33104,residence,for-sale,4100,seraing
liege,House,https://immovlan.be/en/detail/mixed-building/for-sale/4140/sprimont/vbe33081,vbe33081,mixed-building,for-sale,4140,sprimont
liege,Apartment,https://immovlan.be/en/detail/apartment/for-sale/4460/horion-hozemont/vbe33041,vbe33041,apartment,for-sale,4460,horion-hozemont
liege,House,https://immovlan.be/en/detail/residence/for-sale/4121/neuville-en-condroz/vbe33040,vbe33040,residence,for-sale,4121,neuville-en-condroz
liege,House,https://immovlan.be/en/detail/residence/for-sale/4140/sprimont/vbe33021,vbe33021,residence,for-sale,4140,sprimont
liege,House,https://immovlan.be/en/detail/residence/for-sale/4100/seraing/vbe33018,vbe33018,residence,for-sale,4100,seraing
liege,House,https://immovlan.be/en/detail/residence/for-sale/4351/hodeige/vbe33011,vbe33011,residence,for-sale,4351,hodeige
liege,House,https://immovlan.be/en/detail/residence/for-sale/4500/huy/vbe32997,vbe32997,residence,for-sale,4500,huy
liege,House,https://immovlan.be/en/detail/residence/for-sale/4500/huy/rbw17154,rbw17154,residence,for-sale,4500,huy
liege,House,https://immovlan.be/en/detail/residence/for-sale/4340/awans/vbe32831,vbe32831,residence,for-sale,4340,awans
liege,House,https://immovlan.be/en/detail/residence/for-sale/4431/loncin/vbe32823,vbe32823,residence,for-sale,4431,loncin
liege,House,https://immovlan.be/en/detail/villa/for-sale/4920/aywaille/vbe32768,vbe32768,villa,for-sale,4920,aywaille
liege,House,https://immovlan.be/en/detail/residence/for-sale/4101/jemeppe/vbe32762,vbe32762,residence,for-sale,4101,jemeppe
liege,House,https://immovlan.be/en/detail/residence/for-sale/4102/ougree/vbe32757,vbe32757,residence,for-sale,4102,ougree
liege,House,https://immovlan.be/en/detail/residence/for-sale/4684/haccourt/vbe32746,vbe32746,residence,for-sale,4684,haccourt
liege,House,https://immovlan.be/en/detail/residence/for-sale/4537/verlaine/vbe32740,vbe32740,residence,for-sale,4537,verlaine
liege,House,https://immovlan.be/en/detail/residence/for-sale/4190/xhoris/vbe32722,vbe32722,residence,for-sale,4190,xhoris
liege,House,https://immovlan.be/en/detail/residence/for-sale/4040/herstal/vbe32705,vbe32705,residence,for-sale,4040,herstal
liege,House,https://immovlan.be/en/detail/residence/for-sale/4600/lanaye/vbe32702,vbe32702,residence,for-sale,4600,lanaye
liege,Apartment,https://immovlan.be/en/detail/duplex/for-sale/4020/liege/vbe32690,vbe32690,duplex,for-sale,4020,liege
liege,Apartment,https://immovlan.be/en/detail/apartment/for-sale/4020/liege/vbe32689,vbe32689,apartment,for-sale,4020,liege
liege,Apartment,https://immovlan.be/en/detail/ground-floor/for-sale/4020/liege/vbe32688,vbe32688,ground-floor,for-sale,4020,liege
liege,House,https://immovlan.be/en/detail/master-house/for-sale/4000/liege/vbe32687,vbe32687,master-house,for-sale,4000,liege
liege,Apartment,https://immovlan.be/en/detail/apartment/for-sale/4000/liege/vbe32685,vbe32685,apartment,for-sale,4000,liege
liege,House,https://immovlan.be/en/detail/residence/for-sale/4500/huy/vbe32683,vbe32683,residence,for-sale,4500,huy
liege,Apartment,https://immovlan.be/en/detail/apartment/for-sale/4420/tilleur/vbe32678,vbe32678,apartment,for-sale,4420,tilleur
liege,House,https://immovlan.be/en/detail/bungalow/for-sale/4400/flemalle/vbe32676,vbe32676,bungalow,for-sale,4400,flemalle
liege,Apartment,https://immovlan.be/en/detail/apartment/for-sale/4000/liege/vbe32674,vbe32674,apartment,for-sale,4000,liege
liege,House,https://immovlan.be/en/detail/residence/for-sale/4770/amel/vbe32619,vbe32619,residence,for-sale,4770,amel
liege,Apartment,https://immovlan.be/en/detail/apartment/for-sale/4460/horion-hozemont/vbe32599,vbe32599,apartment,for-sale,4460,horion-hozemont
liege,House,https://immovlan.be/en/detail/chalet/for-sale/4970/stavelot/vbe32591,vbe32591,chalet,for-sale,4970,stavelot
liege,House,https://immovlan.be/en/detail/residence/for-sale/4020/liege/vbe32587,vbe32587,residence,for-sale,4020,liege
liege,House,https://immovlan.be/en/detail/residence/for-sale/4000/liege/vbe32570,vbe32570,residence,for-sale,4000,liege
liege,Apartment,https://immovlan.be/en/detail/apartment/for-sale/4020/bressoux/vbe32558,vbe32558,apartment,for-sale,4020,bressoux
liege,House,https://immovlan.be/en/detail/mixed-building/for-sale/4280/hannut/vbe32554,vbe32554,mixed-building,for-sale,4280,hannut
liege,Apartment,https://immovlan.be/en/detail/apartment/for-sale/4000/liege/vbe32525,vbe32525,apartment,for-sale,4000,liege
liege,House,https://immovlan.be/en/detail/residence/for-sale/4000/liege/vbe32505,vbe32505,residence,for-sale,4000,liege
liege,House,https://immovlan.be/en/detail/residence/for-sale/4000/liege/vbe32503,vbe32503,residence,for-sale,4000,liege
liege,House,https://immovlan.be/en/detail/residence/for-sale/4102/ougree/vbe32502,vbe32502,residence,for-sale,4102,ougree
liege,House,https://immovlan.be/en/detail/residence/for-sale/4051/vaux-sous-chevremont/vbe32501,vbe32501,residence,for-sale,4051,vaux-sous-chevremont
liege,House,https://immovlan.be/en/detail/residence/for-sale/4101/jemeppe/vbe32500,vbe32500,residence,for-sale,4101,jemeppe
liege,House,https://immovlan.be/en/detail/villa/for-sale/4671/saive/vbe32445,vbe32445,villa,for-sale,4671,saive
liege,House,https://immovlan.be/en/detail/residence/for-sale/4000/glain/vbe32444,vbe32444,residence,for-sale,4000,glain
liege,House,https://immovlan.be/en/detail/residence/for-sale/4607/dalhem/vbe32443,vbe32443,residence,for-sale,4607,dalhem
liege,House,https://immovlan.be/en/detail/residence/for-sale/4870/trooz/vbe32439,vbe32439,residence,for-sale,4870,trooz
liege,House,https://immovlan.be/en/detail/bungalow/for-sale/4530/fize-fontaine/vbe32429,vbe32429,bungalow,for-sale,4530,fize-fontaine
liege,House,https://immovlan.be/en/detail/residence/for-sale/4540/amay/rbw16245,rbw16245,residence,for-sale,4540,amay
liege,House,https://immovlan.be/en/detail/residence/for-sale/4540/amay/vbe32375,vbe32375,residence,for-sale,4540,amay
liege,House,https://immovlan.be/en/detail/residence/for-sale/4460/grace-hollogne/vbe32370,vbe32370,residence,for-sale,4460,grace-hollogne
liege,Apartment,https://immovlan.be/en/detail/apartment/for-sale/4020/liege/vbe32369,vbe32369,apartment,for-sale,4020,liege
liege,House,https://immovlan.be/en/detail/residence/for-sale/4877/olne/vbe32368,vbe32368,residence,for-sale,4877,olne
liege,House,https://immovlan.be/en/detail/cottage/for-sale/4600/vise/vbe32367,vbe32367,cottage,for-sale,4600,vise
liege,Apartment,https://immovlan.be/en/detail/apartment/for-sale/4120/neupre/vbe32366,vbe32366,apartment,for-sale,4120,neupre
liege,Apartment,https://immovlan.be/en/detail/apartment/for-sale/4120/neupre/vbe32365,vbe32365,apartment,for-sale,4120,neupre
liege,Apartment,https://immovlan.be/en/detail/apartment/for-sale/4120/neupre/vbe32364,vbe32364,apartment,for-sale,4120,neupre
liege,House,https://immovlan.be/en/detail/residence/for-sale/4987/stoumont/vbe32362,vbe32362,residence,for-sale,4987,stoumont
liege,House,https://immovlan.be/en/detail/residence/for-sale/4750/butgenbach/vbe32345,vbe32345,residence,for-sale,4750,butgenbach
liege,House,https://immovlan.be/en/detail/residence/for-sale/4710/lontzen/vbe32338,vbe32338,residence,for-sale,4710,lontzen
liege,House,https://immovlan.be/en/detail/residence/for-sale/4400/flemalle/vbe32314,vbe32314,residence,for-sale,4400,flemalle
liege,Apartment,https://immovlan.be/en/detail/apartment/for-sale/4000/liege/vbe32290,vbe32290,apartment,for-sale,4000,liege
liege,House,https://immovlan.be/en/detail/villa/for-sale/4280/merdorp/vbe32287,vbe32287,villa,for-sale,4280,merdorp
liege,House,https://immovlan.be/en/detail/residence/for-sale/4260/fallais/rbw16103,rbw16103,residence,for-sale,4260,fallais
liege,House,https://immovlan.be/en/detail/residence/for-sale/4500/huy/rbw16102,rbw16102,residence,for-sale,4500,huy
liege,House,https://immovlan.be/en/detail/residence/for-sale/4470/saint-georges-sur-meuse/vbe32259,vbe32259,residence,for-sale,4470,saint-georges-sur-meuse
liege,House,https://immovlan.be/en/detail/villa/for-sale/4053/embourg/vbe32248,vbe32248,villa,for-sale,4053,embourg
liege,House,https://immovlan.be/en/detail/residence/for-sale/4420/saint-nicolas/vbe32220,vbe32220,residence,for-sale,4420,saint-nicolas
liege,House,https://immovlan.be/en/detail/residence/for-sale/4800/verviers/vbe32214,vbe32214,residence,for-sale,4800,verviers
liege,House,https://immovlan.be/en/detail/residence/for-sale/4300/waremme/vbe32186,vbe32186,residence,for-sale,4300,waremme
liege,House,https://immovlan.be/en/detail/residence/for-sale/4470/saint-georges-sur-meuse/vbe32185,vbe32185,residence,for-sale,4470,saint-georges-sur-meuse
liege,House,https://immovlan.be/en/detail/residence/for-sale/4920/harze/vbe32181,vbe32181,residence,for-sale,4920,harze
liege,Apartment,https://immovlan.be/en/detail/apartment/for-sale/4101/jemeppe/vbe32180,vbe32180,apartment,for-sale,4101,jemeppe
liege,Apartment,https://immovlan.be/en/detail/apartment/for-sale/4101/jemeppe/vbe32179,vbe32179,apartment,for-sale,4101,jemeppe
liege,Apartment,https://immovlan.be/en/detail/apartment/for-sale/4101/jemeppe/vbe32178,vbe32178,apartment,for-sale,4101,jemeppe
liege,Apartment,https://immovlan.be/en/detail/apartment/for-sale/4101/jemeppe/vbe32177,vbe32177,apartment,for-sale,4101,jemeppe
liege,House,https://immovlan.be/en/detail/villa/for-sale/4500/huy/vbe32172,vbe32172,villa,for-sale,4500,huy
liege,House,https://immovlan.be/en/detail/residence/for-sale/4162/hody/vbe32171,vbe32171,residence,for-sale,4162,hody
liege,Apartment,https://immovlan.be/en/detail/apartment/for-sale/4000/liege/vbe32169,vbe32169,apartment,for-sale,4000,liege
liege,Apartment,https://immovlan.be/en/detail/apartment/for-sale/4000/liege/vbe32168,vbe32168,apartment,for-sale,4000,liege
liege,Apartment,https://immovlan.be/en/detail/apartment/for-sale/4000/liege/vbe32167,vbe32167,apartment,for-sale,4000,liege
liege,Apartment,https://immovlan.be/en/detail/apartment/for-sale/4500/huy/vbe32165,vbe32165,apartment,for-sale,4500,huy
liege,House,https://immovlan.be/en/detail/residence/for-sale/4920/aywaille/vbe32163,vbe32163,residence,for-sale,4920,aywaille
liege,House,https://immovlan.be/en/detail/residence/for-sale/4870/trooz/vbe32162,vbe32162,residence,for-sale,4870,trooz
liege,House,https://immovlan.be/en/detail/residence/for-sale/4500/huy/vbe32161,vbe32161,residence,for-sale,4500,huy
liege,House,https://immovlan.be/en/detail/residence/for-sale/4360/oreye/vbe32144,vbe32144,residence,for-sale,4360,oreye
liege,House,https://immovlan.be/en/detail/residence/for-sale/4602/cheratte/vbe32141,vbe32141,residence,for-sale,4602,cheratte
liege,Apartment,https://immovlan.be/en/detail/ground-floor/for-sale/4020/liege/vbe32105,vbe32105,ground-floor,for-sale,4020,liege
liege,House,https://immovlan.be/en/detail/residence/for-sale/4130/esneux/vbe32103,vbe32103,residence,for-sale,4130,esneux
liege,House,https://immovlan.be/en/detail/residence/for-sale/4300/waremme/vbe32100,vbe32100,residence,for-sale,4300,waremme
liege,House,https://immovlan.be/en/detail/residence/for-sale/4452/paifve/vbe32098,vbe32098,residence,for-sale,4452,paifve
liege,House,https://immovlan.be/en/detail/residence/for-sale/4684/haccourt/vbe31969,vbe31969,residence,for-sale,4684,haccourt
liege,Apartment,https://immovlan.be/en/detail/apartment/for-sale/4000/liege/vbe31968,vbe31968,apartment,for-sale,4000,liege
liege,House,https://immovlan.be/en/detail/residence/for-sale/4300/waremme/vbe31952,vbe31952,residence,for-sale,4300,waremme
liege,House,https://immovlan.be/en/detail/residence/for-sale/4950/faymonville/rbw13596,rbw13596,residence,for-sale,4950,faymonville
liege,House,https://immovlan.be/en/detail/residence/for-sale/4500/huy/vbe31891,vbe31891,residence,for-sale,4500,huy
liege,House,https://immovlan.be/en/detail/villa/for-sale/4537/verlaine/vbe31890,vbe31890,villa,for-sale,4537,verlaine
liege,House,https://immovlan.be/en/detail/residence/for-sale/4400/ivoz-ramet/vbe31878,vbe31878,residence,for-sale,4400,ivoz-ramet
liege,House,https://immovlan.be/en/detail/residence/for-sale/4700/eupen/vbe31870,vbe31870,residence,for-sale,4700,eupen
liege,House,https://immovlan.be/en/detail/residence/for-sale/4163/tavier/vwd17730,vwd17730,residence,for-sale,4163,tavier
liege,House,https://immovlan.be/en/detail/residence/for-sale/4140/sprimont/vbe31790,vbe31790,residence,for-sale,4140,sprimont
liege,House,https://immovlan.be/en/detail/villa/for-sale/4367/crisnee/vbe31779,vbe31779,villa,for-sale,4367,crisnee
liege,House,https://immovlan.be/en/detail/residence/for-sale/4432/alleur/vbe31752,vbe31752,residence,for-sale,4432,alleur
liege,House,https://immovlan.be/en/detail/residence/for-sale/4500/huy/vbe31732,vbe31732,residence,for-sale,4500,huy
liege,House,https://immovlan.be/en/detail/residence/for-sale/4600/vise/vbe31635,vbe31635,residence,for-sale,4600,vise
liege,Apartment,https://immovlan.be/en/detail/apartment/for-sale/4600/vise/vbe31634,vbe31634,apartment,for-sale,4600,vise
liege,Apartment,https://immovlan.be/en/detail/ground-floor/for-sale/4500/huy/vbe31632,vbe31632,ground-floor,for-sale,4500,huy
liege,House,https://immovlan.be/en/detail/residence/for-sale/4032/chenee/vbe31615,vbe31615,residence,for-sale,4032,chenee
liege,House,https://immovlan.be/en/detail/residence/for-sale/4400/flemalle/vbe31613,vbe31613,residence,for-sale,4400,flemalle
liege,House,https://immovlan.be/en/detail/residence/for-sale/4020/bressoux/vbe31611,vbe31611,residence,for-sale,4020,bressoux
liege,Apartment,https://immovlan.be/en/detail/duplex/for-sale/4900/spa/vbe31591,vbe31591,duplex,for-sale,4900,spa
liege,House,https://immovlan.be/en/detail/villa/for-sale/4800/verviers/vwd17725,vwd17725,villa,for-sale,4800,verviers
liege,House,https://immovlan.be/en/detail/residence/in-public-sale/4020/bressoux/vbe31590,vbe31590,residence,in-public-sale,4020,bressoux
liege,House,https://immovlan.be/en/detail/residence/for-sale/4701/eupen/vbe31583,vbe31583,residence,for-sale,4701,eupen
liege,Apartment,https://immovlan.be/en/detail/apartment/for-sale/4040/herstal/vbe31582,vbe31582,apartment,for-sale,4040,herstal
liege,Apartment,https://immovlan.be/en/detail/apartment/for-sale/4000/liege/vbe31580,vbe31580,apartment,for-sale,4000,liege
liege,Apartment,https://immovlan.be/en/detail/apartment/for-sale/4102/ougree/vbe31564,vbe31564,apartment,for-sale,4102,ougree
liege,Apartment,https://immovlan.be/en/detail/apartment/for-sale/4000/liege/vbe31552,vbe31552,apartment,for-sale,4000,liege
liege,House,https://immovlan.be/en/detail/villa/for-sale/4367/crisnee/vbe31550,vbe31550,villa,for-sale,4367,crisnee
liege,House,https://immovlan.be/en/detail/residence/for-sale/4624/romsee/vbe31549,vbe31549,residence,for-sale,4624,romsee
liege,Apartment,https://immovlan.be/en/detail/loft/for-sale/4800/verviers/vbe31514,vbe31514,loft,for-sale,4800,verviers
liege,House,https://immovlan.be/en/detail/residence/for-sale/4000/liege/vbe31502,vbe31502,residence,for-sale,4000,liege
liege,House,https://immovlan.be/en/detail/residence/in-public-sale/4350/remicourt/vbe31497,vbe31497,residence,in-public-sale,4350,remicourt
liege,House,https://immovlan.be/en/detail/residence/for-sale/4557/tinlot/rbw12543,rbw12543,residence,for-sale,4557,tinlot
liege,House,https://immovlan.be/en/detail/residence/for-sale/4540/amay/rbw12540,rbw12540,residence,for-sale,4540,amay
liege,House,https://immovlan.be/en/detail/residence/for-sale/4000/rocourt/rbw12539,rbw12539,residence,for-sale,4000,rocourt
liege,House,https://immovlan.be/en/detail/residence/for-sale/4620/fleron/vbe31486,vbe31486,residence,for-sale,4620,fleron
liege,House,https://immovlan.be/en/detail/residence/for-sale/4621/retinne/vbe31482,vbe31482,residence,for-sale,4621,retinne
liege,Apartment,https://immovlan.be/en/detail/apartment/for-sale/4000/liege/vbe31475,vbe31475,apartment,for-sale,4000,liege
liege,House,https://immovlan.be/en/detail/residence/for-sale/4040/herstal/vbe31434,vbe31434,residence,for-sale,4040,herstal
liege,House,https://immovlan.be/en/detail/mixed-building/for-sale/4500/huy/vwd17718,vwd17718,mixed-building,for-sale,4500,huy
liege,House,https://immovlan.be/en/detail/residence/for-sale/4000/liege/vbe31410,vbe31410,residence,for-sale,4000,liege
liege,House,https://immovlan.be/en/detail/residence/for-sale/4102/ougree/vbe31407,vbe31407,residence,for-sale,4102,ougree
liege,Apartment,https://immovlan.be/en/detail/apartment/for-sale/4460/horion-hozemont/vbe31406,vbe31406,apartment,for-sale,4460,horion-hozemont
liege,Apartment,https://immovlan.be/en/detail/ground-floor/for-sale/4030/grivegnee/vbe31402,vbe31402,ground-floor,for-sale,4030,grivegnee
liege,House,https://immovlan.be/en/detail/residence/for-sale/4170/comblain-au-pont/vbe31400,vbe31400,residence,for-sale,4170,comblain-au-pont
liege,House,https://immovlan.be/en/detail/residence/for-sale/4540/ampsin/vbe31384,vbe31384,residence,for-sale,4540,ampsin
liege,House,https://immovlan.be/en/detail/residence/for-sale/4420/montegnee/vbe31354,vbe31354,residence,for-sale,4420,montegnee
liege,Apartment,https://immovlan.be/en/detail/apartment/for-sale/4020/liege/vbe31352,vbe31352,apartment,for-sale,4020,liege
liege,House,https://immovlan.be/en/detail/residence/for-sale/4870/trooz/vbe31351,vbe31351,residence,for-sale,4870,trooz
liege,House,https://immovlan.be/en/detail/residence/for-sale/4000/liege/vbe31350,vbe31350,residence,for-sale,4000,liege
liege,House,https://immovlan.be/en/detail/residence/for-sale/4020/wandre/vbe31328,vbe31328,residence,for-sale,4020,wandre
liege,House,https://immovlan.be/en/detail/residence/for-sale/4020/liege/vbe31311,vbe31311,residence,for-sale,4020,liege
liege,Apartment,https://immovlan.be/en/detail/apartment/for-sale/4000/liege/vbe31306,vbe31306,apartment,for-sale,4000,liege
liege,House,https://immovlan.be/en/detail/mixed-building/for-sale/4020/liege/vbe31291,vbe31291,mixed-building,for-sale,4020,liege
liege,House,https://immovlan.be/en/detail/residence/for-sale/4030/grivegnee/vbe31288,vbe31288,residence,for-sale,4030,grivegnee
liege,House,https://immovlan.be/en/detail/residence/for-sale/4300/waremme/rbw12302,rbw12302,residence,for-sale,4300,waremme
liege,House,https://immovlan.be/en/detail/residence/for-sale/4680/oupeye/vbe31091,vbe31091,residence,for-sale,4680,oupeye
liege,Apartment,https://immovlan.be/en/detail/apartment/for-sale/4900/spa/vbe31090,vbe31090,apartment,for-sale,4900,spa
liege,House,https://immovlan.be/en/detail/residence/for-sale/4600/lanaye/vbe31088,vbe31088,residence,for-sale,4600,lanaye
liege,House,https://immovlan.be/en/detail/residence/for-sale/4671/barchon/vbe31087,vbe31087,residence,for-sale,4671,barchon
liege,House,https://immovlan.be/en/detail/mansion/for-sale/4711/walhorn/vbe31080,vbe31080,mansion,for-sale,4711,walhorn
liege,House,https://immovlan.be/en/detail/mixed-building/for-sale/4210/burdinne/vbe31071,vbe31071,mixed-building,for-sale,4210,burdinne
liege,House,https://immovlan.be/en/detail/residence/for-sale/4031/angleur/vbe31045,vbe31045,residence,for-sale,4031,angleur
liege,House,https://immovlan.be/en/detail/residence/for-sale/4000/rocourt/vwd17713,vwd17713,residence,for-sale,4000,rocourt
liege,House,https://immovlan.be/en/detail/villa/for-sale/4710/lontzen/vwd17711,vwd17711,villa,for-sale,4710,lontzen
liege,House,https://immovlan.be/en/detail/residence/for-sale/4020/jupille/vbe30993,vbe30993,residence,for-sale,4020,jupille
liege,House,https://immovlan.be/en/detail/residence/for-sale/4040/herstal/vbe30982,vbe30982,residence,for-sale,4040,herstal
liege,House,https://immovlan.be/en/detail/residence/for-sale/4102/ougree/vbe30979,vbe30979,residence,for-sale,4102,ougree
liege,Apartment,https://immovlan.be/en/detail/triplex/for-sale/4219/wasseiges/vbe30961,vbe30961,triplex,for-sale,4219,wasseiges
liege,Apartment,https://immovlan.be/en/detail/apartment/for-sale/4870/trooz/vbe30898,vbe30898,apartment,for-sale,4870,trooz
liege,House,https://immovlan.be/en/detail/residence/for-sale/4400/flemalle/vbe30891,vbe30891,residence,for-sale,4400,flemalle
liege,House,https://immovlan.be/en/detail/mixed-building/for-sale/4860/cornesse/vbe30847,vbe30847,mixed-building,for-sale,4860,cornesse
liege,House,https://immovlan.be/en/detail/residence/for-sale/4550/nandrin/vbe30832,vbe30832,residence,for-sale,4550,nandrin
liege,House,https://immovlan.be/en/detail/residence/for-sale/4624/romsee/vbe30824,vbe30824,residence,for-sale,4624,romsee
liege,Apartment,https://immovlan.be/en/detail/apartment/for-sale/4690/bassenge/vbe30815,vbe30815,apartment,for-sale,4690,bassenge
liege,House,https://immovlan.be/en/detail/villa/for-sale/4140/sprimont/vbe30787,vbe30787,villa,for-sale,4140,sprimont
liege,House,https://immovlan.be/en/detail/residence/for-sale/4432/alleur/vbe30780,vbe30780,residence,for-sale,4432,alleur
liege,House,https://immovlan.be/en/detail/residence/for-sale/4121/neuville-en-condroz/vbe30779,vbe30779,residence,for-sale,4121,neuville-en-condroz
liege,House,https://immovlan.be/en/detail/residence/for-sale/4121/neuville-en-condroz/vbe30778,vbe30778,residence,for-sale,4121,neuville-en-condroz
liege,House,https://immovlan.be/en/detail/residence/for-sale/4000/rocourt/vbe30777,vbe30777,residence,for-sale,4000,rocourt
liege,House,https://immovlan.be/en/detail/residence/for-sale/4430/ans/vbe30761,vbe30761,residence,for-sale,4430,ans
liege,House,https://immovlan.be/en/detail/residence/for-sale/4100/boncelles/vbe30748,vbe30748,residence,for-sale,4100,boncelles
liege,House,https://immovlan.be/en/detail/residence/for-sale/4780/recht/vbe30736,vbe30736,residence,for-sale,4780,recht
liege,House,https://immovlan.be/en/detail/residence/for-sale/4400/flemalle/vbe30731,vbe30731,residence,for-sale,4400,flemalle
liege,House,https://immovlan.be/en/detail/residence/for-sale/4600/vise/vbe30729,vbe30729,residence,for-sale,4600,vise
liege,House,https://immovlan.be/en/detail/residence/for-sale/4030/grivegnee/vwd17700,vwd17700,residence,for-sale,4030,grivegnee
liege,House,https://immovlan.be/en/detail/residence/for-sale/4100/seraing/vbe30563,vbe30563,residence,for-sale,4100,seraing
liege,House,https://immovlan.be/en/detail/villa/for-sale/4607/berneau/vbe30546,vbe30546,villa,for-sale,4607,berneau
liege,Apartment,https://immovlan.be/en/detail/apartment/for-sale/4630/soumagne/vbe30533,vbe30533,apartment,for-sale,4630,soumagne
liege,House,https://immovlan.be/en/detail/residence/for-sale/4020/bressoux/vbe30532,vbe30532,residence,for-sale,4020,bressoux
liege,Apartment,https://immovlan.be/en/detail/apartment/for-sale/4630/soumagne/vbe30531,vbe30531,apartment,for-sale,4630,soumagne
liege,House,https://immovlan.be/en/detail/residence/for-sale/4600/vise/vbe30528,vbe30528,residence,for-sale,4600,vise
liege,Apartment,https://immovlan.be/en/detail/ground-floor/for-sale/4540/amay/vbe30504,vbe30504,ground-floor,for-sale,4540,amay
liege,House,https://immovlan.be/en/detail/residence/for-sale/4000/liege/vbe30500,vbe30500,residence,for-sale,4000,liege
liege,House,https://immovlan.be/en/detail/residence/for-sale/4630/soumagne/vbe30475,vbe30475,residence,for-sale,4630,soumagne
liege,House,https://immovlan.be/en/detail/residence/for-sale/4630/soumagne/vbe30455,vbe30455,residence,for-sale,4630,soumagne
liege,House,https://immovlan.be/en/detail/residence/for-sale/4602/cheratte/vbe30454,vbe30454,residence,for-sale,4602,cheratte
liege,House,https://immovlan.be/en/detail/residence/for-sale/4671/saive/vbe30446,vbe30446,residence,for-sale,4671,saive
liege,House,https://immovlan.be/en/detail/residence/for-sale/4630/soumagne/vbe30438,vbe30438,residence,for-sale,4630,soumagne
liege,House,https://immovlan.be/en/detail/residence/for-sale/4400/ivoz-ramet/vbe30434,vbe30434,residence,for-sale,4400,ivoz-ramet
liege,House,https://immovlan.be/en/detail/residence/for-sale/4000/liege/vbe30431,vbe30431,residence,for-sale,4000,liege
liege,House,https://immovlan.be/en/detail/residence/for-sale/4020/liege/vbe30425,vbe30425,residence,for-sale,4020,liege
liege,House,https://immovlan.be/en/detail/residence/for-sale/4537/verlaine/vwd17694,vwd17694,residence,for-sale,4537,verlaine
liege,Apartment,https://immovlan.be/en/detail/apartment/for-sale/4000/liege/vbe30409,vbe30409,apartment,for-sale,4000,liege
liege,House,https://immovlan.be/en/detail/residence/in-public-sale/4020/liege/vbe30371,vbe30371,residence,in-public-sale,4020,liege
liege,House,https://immovlan.be/en/detail/mixed-building/for-sale/4180/hamoir/vbe30370,vbe30370,mixed-building,for-sale,4180,hamoir
liege,Apartment,https://immovlan.be/en/detail/ground-floor/for-sale/4000/liege/vbe30357,vbe30357,ground-floor,for-sale,4000,liege
liege,House,https://immovlan.be/en/detail/mixed-building/for-sale/4800/verviers/vbe30331,vbe30331,mixed-building,for-sale,4800,verviers
liege,House,https://immovlan.be/en/detail/residence/for-sale/4970/stavelot/vbe30320,vbe30320,residence,for-sale,4970,stavelot
liege,Apartment,https://immovlan.be/en/detail/apartment/for-sale/4100/seraing/vbe30310,vbe30310,apartment,for-sale,4100,seraing
liege,Apartment,https://immovlan.be/en/detail/apartment/for-sale/4000/liege/vbe30300,vbe30300,apartment,for-sale,4000,liege
liege,House,https://immovlan.be/en/detail/residence/for-sale/4032/chenee/vbe30244,vbe30244,residence,for-sale,4032,chenee
liege,House,https://immovlan.be/en/detail/villa/for-sale/4020/jupille/vbe30234,vbe30234,villa,for-sale,4020,jupille
liege,House,https://immovlan.be/en/detail/residence/for-sale/4130/esneux/rbw10660,rbw10660,residence,for-sale,4130,esneux
liege,House,https://immovlan.be/en/detail/residence/for-sale/4300/waremme/vbe30210,vbe30210,residence,for-sale,4300,waremme
liege,House,https://immovlan.be/en/detail/residence/in-public-sale/4400/flemalle/vbe30193,vbe30193,residence,in-public-sale,4400,flemalle
liege,House,https://immovlan.be/en/detail/residence/for-sale/4190/werbomont/vbd77887,vbd77887,residence,for-sale,4190,werbomont
liege,House,https://immovlan.be/en/detail/residence/for-sale/4610/beyne-heusay/vbe30140,vbe30140,residence,for-sale,4610,beyne-heusay
liege,House,https://immovlan.be/en/detail/residence/for-sale/4624/romsee/vbe30136,vbe30136,residence,for-sale,4624,romsee
liege,House,https://immovlan.be/en/detail/residence/for-sale/4570/marchin/vbe30102,vbe30102,residence,for-sale,4570,marchin
liege,Apartment,https://immovlan.be/en/detail/apartment/for-sale/4800/verviers/vbe02736,vbe02736,apartment,for-sale,4800,verviers
liege,House,https://immovlan.be/en/detail/residence/for-sale/4400/flemalle/vbe23358,vbe23358,residence,for-sale,4400,flemalle
liege,House,https://immovlan.be/en/detail/residence/for-sale/4254/ligney/vbe03714,vbe03714,residence,for-sale,4254,ligney
liege,House,https://immovlan.be/en/detail/bungalow/for-sale/4800/verviers/vbe19122,vbe19122,bungalow,for-sale,4800,verviers
liege,House,https://immovlan.be/en/detail/bungalow/for-sale/4910/theux/vbe19121,vbe19121,bungalow,for-sale,4910,theux
liege,House,https://immovlan.be/en/detail/mixed-building/for-sale/4800/verviers/vbe15590,vbe15590,mixed-building,for-sale,4800,verviers
liege,House,https://immovlan.be/en/detail/residence/for-sale/4800/verviers/vbe13023,vbe13023,residence,for-sale,4800,verviers
liege,House,https://immovlan.be/en/detail/residence/for-sale/4850/moresnet/vbe21235,vbe21235,residence,for-sale,4850,moresnet
liege,House,https://immovlan.be/en/detail/residence/for-sale/4851/gemmenich/vbe02380,vbe02380,residence,for-sale,4851,gemmenich
liege,House,https://immovlan.be/en/detail/residence/for-sale/4607/dalhem/vbe29864,vbe29864,residence,for-sale,4607,dalhem
liege,House,https://immovlan.be/en/detail/residence/for-sale/4102/ougree/vbe29861,vbe29861,residence,for-sale,4102,ougree
liege,Apartment,https://immovlan.be/en/detail/apartment/for-sale/4000/liege/vbe29860,vbe29860,apartment,for-sale,4000,liege
liege,House,https://immovlan.be/en/detail/residence/for-sale/4480/hermalle-sous-huy/vbe29849,vbe29849,residence,for-sale,4480,hermalle-sous-huy
liege,House,https://immovlan.be/en/detail/mixed-building/for-sale/4800/verviers/vbe18840,vbe18840,mixed-building,for-sale,4800,verviers
liege,House,https://immovlan.be/en/detail/residence/for-sale/4801/stembert/vbe29812,vbe29812,residence,for-sale,4801,stembert
liege,House,https://immovlan.be/en/detail/residence/for-sale/4670/trembleur/vbe29787,vbe29787,residence,for-sale,4670,trembleur
liege,House,https://immovlan.be/en/detail/residence/for-sale/4100/seraing/vbe29786,vbe29786,residence,for-sale,4100,seraing
liege,House,https://immovlan.be/en/detail/residence/for-sale/4670/trembleur/vbe29784,vbe29784,residence,for-sale,4670,trembleur
liege,House,https://immovlan.be/en/detail/residence/for-sale/4840/welkenraedt/vbe29783,vbe29783,residence,for-sale,4840,welkenraedt
liege,House,https://immovlan.be/en/detail/residence/for-sale/4680/oupeye/vbe29781,vbe29781,residence,for-sale,4680,oupeye
liege,House,https://immovlan.be/en/detail/residence/for-sale/4050/chaudfontaine/vbd06081,vbd06081,residence,for-sale,4050,chaudfontaine
liege,House,https://immovlan.be/en/detail/residence/for-sale/4480/engis/vbd91597,vbd91597,residence,for-sale,4480,engis
liege,Apartment,https://immovlan.be/en/detail/penthouse/for-sale/4624/romsee/vbe29738,vbe29738,penthouse,for-sale,4624,romsee
liege,Apartment,https://immovlan.be/en/detail/penthouse/for-sale/4620/fleron/vbe29737,vbe29737,penthouse,for-sale,4620,fleron
liege,House,https://immovlan.be/en/detail/residence/for-sale/4602/cheratte/vbe29730,vbe29730,residence,for-sale,4602,cheratte
liege,House,https://immovlan.be/en/detail/residence/for-sale/4602/cheratte/vbe29728,vbe29728,residence,for-sale,4602,cheratte
liege,House,https://immovlan.be/en/detail/residence/for-sale/4602/cheratte/vbe29727,vbe29727,residence,for-sale,4602,cheratte
liege,House,https://immovlan.be/en/detail/residence/for-sale/4950/waimes/vbe29632,vbe29632,residence,for-sale,4950,waimes
liege,House,https://immovlan.be/en/detail/residence/for-sale/4500/huy/rbw09861,rbw09861,residence,for-sale,4500,huy
liege,House,https://immovlan.be/en/detail/residence/for-sale/4550/nandrin/vbe29576,vbe29576,residence,for-sale,4550,nandrin
liege,Apartment,https://immovlan.be/en/detail/apartment/for-sale/4671/barchon/vbe29567,vbe29567,apartment,for-sale,4671,barchon
liege,House,https://immovlan.be/en/detail/mixed-building/for-sale/4100/seraing/vbe29485,vbe29485,mixed-building,for-sale,4100,seraing
liege,House,https://immovlan.be/en/detail/residence/for-sale/4100/seraing/vbe29464,vbe29464,residence,for-sale,4100,seraing
liege,House,https://immovlan.be/en/detail/residence/for-sale/4140/dolembreux/vbe29443,vbe29443,residence,for-sale,4140,dolembreux
liege,House,https://immovlan.be/en/detail/residence/for-sale/4690/bassenge/vbe29394,vbe29394,residence,for-sale,4690,bassenge
liege,Apartment,https://immovlan.be/en/detail/apartment/for-sale/4960/malmedy/vbd80600,vbd80600,apartment,for-sale,4960,malmedy
liege,House,https://immovlan.be/en/detail/residence/for-sale/4041/milmort/vbe29349,vbe29349,residence,for-sale,4041,milmort
liege,House,https://immovlan.be/en/detail/residence/for-sale/4020/wandre/vbe29342,vbe29342,residence,for-sale,4020,wandre
liege,House,https://immovlan.be/en/detail/residence/for-sale/4040/herstal/vwd17677,vwd17677,residence,for-sale,4040,herstal
liege,House,https://immovlan.be/en/detail/residence/for-sale/4100/seraing/vbe29337,vbe29337,residence,for-sale,4100,seraing
liege,House,https://immovlan.be/en/detail/residence/for-sale/4560/clavier/vbe29336,vbe29336,residence,for-sale,4560,clavier
liege,House,https://immovlan.be/en/detail/residence/for-sale/4041/vottem/vbe29300,vbe29300,residence,for-sale,4041,vottem
liege,House,https://immovlan.be/en/detail/residence/for-sale/4540/amay/vbe29291,vbe29291,residence,for-sale,4540,amay
liege,House,https://immovlan.be/en/detail/residence/for-sale/4790/burg-reuland/vbd48377,vbd48377,residence,for-sale,4790,burg-reuland
liege,House,https://immovlan.be/en/detail/residence/for-sale/4030/grivegnee/vbe29265,vbe29265,residence,for-sale,4030,grivegnee
liege,House,https://immovlan.be/en/detail/cottage/for-sale/4980/trois-ponts/vbe29262,vbe29262,cottage,for-sale,4980,trois-ponts
liege,House,https://immovlan.be/en/detail/residence/for-sale/4750/elsenborn/vbe29252,vbe29252,residence,for-sale,4750,elsenborn
liege,House,https://immovlan.be/en/detail/chalet/for-sale/4960/malmedy/vbe29249,vbe29249,chalet,for-sale,4960,malmedy
liege,House,https://immovlan.be/en/detail/residence/in-public-sale/4000/liege/vbe29229,vbe29229,residence,in-public-sale,4000,liege
liege,Apartment,https://immovlan.be/en/detail/apartment/for-sale/4000/liege/vbe17509,vbe17509,apartment,for-sale,4000,liege
liege,Apartment,https://immovlan.be/en/detail/apartment/for-sale/4000/liege/vbe17508,vbe17508,apartment,for-sale,4000,liege
liege,House,https://immovlan.be/en/detail/residence/for-sale/4840/welkenraedt/vbd20063,vbd20063,residence,for-sale,4840,welkenraedt
liege,House,https://immovlan.be/en/detail/residence/for-sale/4570/marchin/vbe23795,vbe23795,residence,for-sale,4570,marchin
liege,House,https://immovlan.be/en/detail/residence/for-sale/4500/huy/vbe22745,vbe22745,residence,for-sale,4500,huy
liege,House,https://immovlan.be/en/detail/residence/for-sale/4500/huy/vbe29126,vbe29126,residence,for-sale,4500,huy
liege,Apartment,https://immovlan.be/en/detail/apartment/for-sale/4020/liege/vbe29118,vbe29118,apartment,for-sale,4020,liege
liege,House,https://immovlan.be/en/detail/residence/for-sale/4821/andrimont/vbe29108,vbe29108,residence,for-sale,4821,andrimont
liege,House,https://immovlan.be/en/detail/residence/for-sale/4710/lontzen/vbe29080,vbe29080,residence,for-sale,4710,lontzen
liege,Apartment,https://immovlan.be/en/detail/duplex/for-sale/4557/tinlot/vbe28988,vbe28988,duplex,for-sale,4557,tinlot
liege,House,https://immovlan.be/en/detail/residence/for-sale/4020/wandre/vbe28987,vbe28987,residence,for-sale,4020,wandre
liege,Apartment,https://immovlan.be/en/detail/apartment/for-sale/4500/huy/vbe28969,vbe28969,apartment,for-sale,4500,huy
liege,Apartment,https://immovlan.be/en/detail/triplex/for-sale/4500/huy/vbe28968,vbe28968,triplex,for-sale,4500,huy
liege,Apartment,https://immovlan.be/en/detail/studio/for-sale/4960/malmedy/vbe28928,vbe28928,studio,for-sale,4960,malmedy
liege,House,https://immovlan.be/en/detail/mixed-building/for-sale/4960/malmedy/vbe28927,vbe28927,mixed-building,for-sale,4960,malmedy
liege,Apartment,https://immovlan.be/en/detail/duplex/for-sale/4960/malmedy/vbe28926,vbe28926,duplex,for-sale,4960,malmedy
liege,House,https://immovlan.be/en/detail/mixed-building/for-sale/4420/saint-nicolas/vbe28924,vbe28924,mixed-building,for-sale,4420,saint-nicolas
liege,Apartment,https://immovlan.be/en/detail/penthouse/for-sale/4000/liege/vbe28902,vbe28902,penthouse,for-sale,4000,liege
liege,House,https://immovlan.be/en/detail/villa/for-sale/4550/nandrin/vbe28900,vbe28900,villa,for-sale,4550,nandrin
liege,House,https://immovlan.be/en/detail/mixed-building/for-sale/4000/liege/vbe28888,vbe28888,mixed-building,for-sale,4000,liege
liege,Apartment,https://immovlan.be/en/detail/apartment/for-sale/4300/waremme/vbe31383,vbe31383,apartment,for-sale,4300,waremme
liege,House,https://immovlan.be/en/detail/residence/for-sale/4141/louveigne/vbe30572,vbe30572,residence,for-sale,4141,louveigne
liege,House,https://immovlan.be/en/detail/villa/for-sale/4100/seraing/vbe30507,vbe30507,villa,for-sale,4100,seraing
liege,House,https://immovlan.be/en/detail/residence/for-sale/4540/amay/vbe30429,vbe30429,residence,for-sale,4540,amay
liege,House,https://immovlan.be/en/detail/residence/for-sale/4101/jemeppe/vbe29797,vbe29797,residence,for-sale,4101,jemeppe
liege,Apartment,https://immovlan.be/en/detail/apartment/for-sale/4000/liege/vbe29177,vbe29177,apartment,for-sale,4000,liege
liege,House,https://immovlan.be/en/detail/mixed-building/for-sale/4430/ans/vbe28894,vbe28894,mixed-building,for-sale,4430,ans
liege,House,https://immovlan.be/en/detail/residence/for-sale/4400/flemalle/vbe28348,vbe28348,residence,for-sale,4400,flemalle
liege,House,https://immovlan.be/en/detail/residence/for-sale/4219/wasseiges/vbe28536,vbe28536,residence,for-sale,4219,wasseiges
liege,House,https://immovlan.be/en/detail/residence/for-sale/4870/trooz/vbe28374,vbe28374,residence,for-sale,4870,trooz
liege,House,https://immovlan.be/en/detail/villa/for-sale/4870/trooz/vbe27970,vbe27970,villa,for-sale,4870,trooz
liege,Apartment,https://immovlan.be/en/detail/apartment/for-sale/4300/waremme/vbe27813,vbe27813,apartment,for-sale,4300,waremme
liege,Apartment,https://immovlan.be/en/detail/apartment/for-sale/4000/liege/vbe27730,vbe27730,apartment,for-sale,4000,liege
liege,House,https://immovlan.be/en/detail/residence/for-sale/4280/hannut/vbe27017,vbe27017,residence,for-sale,4280,hannut
liege,Apartment,https://immovlan.be/en/detail/apartment/for-sale/4053/embourg/vbe26757,vbe26757,apartment,for-sale,4053,embourg
liege,House,https://immovlan.be/en/detail/cottage/for-sale/4623/magnee/rbw01557,rbw01557,cottage,for-sale,4623,magnee
liege,Apartment,https://immovlan.be/en/detail/apartment/for-sale/4000/liege/vbe26327,vbe26327,apartment,for-sale,4000,liege
liege,House,https://immovlan.be/en/detail/residence/for-sale/4102/ougree/vbe25566,vbe25566,residence,for-sale,4102,ougree
liege,House,https://immovlan.be/en/detail/residence/for-sale/4300/waremme/vbe25137,vbe25137,residence,for-sale,4300,waremme
liege,House,https://immovlan.be/en/detail/villa/for-sale/4550/nandrin/vbe25119,vbe25119,villa,for-sale,4550,nandrin
liege,House,https://immovlan.be/en/detail/residence/for-sale/4100/seraing/vbe24423,vbe24423,residence,for-sale,4100,seraing
liege,Apartment,https://immovlan.be/en/detail/apartment/for-sale/4960/malmedy/vbe24298,vbe24298,apartment,for-sale,4960,malmedy
liege,House,https://immovlan.be/en/detail/residence/for-sale/4560/bois-et-borsu/vbd93984,vbd93984,residence,for-sale,4560,bois-et-borsu
liege,House,https://immovlan.be/en/detail/residence/for-sale/4560/bois-et-borsu/vbd93983,vbd93983,residence,for-sale,4560,bois-et-borsu
liege,House,https://immovlan.be/en/detail/residence/for-sale/4317/faimes/vbe23989,vbe23989,residence,for-sale,4317,faimes
liege,Apartment,https://immovlan.be/en/detail/apartment/for-sale/4300/waremme/vbe23482,vbe23482,apartment,for-sale,4300,waremme
liege,House,https://immovlan.be/en/detail/residence/for-sale/4630/soumagne/vbe23049,vbe23049,residence,for-sale,4630,soumagne
liege,House,https://immovlan.be/en/detail/residence/for-sale/4020/jupille/rbv90001,rbv90001,residence,for-sale,4020,jupille
liege,House,https://immovlan.be/en/detail/mixed-building/for-sale/4020/liege/vbe22390,vbe22390,mixed-building,for-sale,4020,liege
liege,House,https://immovlan.be/en/detail/residence/for-sale/4550/nandrin/vbe20933,vbe20933,residence,for-sale,4550,nandrin
liege,House,https://immovlan.be/en/detail/villa/for-sale/4802/heusy/vbe21243,vbe21243,villa,for-sale,4802,heusy
liege,House,https://immovlan.be/en/detail/cottage/for-sale/4257/berloz/vbe21104,vbe21104,cottage,for-sale,4257,berloz
liege,Apartment,https://immovlan.be/en/detail/apartment/for-sale/4020/liege/vbe20726,vbe20726,apartment,for-sale,4020,liege
liege,House,https://immovlan.be/en/detail/master-house/for-sale/4000/liege/vbe20592,vbe20592,master-house,for-sale,4000,liege
liege,House,https://immovlan.be/en/detail/villa/for-sale/4252/omal/vbe20093,vbe20093,villa,for-sale,4252,omal
liege,Apartment,https://immovlan.be/en/detail/ground-floor/for-sale/4620/fleron/rbv85912,rbv85912,ground-floor,for-sale,4620,fleron
liege,House,https://immovlan.be/en/detail/residence/for-sale/4317/faimes/vbe19707,vbe19707,residence,for-sale,4317,faimes
liege,House,https://immovlan.be/en/detail/residence/for-sale/4130/esneux/rbv83958,rbv83958,residence,for-sale,4130,esneux
liege,House,https://immovlan.be/en/detail/residence/for-sale/4470/saint-georges-sur-meuse/vbe18846,vbe18846,residence,for-sale,4470,saint-georges-sur-meuse
liege,House,https://immovlan.be/en/detail/residence/for-sale/4920/sougne-remouchamps/vbe17876,vbe17876,residence,for-sale,4920,sougne-remouchamps
liege,Apartment,https://immovlan.be/en/detail/ground-floor/for-sale/4802/heusy/vbe17875,vbe17875,ground-floor,for-sale,4802,heusy
liege,House,https://immovlan.be/en/detail/residence/for-sale/4550/nandrin/vbe17623,vbe17623,residence,for-sale,4550,nandrin
liege,House,https://immovlan.be/en/detail/residence/for-sale/4130/esneux/vwd17374,vwd17374,residence,for-sale,4130,esneux
liege,House,https://immovlan.be/en/detail/residence/for-sale/4181/filot/vbe15263,vbe15263,residence,for-sale,4181,filot
liege,Apartment,https://immovlan.be/en/detail/apartment/for-sale/4000/liege/vbe15235,vbe15235,apartment,for-sale,4000,liege
liege,House,https://immovlan.be/en/detail/mixed-building/for-sale/4100/seraing/vbe14653,vbe14653,mixed-building,for-sale,4100,seraing
liege,House,https://immovlan.be/en/detail/mixed-building/for-sale/4480/engis/vbe05904,vbe05904,mixed-building,for-sale,4480,engis
liege,House,https://immovlan.be/en/detail/residence/for-sale/4031/angleur/vbe13986,vbe13986,residence,for-sale,4031,angleur
liege,House,https://immovlan.be/en/detail/residence/for-sale/4020/liege/vbe13871,vbe13871,residence,for-sale,4020,liege
liege,Apartment,https://immovlan.be/en/detail/apartment/for-sale/4420/saint-nicolas/vbe13292,vbe13292,apartment,for-sale,4420,saint-nicolas
liege,Apartment,https://immovlan.be/en/detail/apartment/for-sale/4101/jemeppe/vbe11725,vbe11725,apartment,for-sale,4101,jemeppe
liege,House,https://immovlan.be/en/detail/villa/for-sale/4480/engis/vbe11534,vbe11534,villa,for-sale,4480,engis
liege,House,https://immovlan.be/en/detail/residence/for-sale/4821/andrimont/vwd16705,vwd16705,residence,for-sale,4821,andrimont
liege,House,https://immovlan.be/en/detail/mixed-building/for-sale/4960/malmedy/vbe10378,vbe10378,mixed-building,for-sale,4960,malmedy
liege,Apartment,https://immovlan.be/en/detail/studio/for-sale/4920/aywaille/vbe10365,vbe10365,studio,for-sale,4920,aywaille
liege,House,https://immovlan.be/en/detail/residence/for-sale/4260/braives/vbe10067,vbe10067,residence,for-sale,4260,braives
liege,Apartment,https://immovlan.be/en/detail/apartment/for-sale/4020/liege/vbe09800,vbe09800,apartment,for-sale,4020,liege
liege,House,https://immovlan.be/en/detail/residence/for-sale/4317/les-waleffes/vbe08647,vbe08647,residence,for-sale,4317,les-waleffes
liege,House,https://immovlan.be/en/detail/residence/for-sale/4210/burdinne/vbe08275,vbe08275,residence,for-sale,4210,burdinne
liege,House,https://immovlan.be/en/detail/bungalow/for-sale/4260/braives/vbe08271,vbe08271,bungalow,for-sale,4260,braives
liege,House,https://immovlan.be/en/detail/villa/for-sale/4480/engis/vbe07472,vbe07472,villa,for-sale,4480,engis
liege,Apartment,https://immovlan.be/en/detail/apartment/for-sale/4460/grace-hollogne/vbe05693,vbe05693,apartment,for-sale,4460,grace-hollogne
liege,Apartment,https://immovlan.be/en/detail/apartment/for-sale/4130/esneux/vbe05634,vbe05634,apartment,for-sale,4130,esneux
liege,House,https://immovlan.be/en/detail/chalet/for-sale/4980/trois-ponts/vwd16704,vwd16704,chalet,for-sale,4980,trois-ponts
liege,House,https://immovlan.be/en/detail/residence/for-sale/4000/liege/vbe03129,vbe03129,residence,for-sale,4000,liege
liege,Apartment,https://immovlan.be/en/detail/apartment/for-sale/4100/seraing/vbe02533,vbe02533,apartment,for-sale,4100,seraing
liege,Apartment,https://immovlan.be/en/detail/apartment/for-sale/4020/bressoux/vbe02418,vbe02418,apartment,for-sale,4020,bressoux
liege,House,https://immovlan.be/en/detail/master-house/for-sale/4000/liege/vwd17039,vwd17039,master-house,for-sale,4000,liege
liege,Apartment,https://immovlan.be/en/detail/duplex/for-sale/4970/francorchamps/vbe01959,vbe01959,duplex,for-sale,4970,francorchamps
liege,House,https://immovlan.be/en/detail/residence/for-sale/4260/avennes/vbd99956,vbd99956,residence,for-sale,4260,avennes
liege,Apartment,https://immovlan.be/en/detail/apartment/for-sale/4000/liege/vbd97183,vbd97183,apartment,for-sale,4000,liege
liege,House,https://immovlan.be/en/detail/residence/for-sale/4100/seraing/vbd96380,vbd96380,residence,for-sale,4100,seraing
liege,House,https://immovlan.be/en/detail/residence/for-sale/4280/hannut/vbd96041,vbd96041,residence,for-sale,4280,hannut
liege,House,https://immovlan.be/en/detail/residence/for-sale/4801/stembert/vbd95842,vbd95842,residence,for-sale,4801,stembert
liege,Apartment,https://immovlan.be/en/detail/apartment/for-sale/4101/jemeppe/vbd85113,vbd85113,apartment,for-sale,4101,jemeppe
liege,Apartment,https://immovlan.be/en/detail/apartment/for-sale/4920/aywaille/vbd83504,vbd83504,apartment,for-sale,4920,aywaille
liege,Apartment,https://immovlan.be/en/detail/apartment/for-sale/4300/waremme/vbd79873,vbd79873,apartment,for-sale,4300,waremme
liege,Apartment,https://immovlan.be/en/detail/apartment/for-sale/4000/rocourt/vwd16324,vwd16324,apartment,for-sale,4000,rocourt
liege,House,https://immovlan.be/en/detail/residence/for-sale/4280/avin/vbd68415,vbd68415,residence,for-sale,4280,avin
liege,House,https://immovlan.be/en/detail/residence/for-sale/4280/lens-saint-remy/vbd63896,vbd63896,residence,for-sale,4280,lens-saint-remy
liege,House,https://immovlan.be/en/detail/bungalow/for-sale/4960/bellevaux-ligneuville/vbd62297,vbd62297,bungalow,for-sale,4960,bellevaux-ligneuville
liege,Apartment,https://immovlan.be/en/detail/penthouse/for-sale/4020/liege/vbc55856,vbc55856,penthouse,for-sale,4020,liege
liege,House,https://immovlan.be/en/detail/residence/for-sale/4280/grand-hallet/vbd54461,vbd54461,residence,for-sale,4280,grand-hallet
liege,Apartment,https://immovlan.be/en/detail/apartment/for-sale/4100/boncelles/vbd48823,vbd48823,apartment,for-sale,4100,boncelles
liege,Apartment,https://immovlan.be/en/detail/ground-floor/for-sale/4031/angleur/vbd48820,vbd48820,ground-floor,for-sale,4031,angleur
liege,Apartment,https://immovlan.be/en/detail/duplex/for-sale/4960/malmedy/vbb08871,vbb08871,duplex,for-sale,4960,malmedy
liege,House,https://immovlan.be/en/detail/residence/for-sale/4557/tinlot/vbd38225,vbd38225,residence,for-sale,4557,tinlot
liege,Apartment,https://immovlan.be/en/detail/apartment/for-sale/4000/rocourt/vwd14834,vwd14834,apartment,for-sale,4000,rocourt
liege,House,https://immovlan.be/en/detail/residence/for-sale/4101/jemeppe/vbc85760,vbc85760,residence,for-sale,4101,jemeppe
liege,House,https://immovlan.be/en/detail/residence/for-sale/4100/seraing/vbc66805,vbc66805,residence,for-sale,4100,seraing
liege,Apartment,https://immovlan.be/en/detail/apartment/for-sale/4000/liege/vbc39049,vbc39049,apartment,for-sale,4000,liege
liege,House,https://immovlan.be/en/detail/mixed-building/for-sale/4980/trois-ponts/vbb85201,vbb85201,mixed-building,for-sale,4980,trois-ponts
liege,House,https://immovlan.be/en/detail/residence/for-sale/4800/petit-rechain/vwc99079,vwc99079,residence,for-sale,4800,petit-rechain
liege,House,https://immovlan.be/en/detail/residence/for-sale/4800/petit-rechain/vwc99080,vwc99080,residence,for-sale,4800,petit-rechain
liege,House,https://immovlan.be/en/detail/residence/for-sale/4300/waremme/rwc32426,rwc32426,residence,for-sale,4300,waremme
liege,Apartment,https://immovlan.be/en/detail/apartment/for-sale/4400/flemalle-grande/vwc99047,vwc99047,apartment,for-sale,4400,flemalle-grande
liege,House,https://immovlan.be/en/detail/residence/for-sale/4800/petit-rechain/vwd00161,vwd00161,residence,for-sale,4800,petit-rechain
liege,House,https://immovlan.be/en/detail/residence/for-sale/4860/pepinster/vbe28874,vbe28874,residence,for-sale,4860,pepinster
liege,House,https://immovlan.be/en/detail/residence/for-sale/4460/grace-hollogne/vbe28869,vbe28869,residence,for-sale,4460,grace-hollogne
liege,House,https://immovlan.be/en/detail/residence/for-sale/4600/lanaye/vbe28850,vbe28850,residence,for-sale,4600,lanaye
liege,House,https://immovlan.be/en/detail/residence/for-sale/4830/limbourg/vwd17668,vwd17668,residence,for-sale,4830,limbourg
liege,House,https://immovlan.be/en/detail/residence/for-sale/4837/baelen/vbe28821,vbe28821,residence,for-sale,4837,baelen
liege,House,https://immovlan.be/en/detail/residence/for-sale/4681/hermalle-sous-argenteau/vbe28806,vbe28806,residence,for-sale,4681,hermalle-sous-argenteau
liege,House,https://immovlan.be/en/detail/residence/for-sale/4020/wandre/vbe28803,vbe28803,residence,for-sale,4020,wandre
liege,House,https://immovlan.be/en/detail/residence/for-sale/4020/wandre/vbe28802,vbe28802,residence,for-sale,4020,wandre
liege,House,https://immovlan.be/en/detail/residence/for-sale/4020/wandre/vbe28800,vbe28800,residence,for-sale,4020,wandre
liege,Apartment,https://immovlan.be/en/detail/apartment/for-sale/4000/liege/vbe28799,vbe28799,apartment,for-sale,4000,liege
liege,House,https://immovlan.be/en/detail/mixed-building/for-sale/4950/waimes/vbc82452,vbc82452,mixed-building,for-sale,4950,waimes
liege,House,https://immovlan.be/en/detail/residence/for-sale/4570/marchin/rbw08911,rbw08911,residence,for-sale,4570,marchin
liege,House,https://immovlan.be/en/detail/villa/for-sale/4052/beaufays/vbe28774,vbe28774,villa,for-sale,4052,beaufays
liege,Apartment,https://immovlan.be/en/detail/apartment/for-sale/4040/herstal/vbe28765,vbe28765,apartment,for-sale,4040,herstal
liege,House,https://immovlan.be/en/detail/villa/for-sale/4845/jalhay/vbd43807,vbd43807,villa,for-sale,4845,jalhay
liege,Apartment,https://immovlan.be/en/detail/apartment/for-sale/4040/herstal/vbe06397,vbe06397,apartment,for-sale,4040,herstal
liege,Apartment,https://immovlan.be/en/detail/duplex/for-sale/4040/herstal/vbe06395,vbe06395,duplex,for-sale,4040,herstal
liege,House,https://immovlan.be/en/detail/residence/for-sale/4690/glons/vbe22203,vbe22203,residence,for-sale,4690,glons
liege,House,https://immovlan.be/en/detail/residence/for-sale/4630/micheroux/vbe08099,vbe08099,residence,for-sale,4630,micheroux
liege,Apartment,https://immovlan.be/en/detail/apartment/for-sale/4300/waremme/vbd78608,vbd78608,apartment,for-sale,4300,waremme
liege,House,https://immovlan.be/en/detail/residence/for-sale/4420/saint-nicolas/vbd97593,vbd97593,residence,for-sale,4420,saint-nicolas
liege,House,https://immovlan.be/en/detail/residence/for-sale/4730/raeren/vbe09200,vbe09200,residence,for-sale,4730,raeren
liege,House,https://immovlan.be/en/detail/residence/for-sale/4791/thommen/vbd60736,vbd60736,residence,for-sale,4791,thommen
liege,House,https://immovlan.be/en/detail/residence/for-sale/4800/verviers/vbd43844,vbd43844,residence,for-sale,4800,verviers
liege,House,https://immovlan.be/en/detail/mixed-building/for-sale/4040/herstal/vbe20966,vbe20966,mixed-building,for-sale,4040,herstal
liege,House,https://immovlan.be/en/detail/residence/for-sale/4340/awans/vbd96728,vbd96728,residence,for-sale,4340,awans
luxembourg,Apartment,https://immovlan.be/en/detail/apartment/for-sale/6880/bertrix/vbe35006,vbe35006,apartment,for-sale,6880,bertrix
luxembourg,Apartment,https://immovlan.be/en/detail/apartment/for-sale/6880/bertrix/vbe34863,vbe34863,apartment,for-sale,6880,bertrix
luxembourg,Apartment,https://immovlan.be/en/detail/apartment/for-sale/6880/bertrix/vbe31926,vbe31926,apartment,for-sale,6880,bertrix
luxembourg,House,https://immovlan.be/en/detail/residence/for-sale/6780/messancy/vbe31413,vbe31413,residence,for-sale,6780,messancy
luxembourg,House,https://immovlan.be/en/detail/residence/for-sale/6840/neufchateau/vbe31256,vbe31256,residence,for-sale,6840,neufchateau
luxembourg,House,https://immovlan.be/en/detail/residence/for-sale/6880/bertrix/vbe30727,vbe30727,residence,for-sale,6880,bertrix
luxembourg,House,https://immovlan.be/en/detail/residence/for-sale/6850/paliseul/vbe30118,vbe30118,residence,for-sale,6850,paliseul
luxembourg,House,https://immovlan.be/en/detail/residence/for-sale/6951/bande/vbe15840,vbe15840,residence,for-sale,6951,bande
luxembourg,House,https://immovlan.be/en/detail/villa/for-sale/6660/houffalize/vbe15845,vbe15845,villa,for-sale,6660,houffalize
luxembourg,House,https://immovlan.be/en/detail/residence/for-sale/6850/paliseul/vbe35290,vbe35290,residence,for-sale,6850,paliseul
luxembourg,Apartment,https://immovlan.be/en/detail/apartment/for-sale/6740/etalle/vbe35209,vbe35209,apartment,for-sale,6740,etalle
luxembourg,Apartment,https://immovlan.be/en/detail/apartment/for-sale/6740/etalle/vbe35208,vbe35208,apartment,for-sale,6740,etalle
luxembourg,House,https://immovlan.be/en/detail/residence/for-sale/6640/vaux-sur-sure/vbe35182,vbe35182,residence,for-sale,6640,vaux-sur-sure
luxembourg,House,https://immovlan.be/en/detail/villa/for-sale/6900/marche-en-famenne/vbe35166,vbe35166,villa,for-sale,6900,marche-en-famenne
luxembourg,Apartment,https://immovlan.be/en/detail/apartment/for-sale/6941/durbuy/vbe35099,vbe35099,apartment,for-sale,6941,durbuy
luxembourg,House,https://immovlan.be/en/detail/residence/for-sale/6820/florenville/vbe35019,vbe35019,residence,for-sale,6820,florenville
luxembourg,House,https://immovlan.be/en/detail/residence/for-sale/6640/vaux-sur-sure/vbe35005,vbe35005,residence,for-sale,6640,vaux-sur-sure
luxembourg,House,https://immovlan.be/en/detail/residence/for-sale/6660/houffalize/vbe35003,vbe35003,residence,for-sale,6660,houffalize
luxembourg,House,https://immovlan.be/en/detail/residence/for-sale/6670/gouvy/vbe35002,vbe35002,residence,for-sale,6670,gouvy
luxembourg,House,https://immovlan.be/en/detail/residence/for-sale/6700/arlon/vbe34986,vbe34986,residence,for-sale,6700,arlon
luxembourg,House,https://immovlan.be/en/detail/residence/for-sale/6600/bastogne/vbe34985,vbe34985,residence,for-sale,6600,bastogne
luxembourg,House,https://immovlan.be/en/detail/residence/for-sale/6950/nassogne/vbe34956,vbe34956,residence,for-sale,6950,nassogne
luxembourg,House,https://immovlan.be/en/detail/chalet/for-sale/6940/barvaux-sur-ourthe/vbe34914,vbe34914,chalet,for-sale,6940,barvaux-sur-ourthe
luxembourg,Apartment,https://immovlan.be/en/detail/apartment/for-sale/6900/marche-en-famenne/vbe34862,vbe34862,apartment,for-sale,6900,marche-en-famenne
luxembourg,House,https://immovlan.be/en/detail/residence/for-sale/6767/dampicourt/vbe34738,vbe34738,residence,for-sale,6767,dampicourt
luxembourg,House,https://immovlan.be/en/detail/residence/for-sale/6680/sainte-ode/rbw19599,rbw19599,residence,for-sale,6680,sainte-ode
luxembourg,House,https://immovlan.be/en/detail/residence/for-sale/6661/mont/vbe34571,vbe34571,residence,for-sale,6661,mont
luxembourg,House,https://immovlan.be/en/detail/residence/for-sale/6929/daverdisse/vbe34538,vbe34538,residence,for-sale,6929,daverdisse
luxembourg,Apartment,https://immovlan.be/en/detail/apartment/for-sale/6800/libramont-chevigny/vbe34537,vbe34537,apartment,for-sale,6800,libramont-chevigny
luxembourg,Apartment,https://immovlan.be/en/detail/apartment/for-sale/6700/arlon/vbe34496,vbe34496,apartment,for-sale,6700,arlon
luxembourg,Apartment,https://immovlan.be/en/detail/apartment/for-sale/6700/arlon/vbe34495,vbe34495,apartment,for-sale,6700,arlon
luxembourg,Apartment,https://immovlan.be/en/detail/duplex/for-sale/6700/arlon/vbe34494,vbe34494,duplex,for-sale,6700,arlon
luxembourg,Apartment,https://immovlan.be/en/detail/apartment/for-sale/6700/arlon/vbe34493,vbe34493,apartment,for-sale,6700,arlon
luxembourg,Apartment,https://immovlan.be/en/detail/apartment/for-sale/6700/arlon/vbe34492,vbe34492,apartment,for-sale,6700,arlon
luxembourg,House,https://immovlan.be/en/detail/residence/for-sale/6900/marche-en-famenne/vbe34478,vbe34478,residence,for-sale,6900,marche-en-famenne
luxembourg,House,https://immovlan.be/en/detail/residence/for-sale/6680/sainte-ode/vbe34470,vbe34470,residence,for-sale,6680,sainte-ode
luxembourg,House,https://immovlan.be/en/detail/residence/for-sale/6900/marche-en-famenne/vbe34416,vbe34416,residence,for-sale,6900,marche-en-famenne
luxembourg,Apartment,https://immovlan.be/en/detail/apartment/for-sale/6940/durbuy/vbe34415,vbe34415,apartment,for-sale,6940,durbuy
luxembourg,House,https://immovlan.be/en/detail/residence/for-sale/6730/tintigny/vbe34393,vbe34393,residence,for-sale,6730,tintigny
luxembourg,House,https://immovlan.be/en/detail/residence/for-sale/6760/virton/vbe34392,vbe34392,residence,for-sale,6760,virton
luxembourg,Apartment,https://immovlan.be/en/detail/apartment/for-sale/6940/durbuy/vbe34349,vbe34349,apartment,for-sale,6940,durbuy
luxembourg,Apartment,https://immovlan.be/en/detail/apartment/for-sale/6830/bouillon/vwd17815,vwd17815,apartment,for-sale,6830,bouillon
luxembourg,House,https://immovlan.be/en/detail/residence/for-sale/6920/wellin/vbe34328,vbe34328,residence,for-sale,6920,wellin
luxembourg,House,https://immovlan.be/en/detail/residence/for-sale/6890/libin/vbe34305,vbe34305,residence,for-sale,6890,libin
luxembourg,House,https://immovlan.be/en/detail/residence/for-sale/6940/durbuy/vbe34300,vbe34300,residence,for-sale,6940,durbuy
luxembourg,Apartment,https://immovlan.be/en/detail/ground-floor/for-sale/6700/arlon/vwd17813,vwd17813,ground-floor,for-sale,6700,arlon
luxembourg,House,https://immovlan.be/en/detail/residence/for-sale/6940/durbuy/vbe34216,vbe34216,residence,for-sale,6940,durbuy
luxembourg,House,https://immovlan.be/en/detail/residence/for-sale/6769/meix-devant-virton/vbe34103,vbe34103,residence,for-sale,6769,meix-devant-virton
luxembourg,House,https://immovlan.be/en/detail/residence/for-sale/6700/arlon/vbe34091,vbe34091,residence,for-sale,6700,arlon
luxembourg,House,https://immovlan.be/en/detail/residence/for-sale/6990/hotton/vbe33808,vbe33808,residence,for-sale,6990,hotton
luxembourg,Apartment,https://immovlan.be/en/detail/triplex/for-sale/6850/paliseul/vbe33766,vbe33766,triplex,for-sale,6850,paliseul
luxembourg,House,https://immovlan.be/en/detail/residence/for-sale/6690/vielsalm/vbe33731,vbe33731,residence,for-sale,6690,vielsalm
luxembourg,House,https://immovlan.be/en/detail/residence/for-sale/6747/saint-leger/vbe33637,vbe33637,residence,for-sale,6747,saint-leger
luxembourg,House,https://immovlan.be/en/detail/residence/for-sale/6800/recogne/rwc42759,rwc42759,residence,for-sale,6800,recogne
luxembourg,House,https://immovlan.be/en/detail/residence/for-sale/6920/wellin/vbe33628,vbe33628,residence,for-sale,6920,wellin
luxembourg,House,https://immovlan.be/en/detail/master-house/for-sale/6760/virton/rbw18222,rbw18222,master-house,for-sale,6760,virton
luxembourg,House,https://immovlan.be/en/detail/residence/for-sale/6750/musson/vbe33542,vbe33542,residence,for-sale,6750,musson
luxembourg,House,https://immovlan.be/en/detail/residence/for-sale/6940/durbuy/vbe33472,vbe33472,residence,for-sale,6940,durbuy
luxembourg,House,https://immovlan.be/en/detail/residence/for-sale/6840/neufchateau/vbe33431,vbe33431,residence,for-sale,6840,neufchateau
luxembourg,Apartment,https://immovlan.be/en/detail/apartment/for-sale/6600/bastogne/vbe33363,vbe33363,apartment,for-sale,6600,bastogne
luxembourg,House,https://immovlan.be/en/detail/residence/for-sale/6680/sainte-ode/vbe33282,vbe33282,residence,for-sale,6680,sainte-ode
luxembourg,House,https://immovlan.be/en/detail/residence/for-sale/6987/rendeux/vbe33244,vbe33244,residence,for-sale,6987,rendeux
luxembourg,House,https://immovlan.be/en/detail/villa/for-sale/6980/la-roche-en-ardenne/vbe33241,vbe33241,villa,for-sale,6980,la-roche-en-ardenne
luxembourg,House,https://immovlan.be/en/detail/residence/for-sale/6630/martelange/vbe33213,vbe33213,residence,for-sale,6630,martelange
luxembourg,House,https://immovlan.be/en/detail/residence/for-sale/6887/herbeumont/vbe33179,vbe33179,residence,for-sale,6887,herbeumont
luxembourg,House,https://immovlan.be/en/detail/residence/for-sale/6747/chatillon/vbe33100,vbe33100,residence,for-sale,6747,chatillon
luxembourg,House,https://immovlan.be/en/detail/residence/for-sale/6747/saint-leger/vbe33063,vbe33063,residence,for-sale,6747,saint-leger
luxembourg,House,https://immovlan.be/en/detail/chalet/for-sale/6940/durbuy/vbe33054,vbe33054,chalet,for-sale,6940,durbuy
luxembourg,House,https://immovlan.be/en/detail/residence/for-sale/6747/saint-leger/vbe33023,vbe33023,residence,for-sale,6747,saint-leger
luxembourg,House,https://immovlan.be/en/detail/residence/for-sale/6890/libin/vbe32792,vbe32792,residence,for-sale,6890,libin
luxembourg,House,https://immovlan.be/en/detail/residence/for-sale/6600/bastogne/vbe32786,vbe32786,residence,for-sale,6600,bastogne
luxembourg,House,https://immovlan.be/en/detail/residence/for-sale/6760/virton/vbe32736,vbe32736,residence,for-sale,6760,virton
luxembourg,House,https://immovlan.be/en/detail/residence/for-sale/6900/marche-en-famenne/vbe32696,vbe32696,residence,for-sale,6900,marche-en-famenne
luxembourg,Apartment,https://immovlan.be/en/detail/apartment/for-sale/6800/libramont-chevigny/vbe32693,vbe32693,apartment,for-sale,6800,libramont-chevigny
luxembourg,House,https://immovlan.be/en/detail/residence/for-sale/6860/leglise/vbe32692,vbe32692,residence,for-sale,6860,leglise
luxembourg,House,https://immovlan.be/en/detail/residence/for-sale/6700/arlon/vbe32681,vbe32681,residence,for-sale,6700,arlon
luxembourg,Apartment,https://immovlan.be/en/detail/apartment/for-sale/6600/bastogne/vbe32677,vbe32677,apartment,for-sale,6600,bastogne
luxembourg,House,https://immovlan.be/en/detail/residence/for-sale/6940/durbuy/vbe32616,vbe32616,residence,for-sale,6940,durbuy
luxembourg,House,https://immovlan.be/en/detail/residence/for-sale/6790/aubange/vbe32561,vbe32561,residence,for-sale,6790,aubange
luxembourg,Apartment,https://immovlan.be/en/detail/apartment/for-sale/6640/vaux-sur-sure/vbe32509,vbe32509,apartment,for-sale,6640,vaux-sur-sure
luxembourg,House,https://immovlan.be/en/detail/residence/for-sale/6920/wellin/vbe32496,vbe32496,residence,for-sale,6920,wellin
luxembourg,Apartment,https://immovlan.be/en/detail/apartment/for-sale/6762/saint-mard/vbe32409,vbe32409,apartment,for-sale,6762,saint-mard
luxembourg,Apartment,https://immovlan.be/en/detail/apartment/for-sale/6760/virton/vbe32408,vbe32408,apartment,for-sale,6760,virton
luxembourg,House,https://immovlan.be/en/detail/residence/for-sale/6730/tintigny/vbe32407,vbe32407,residence,for-sale,6730,tintigny
luxembourg,House,https://immovlan.be/en/detail/residence/in-public-sale/6890/ochamps/vbe32386,vbe32386,residence,in-public-sale,6890,ochamps
luxembourg,House,https://immovlan.be/en/detail/residence/for-sale/6670/gouvy/vbe32361,vbe32361,residence,for-sale,6670,gouvy
luxembourg,House,https://immovlan.be/en/detail/residence/for-sale/6900/hargimont/vbe32337,vbe32337,residence,for-sale,6900,hargimont
luxembourg,House,https://immovlan.be/en/detail/residence/for-sale/6810/chiny/vbe32213,vbe32213,residence,for-sale,6810,chiny
luxembourg,Apartment,https://immovlan.be/en/detail/apartment/for-sale/6700/arlon/vbe32212,vbe32212,apartment,for-sale,6700,arlon
luxembourg,House,https://immovlan.be/en/detail/residence/for-sale/6940/septon/vbe32183,vbe32183,residence,for-sale,6940,septon
luxembourg,House,https://immovlan.be/en/detail/residence/for-sale/6717/attert/vbe32108,vbe32108,residence,for-sale,6717,attert
luxembourg,House,https://immovlan.be/en/detail/residence/for-sale/6880/bertrix/vbe32042,vbe32042,residence,for-sale,6880,bertrix
luxembourg,House,https://immovlan.be/en/detail/residence/for-sale/6890/libin/vbe32038,vbe32038,residence,for-sale,6890,libin
luxembourg,House,https://immovlan.be/en/detail/residence/for-sale/6741/vance/vbe31892,vbe31892,residence,for-sale,6741,vance
luxembourg,House,https://immovlan.be/en/detail/residence/for-sale/6927/tellin/vbe31850,vbe31850,residence,for-sale,6927,tellin
luxembourg,House,https://immovlan.be/en/detail/residence/for-sale/6887/herbeumont/vwd17728,vwd17728,residence,for-sale,6887,herbeumont
luxembourg,House,https://immovlan.be/en/detail/residence/for-sale/6840/neufchateau/vbe31751,vbe31751,residence,for-sale,6840,neufchateau
luxembourg,Apartment,https://immovlan.be/en/detail/duplex/for-sale/6887/herbeumont/vbe31750,vbe31750,duplex,for-sale,6887,herbeumont
luxembourg,Apartment,https://immovlan.be/en/detail/apartment/for-sale/6887/herbeumont/vbe31747,vbe31747,apartment,for-sale,6887,herbeumont
luxembourg,Apartment,https://immovlan.be/en/detail/apartment/for-sale/6600/bastogne/vbe31743,vbe31743,apartment,for-sale,6600,bastogne
luxembourg,Apartment,https://immovlan.be/en/detail/apartment/for-sale/6700/arlon/vbe31742,vbe31742,apartment,for-sale,6700,arlon
luxembourg,House,https://immovlan.be/en/detail/residence/for-sale/6687/bertogne/vbe31734,vbe31734,residence,for-sale,6687,bertogne
luxembourg,Apartment,https://immovlan.be/en/detail/apartment/for-sale/6600/bastogne/vbe31730,vbe31730,apartment,for-sale,6600,bastogne
luxembourg,Apartment,https://immovlan.be/en/detail/apartment/for-sale/6600/bastogne/vbe31729,vbe31729,apartment,for-sale,6600,bastogne
luxembourg,House,https://immovlan.be/en/detail/residence/for-sale/6681/lavacherie/vbe31695,vbe31695,residence,for-sale,6681,lavacherie
luxembourg,Apartment,https://immovlan.be/en/detail/apartment/for-sale/6600/bastogne/vbe31653,vbe31653,apartment,for-sale,6600,bastogne
luxembourg,House,https://immovlan.be/en/detail/residence/for-sale/6940/grandhan/vbe31643,vbe31643,residence,for-sale,6940,grandhan
luxembourg,House,https://immovlan.be/en/detail/residence/for-sale/6980/la-roche-en-ardenne/vbe31485,vbe31485,residence,for-sale,6980,la-roche-en-ardenne
luxembourg,House,https://immovlan.be/en/detail/chalet/for-sale/6940/durbuy/vbe31379,vbe31379,chalet,for-sale,6940,durbuy
luxembourg,Apartment,https://immovlan.be/en/detail/apartment/for-sale/6880/bertrix/vwd17717,vwd17717,apartment,for-sale,6880,bertrix
luxembourg,House,https://immovlan.be/en/detail/residence/for-sale/6747/chatillon/vbe31346,vbe31346,residence,for-sale,6747,chatillon
luxembourg,Apartment,https://immovlan.be/en/detail/apartment/for-sale/6990/hampteau/vbe31283,vbe31283,apartment,for-sale,6990,hampteau
luxembourg,House,https://immovlan.be/en/detail/residence/for-sale/6600/bastogne/vbe31282,vbe31282,residence,for-sale,6600,bastogne
luxembourg,House,https://immovlan.be/en/detail/residence/for-sale/6690/vielsalm/vbe31272,vbe31272,residence,for-sale,6690,vielsalm
luxembourg,House,https://immovlan.be/en/detail/residence/for-sale/6670/gouvy/vbe31271,vbe31271,residence,for-sale,6670,gouvy
luxembourg,House,https://immovlan.be/en/detail/residence/for-sale/6870/saint-hubert/vbe31270,vbe31270,residence,for-sale,6870,saint-hubert
luxembourg,House,https://immovlan.be/en/detail/residence/for-sale/6660/houffalize/vbe31269,vbe31269,residence,for-sale,6660,houffalize
luxembourg,House,https://immovlan.be/en/detail/residence/for-sale/6660/houffalize/vbe31267,vbe31267,residence,for-sale,6660,houffalize
luxembourg,House,https://immovlan.be/en/detail/residence/for-sale/6672/beho/vbe31265,vbe31265,residence,for-sale,6672,beho
luxembourg,House,https://immovlan.be/en/detail/residence/for-sale/6870/saint-hubert/vbe31262,vbe31262,residence,for-sale,6870,saint-hubert
luxembourg,House,https://immovlan.be/en/detail/residence/for-sale/6850/paliseul/vbe31259,vbe31259,residence,for-sale,6850,paliseul
luxembourg,Apartment,https://immovlan.be/en/detail/apartment/for-sale/6687/bertogne/vbe31257,vbe31257,apartment,for-sale,6687,bertogne
luxembourg,House,https://immovlan.be/en/detail/residence/for-sale/6600/bastogne/vbe31255,vbe31255,residence,for-sale,6600,bastogne
luxembourg,House,https://immovlan.be/en/detail/residence/for-sale/6670/gouvy/vbe31247,vbe31247,residence,for-sale,6670,gouvy
luxembourg,House,https://immovlan.be/en/detail/residence/for-sale/6840/grandvoir/vbe31246,vbe31246,residence,for-sale,6840,grandvoir
luxembourg,House,https://immovlan.be/en/detail/residence/for-sale/6640/hompre/vbe31244,vbe31244,residence,for-sale,6640,hompre
luxembourg,House,https://immovlan.be/en/detail/residence/for-sale/6690/vielsalm/vbe31242,vbe31242,residence,for-sale,6690,vielsalm
luxembourg,Apartment,https://immovlan.be/en/detail/apartment/for-sale/6690/vielsalm/vbe31240,vbe31240,apartment,for-sale,6690,vielsalm
luxembourg,Apartment,https://immovlan.be/en/detail/apartment/for-sale/6690/vielsalm/vbe31239,vbe31239,apartment,for-sale,6690,vielsalm
luxembourg,House,https://immovlan.be/en/detail/residence/for-sale/6660/houffalize/vbe31237,vbe31237,residence,for-sale,6660,houffalize
luxembourg,House,https://immovlan.be/en/detail/residence/for-sale/6780/messancy/vbe31236,vbe31236,residence,for-sale,6780,messancy
luxembourg,House,https://immovlan.be/en/detail/residence/for-sale/6900/marche-en-famenne/vbe31234,vbe31234,residence,for-sale,6900,marche-en-famenne
luxembourg,House,https://immovlan.be/en/detail/residence/for-sale/6670/gouvy/vbe31232,vbe31232,residence,for-sale,6670,gouvy
luxembourg,House,https://immovlan.be/en/detail/residence/for-sale/6660/houffalize/vbe31230,vbe31230,residence,for-sale,6660,houffalize
luxembourg,House,https://immovlan.be/en/detail/residence/for-sale/6660/houffalize/vbe31224,vbe31224,residence,for-sale,6660,houffalize
luxembourg,House,https://immovlan.be/en/detail/residence/for-sale/6700/arlon/vbe31122,vbe31122,residence,for-sale,6700,arlon
luxembourg,House,https://immovlan.be/en/detail/residence/for-sale/6690/vielsalm/vbe31076,vbe31076,residence,for-sale,6690,vielsalm
luxembourg,House,https://immovlan.be/en/detail/residence/for-sale/6830/bouillon/vwd17715,vwd17715,residence,for-sale,6830,bouillon
luxembourg,House,https://immovlan.be/en/detail/chalet/for-sale/6666/wibrin/vbe30928,vbe30928,chalet,for-sale,6666,wibrin
luxembourg,House,https://immovlan.be/en/detail/residence/for-sale/6850/paliseul/vbe30871,vbe30871,residence,for-sale,6850,paliseul
luxembourg,House,https://immovlan.be/en/detail/residence/for-sale/6760/virton/vbe30808,vbe30808,residence,for-sale,6760,virton
luxembourg,House,https://immovlan.be/en/detail/residence/for-sale/6950/harsin/vbe30802,vbe30802,residence,for-sale,6950,harsin
luxembourg,House,https://immovlan.be/en/detail/residence/for-sale/6767/torgny/vbe30755,vbe30755,residence,for-sale,6767,torgny
luxembourg,House,https://immovlan.be/en/detail/residence/for-sale/6760/virton/vbe30753,vbe30753,residence,for-sale,6760,virton
luxembourg,Apartment,https://immovlan.be/en/detail/apartment/for-sale/6750/musson/vbe30725,vbe30725,apartment,for-sale,6750,musson
luxembourg,House,https://immovlan.be/en/detail/residence/for-sale/6810/chiny/vbe30699,vbe30699,residence,for-sale,6810,chiny
luxembourg,Apartment,https://immovlan.be/en/detail/apartment/for-sale/6900/marche-en-famenne/vbe30492,vbe30492,apartment,for-sale,6900,marche-en-famenne
luxembourg,House,https://immovlan.be/en/detail/residence/for-sale/6687/bertogne/vbe30321,vbe30321,residence,for-sale,6687,bertogne
luxembourg,House,https://immovlan.be/en/detail/residence/for-sale/6830/les-hayons/vwd17687,vwd17687,residence,for-sale,6830,les-hayons
luxembourg,House,https://immovlan.be/en/detail/residence/for-sale/6660/houffalize/vbd89302,vbd89302,residence,for-sale,6660,houffalize
luxembourg,House,https://immovlan.be/en/detail/residence/for-sale/6690/vielsalm/vbe30157,vbe30157,residence,for-sale,6690,vielsalm
luxembourg,House,https://immovlan.be/en/detail/residence/for-sale/6900/marche-en-famenne/vbe30146,vbe30146,residence,for-sale,6900,marche-en-famenne
luxembourg,House,https://immovlan.be/en/detail/residence/for-sale/6800/libramont-chevigny/vbe30117,vbe30117,residence,for-sale,6800,libramont-chevigny
luxembourg,House,https://immovlan.be/en/detail/residence/for-sale/6800/libramont/vbe30116,vbe30116,residence,for-sale,6800,libramont
luxembourg,House,https://immovlan.be/en/detail/residence/for-sale/6640/vaux-sur-sure/vbe30105,vbe30105,residence,for-sale,6640,vaux-sur-sure
luxembourg,House,https://immovlan.be/en/detail/residence/for-sale/6820/florenville/vbe11630,vbe11630,residence,for-sale,6820,florenville
luxembourg,House,https://immovlan.be/en/detail/cottage/for-sale/6833/vivy/vwd17298,vwd17298,cottage,for-sale,6833,vivy
luxembourg,House,https://immovlan.be/en/detail/residence/for-sale/6890/libin/vbe29917,vbe29917,residence,for-sale,6890,libin
luxembourg,Apartment,https://immovlan.be/en/detail/apartment/for-sale/6900/marche-en-famenne/vbd88049,vbd88049,apartment,for-sale,6900,marche-en-famenne
luxembourg,House,https://immovlan.be/en/detail/residence/for-sale/6747/saint-leger/vbe29756,vbe29756,residence,for-sale,6747,saint-leger
luxembourg,House,https://immovlan.be/en/detail/residence/for-sale/6900/marche-en-famenne/vbe29745,vbe29745,residence,for-sale,6900,marche-en-famenne
luxembourg,Apartment,https://immovlan.be/en/detail/apartment/for-sale/6700/arlon/vbe29432,vbe29432,apartment,for-sale,6700,arlon
luxembourg,House,https://immovlan.be/en/detail/residence/for-sale/6900/marche-en-famenne/vbe29383,vbe29383,residence,for-sale,6900,marche-en-famenne
luxembourg,House,https://immovlan.be/en/detail/chalet/for-sale/6940/durbuy/vbe29348,vbe29348,chalet,for-sale,6940,durbuy
luxembourg,House,https://immovlan.be/en/detail/residence/for-sale/6997/amonines/vbe29346,vbe29346,residence,for-sale,6997,amonines
luxembourg,House,https://immovlan.be/en/detail/residence/for-sale/6670/gouvy/vbe29344,vbe29344,residence,for-sale,6670,gouvy
luxembourg,House,https://immovlan.be/en/detail/villa/for-sale/6950/nassogne/vbe19277,vbe19277,villa,for-sale,6950,nassogne
luxembourg,House,https://immovlan.be/en/detail/residence/for-sale/6769/villers-la-loue/vbe03723,vbe03723,residence,for-sale,6769,villers-la-loue
luxembourg,House,https://immovlan.be/en/detail/villa/for-sale/6663/mabompre/vbe26840,vbe26840,villa,for-sale,6663,mabompre
luxembourg,House,https://immovlan.be/en/detail/residence/for-sale/6940/durbuy/rbv95120,rbv95120,residence,for-sale,6940,durbuy
luxembourg,House,https://immovlan.be/en/detail/chalet/for-sale/6940/durbuy/vbc81774,vbc81774,chalet,for-sale,6940,durbuy
luxembourg,House,https://immovlan.be/en/detail/residence/for-sale/6980/la-roche-en-ardenne/vbe28979,vbe28979,residence,for-sale,6980,la-roche-en-ardenne
luxembourg,Apartment,https://immovlan.be/en/detail/apartment/for-sale/6600/bastogne/vbe28906,vbe28906,apartment,for-sale,6600,bastogne
luxembourg,Apartment,https://immovlan.be/en/detail/apartment/for-sale/6780/hondelange/vbe28942,vbe28942,apartment,for-sale,6780,hondelange
luxembourg,House,https://immovlan.be/en/detail/residence/for-sale/6880/auby-sur-semois/vbe27253,vbe27253,residence,for-sale,6880,auby-sur-semois
luxembourg,House,https://immovlan.be/en/detail/residence/for-sale/6950/nassogne/vbe27204,vbe27204,residence,for-sale,6950,nassogne
luxembourg,Apartment,https://immovlan.be/en/detail/apartment/for-sale/6880/bertrix/vbe26701,vbe26701,apartment,for-sale,6880,bertrix
luxembourg,House,https://immovlan.be/en/detail/cottage/for-sale/6970/tenneville/vbe26179,vbe26179,cottage,for-sale,6970,tenneville
luxembourg,House,https://immovlan.be/en/detail/residence/for-sale/6700/arlon/vbe25618,vbe25618,residence,for-sale,6700,arlon
luxembourg,House,https://immovlan.be/en/detail/residence/for-sale/6790/aubange/vbe25099,vbe25099,residence,for-sale,6790,aubange
luxembourg,House,https://immovlan.be/en/detail/residence/for-sale/6700/arlon/vbe24517,vbe24517,residence,for-sale,6700,arlon
luxembourg,House,https://immovlan.be/en/detail/residence/for-sale/6850/paliseul/vbe24306,vbe24306,residence,for-sale,6850,paliseul
luxembourg,House,https://immovlan.be/en/detail/residence/for-sale/6850/paliseul/vbe24305,vbe24305,residence,for-sale,6850,paliseul
luxembourg,House,https://immovlan.be/en/detail/mixed-building/for-sale/6830/bouillon/vbe23170,vbe23170,mixed-building,for-sale,6830,bouillon
luxembourg,Apartment,https://immovlan.be/en/detail/apartment/for-sale/6800/libramont-chevigny/vbe22094,vbe22094,apartment,for-sale,6800,libramont-chevigny
luxembourg,House,https://immovlan.be/en/detail/residence/for-sale/6790/aubange/vwd17500,vwd17500,residence,for-sale,6790,aubange
luxembourg,House,https://immovlan.be/en/detail/chalet/for-sale/6997/erezee/rbv86881,rbv86881,chalet,for-sale,6997,erezee
luxembourg,Apartment,https://immovlan.be/en/detail/apartment/for-sale/6700/arlon/vbe18890,vbe18890,apartment,for-sale,6700,arlon
luxembourg,Apartment,https://immovlan.be/en/detail/apartment/for-sale/6700/arlon/vbe18231,vbe18231,apartment,for-sale,6700,arlon
luxembourg,House,https://immovlan.be/en/detail/residence/for-sale/6880/auby-sur-semois/vbe17460,vbe17460,residence,for-sale,6880,auby-sur-semois
luxembourg,House,https://immovlan.be/en/detail/residence/for-sale/6830/bouillon/vbe17225,vbe17225,residence,for-sale,6830,bouillon
luxembourg,House,https://immovlan.be/en/detail/residence/for-sale/6880/bertrix/vbe17088,vbe17088,residence,for-sale,6880,bertrix
luxembourg,House,https://immovlan.be/en/detail/residence/for-sale/6690/vielsalm/vwd17043,vwd17043,residence,for-sale,6690,vielsalm
luxembourg,House,https://immovlan.be/en/detail/residence/for-sale/6951/bande/vbe15843,vbe15843,residence,for-sale,6951,bande
luxembourg,House,https://immovlan.be/en/detail/residence/for-sale/6700/arlon/vbe15112,vbe15112,residence,for-sale,6700,arlon
luxembourg,House,https://immovlan.be/en/detail/residence/for-sale/6840/grandvoir/vbe13152,vbe13152,residence,for-sale,6840,grandvoir
luxembourg,House,https://immovlan.be/en/detail/residence/for-sale/6838/corbion/vbe12045,vbe12045,residence,for-sale,6838,corbion
luxembourg,House,https://immovlan.be/en/detail/residence/for-sale/6950/nassogne/vbe11831,vbe11831,residence,for-sale,6950,nassogne
luxembourg,House,https://immovlan.be/en/detail/residence/for-sale/6860/leglise/vbe10436,vbe10436,residence,for-sale,6860,leglise
luxembourg,House,https://immovlan.be/en/detail/residence/for-sale/6880/bertrix/vbe07876,vbe07876,residence,for-sale,6880,bertrix
luxembourg,House,https://immovlan.be/en/detail/residence/for-sale/6850/paliseul/vbe03344,vbe03344,residence,for-sale,6850,paliseul
luxembourg,House,https://immovlan.be/en/detail/bungalow/for-sale/6940/durbuy/rbv49463,rbv49463,bungalow,for-sale,6940,durbuy
luxembourg,House,https://immovlan.be/en/detail/residence/for-sale/6747/chatillon/vwd16930,vwd16930,residence,for-sale,6747,chatillon
luxembourg,House,https://immovlan.be/en/detail/residence/for-sale/6987/rendeux/vbd96198,vbd96198,residence,for-sale,6987,rendeux
luxembourg,House,https://immovlan.be/en/detail/residence/for-sale/6800/libramont-chevigny/vbd95181,vbd95181,residence,for-sale,6800,libramont-chevigny
luxembourg,House,https://immovlan.be/en/detail/residence/for-sale/6730/tintigny/vbd93202,vbd93202,residence,for-sale,6730,tintigny
luxembourg,House,https://immovlan.be/en/detail/mixed-building/for-sale/6760/virton/vbd90175,vbd90175,mixed-building,for-sale,6760,virton
luxembourg,Apartment,https://immovlan.be/en/detail/apartment/for-sale/6700/arlon/vbd85539,vbd85539,apartment,for-sale,6700,arlon
luxembourg,House,https://immovlan.be/en/detail/residence/for-sale/6940/durbuy/rbv10393,rbv10393,residence,for-sale,6940,durbuy
luxembourg,Apartment,https://immovlan.be/en/detail/apartment/for-sale/6700/arlon/vbd67484,vbd67484,apartment,for-sale,6700,arlon
luxembourg,House,https://immovlan.be/en/detail/residence/for-sale/6700/arlon/vbd32756,vbd32756,residence,for-sale,6700,arlon
luxembourg,House,https://immovlan.be/en/detail/residence/for-sale/6941/bende/rbt86674,rbt86674,residence,for-sale,6941,bende
luxembourg,Apartment,https://immovlan.be/en/detail/ground-floor/for-sale/6927/bure/vbe28837,vbe28837,ground-floor,for-sale,6927,bure
luxembourg,House,https://immovlan.be/en/detail/residence/for-sale/6927/tellin/vbe28833,vbe28833,residence,for-sale,6927,tellin
luxembourg,House,https://immovlan.be/en/detail/residence/for-sale/6870/saint-hubert/vbe28830,vbe28830,residence,for-sale,6870,saint-hubert
luxembourg,Apartment,https://immovlan.be/en/detail/ground-floor/for-sale/6920/wellin/vbe28826,vbe28826,ground-floor,for-sale,6920,wellin
luxembourg,House,https://immovlan.be/en/detail/residence/for-sale/6987/hodister/vbe28812,vbe28812,residence,for-sale,6987,hodister
luxembourg,Apartment,https://immovlan.be/en/detail/apartment/for-sale/6900/marche-en-famenne/vbe28763,vbe28763,apartment,for-sale,6900,marche-en-famenne
luxembourg,House,https://immovlan.be/en/detail/residence/for-sale/6951/bande/vbd47356,vbd47356,residence,for-sale,6951,bande
luxembourg,House,https://immovlan.be/en/detail/residence/for-sale/6900/marche-en-famenne/vbe19019,vbe19019,residence,for-sale,6900,marche-en-famenne
luxembourg,House,https://immovlan.be/en/detail/residence/for-sale/6900/marche-en-famenne/vbe12719,vbe12719,residence,for-sale,6900,marche-en-famenne
luxembourg,House,https://immovlan.be/en/detail/residence/for-sale/6769/meix-devant-virton/vbd97950,vbd97950,residence,for-sale,6769,meix-devant-virton
luxembourg,House,https://immovlan.be/en/detail/residence/for-sale/6740/etalle/vbd92718,vbd92718,residence,for-sale,6740,etalle
luxembourg,House,https://immovlan.be/en/detail/residence/for-sale/6760/virton/vbe21265,vbe21265,residence,for-sale,6760,virton
luxembourg,House,https://immovlan.be/en/detail/residence/for-sale/6870/saint-hubert/vbe31261,vbe31261,residence,for-sale,6870,saint-hubert
luxembourg,House,https://immovlan.be/en/detail/residence/for-sale/6687/bertogne/vbe31245,vbe31245,residence,for-sale,6687,bertogne
luxembourg,House,https://immovlan.be/en/detail/residence/in-public-sale/6690/bihain/vbe28673,vbe28673,residence,in-public-sale,6690,bihain
luxembourg,Apartment,https://immovlan.be/en/detail/apartment/for-sale/6700/arlon/vbe28662,vbe28662,apartment,for-sale,6700,arlon
luxembourg,Apartment,https://immovlan.be/en/detail/apartment/for-sale/6900/marche-en-famenne/vbe28658,vbe28658,apartment,for-sale,6900,marche-en-famenne
luxembourg,House,https://immovlan.be/en/detail/residence/for-sale/6900/marche-en-famenne/vbe28657,vbe28657,residence,for-sale,6900,marche-en-famenne
luxembourg,House,https://immovlan.be/en/detail/residence/for-sale/6690/vielsalm/vbe28595,vbe28595,residence,for-sale,6690,vielsalm
luxembourg,House,https://immovlan.be/en/detail/villa/for-sale/6940/durbuy/rwc42679,rwc42679,villa,for-sale,6940,durbuy
luxembourg,House,https://immovlan.be/en/detail/residence/for-sale/6750/musson/vbe28583,vbe28583,residence,for-sale,6750,musson
luxembourg,House,https://immovlan.be/en/detail/residence/for-sale/6820/florenville/vbe28565,vbe28565,residence,for-sale,6820,florenville
luxembourg,House,https://immovlan.be/en/detail/residence/for-sale/6840/neufchateau/vbe28562,vbe28562,residence,for-sale,6840,neufchateau
luxembourg,House,https://immovlan.be/en/detail/residence/for-sale/6630/martelange/vbe28560,vbe28560,residence,for-sale,6630,martelange
luxembourg,House,https://immovlan.be/en/detail/residence/for-sale/6660/nadrin/vbe28557,vbe28557,residence,for-sale,6660,nadrin
luxembourg,House,https://immovlan.be/en/detail/residence/for-sale/6700/arlon/vbe28553,vbe28553,residence,for-sale,6700,arlon
luxembourg,House,https://immovlan.be/en/detail/residence/for-sale/6830/bouillon/vbe28481,vbe28481,residence,for-sale,6830,bouillon
luxembourg,House,https://immovlan.be/en/detail/residence/for-sale/6960/malempre/vbe28480,vbe28480,residence,for-sale,6960,malempre
luxembourg,Apartment,https://immovlan.be/en/detail/studio/for-sale/6953/ambly/vbe28478,vbe28478,studio,for-sale,6953,ambly
luxembourg,Apartment,https://immovlan.be/en/detail/apartment/for-sale/6700/arlon/vbe28476,vbe28476,apartment,for-sale,6700,arlon
luxembourg,House,https://immovlan.be/en/detail/residence/for-sale/6870/saint-hubert/vbe28344,vbe28344,residence,for-sale,6870,saint-hubert
luxembourg,House,https://immovlan.be/en/detail/residence/for-sale/6940/durbuy/vbe28219,vbe28219,residence,for-sale,6940,durbuy
luxembourg,House,https://immovlan.be/en/detail/residence/for-sale/6940/durbuy/vbe28218,vbe28218,residence,for-sale,6940,durbuy
luxembourg,House,https://immovlan.be/en/detail/residence/for-sale/6940/durbuy/vbe28217,vbe28217,residence,for-sale,6940,durbuy
luxembourg,House,https://immovlan.be/en/detail/residence/for-sale/6940/durbuy/vbe28216,vbe28216,residence,for-sale,6940,durbuy
luxembourg,House,https://immovlan.be/en/detail/residence/for-sale/6940/durbuy/vbe28215,vbe28215,residence,for-sale,6940,durbuy
luxembourg,House,https://immovlan.be/en/detail/residence/for-sale/6940/durbuy/vbe28214,vbe28214,residence,for-sale,6940,durbuy
luxembourg,House,https://immovlan.be/en/detail/residence/for-sale/6940/durbuy/vbe28213,vbe28213,residence,for-sale,6940,durbuy
luxembourg,House,https://immovlan.be/en/detail/residence/for-sale/6960/manhay/vbe28040,vbe28040,residence,for-sale,6960,manhay
luxembourg,Apartment,https://immovlan.be/en/detail/apartment/for-sale/6700/arlon/vbe27972,vbe27972,apartment,for-sale,6700,arlon
luxembourg,House,https://immovlan.be/en/detail/residence/for-sale/6760/virton/vbe27905,vbe27905,residence,for-sale,6760,virton
luxembourg,House,https://immovlan.be/en/detail/residence/for-sale/6927/tellin/vbe27822,vbe27822,residence,for-sale,6927,tellin
luxembourg,House,https://immovlan.be/en/detail/residence/for-sale/6700/arlon/vbe27731,vbe27731,residence,for-sale,6700,arlon
luxembourg,Apartment,https://immovlan.be/en/detail/apartment/for-sale/6790/aubange/vbe27727,vbe27727,apartment,for-sale,6790,aubange
luxembourg,House,https://immovlan.be/en/detail/residence/for-sale/6700/arlon/vbe27725,vbe27725,residence,for-sale,6700,arlon
luxembourg,House,https://immovlan.be/en/detail/residence/for-sale/6700/arlon/vbe27159,vbe27159,residence,for-sale,6700,arlon
luxembourg,House,https://immovlan.be/en/detail/residence/for-sale/6700/arlon/vbe27158,vbe27158,residence,for-sale,6700,arlon
luxembourg,House,https://immovlan.be/en/detail/residence/for-sale/6700/arlon/vbe27157,vbe27157,residence,for-sale,6700,arlon
luxembourg,House,https://immovlan.be/en/detail/residence/for-sale/6700/arlon/vbe27156,vbe27156,residence,for-sale,6700,arlon
luxembourg,House,https://immovlan.be/en/detail/residence/for-sale/6850/paliseul/vbe27387,vbe27387,residence,for-sale,6850,paliseul
luxembourg,House,https://immovlan.be/en/detail/residence/for-sale/6792/halanzy/vbe10748,vbe10748,residence,for-sale,6792,halanzy
luxembourg,House,https://immovlan.be/en/detail/residence/for-sale/6690/vielsalm/vbe27349,vbe27349,residence,for-sale,6690,vielsalm
luxembourg,House,https://immovlan.be/en/detail/residence/for-sale/6840/neufchateau/vbe27332,vbe27332,residence,for-sale,6840,neufchateau
luxembourg,House,https://immovlan.be/en/detail/residence/for-sale/6820/florenville/vwd15825,vwd15825,residence,for-sale,6820,florenville
luxembourg,House,https://immovlan.be/en/detail/residence/for-sale/6838/corbion/vbe27252,vbe27252,residence,for-sale,6838,corbion
luxembourg,House,https://immovlan.be/en/detail/residence/for-sale/6830/bouillon/vbe27243,vbe27243,residence,for-sale,6830,bouillon
luxembourg,House,https://immovlan.be/en/detail/residence/for-sale/6700/arlon/vbe27240,vbe27240,residence,for-sale,6700,arlon
luxembourg,House,https://immovlan.be/en/detail/residence/for-sale/6900/marche-en-famenne/vbe27183,vbe27183,residence,for-sale,6900,marche-en-famenne
luxembourg,House,https://immovlan.be/en/detail/residence/for-sale/6940/barvaux-sur-ourthe/vbe27139,vbe27139,residence,for-sale,6940,barvaux-sur-ourthe
luxembourg,Apartment,https://immovlan.be/en/detail/apartment/for-sale/6700/arlon/vbe27137,vbe27137,apartment,for-sale,6700,arlon
luxembourg,Apartment,https://immovlan.be/en/detail/apartment/for-sale/6706/autelbas/vbe27136,vbe27136,apartment,for-sale,6706,autelbas
luxembourg,House,https://immovlan.be/en/detail/residence/for-sale/6780/messancy/vbe27129,vbe27129,residence,for-sale,6780,messancy
luxembourg,House,https://immovlan.be/en/detail/residence/for-sale/6780/messancy/vbe27128,vbe27128,residence,for-sale,6780,messancy
luxembourg,House,https://immovlan.be/en/detail/residence/for-sale/6700/arlon/vbe27127,vbe27127,residence,for-sale,6700,arlon
luxembourg,Apartment,https://immovlan.be/en/detail/apartment/for-sale/6990/hotton/vbe27126,vbe27126,apartment,for-sale,6990,hotton
luxembourg,Apartment,https://immovlan.be/en/detail/apartment/for-sale/6700/arlon/vbe15599,vbe15599,apartment,for-sale,6700,arlon
luxembourg,House,https://immovlan.be/en/detail/residence/for-sale/6980/la-roche-en-ardenne/vbe27097,vbe27097,residence,for-sale,6980,la-roche-en-ardenne
luxembourg,House,https://immovlan.be/en/detail/residence/for-sale/6670/gouvy/vbe27096,vbe27096,residence,for-sale,6670,gouvy
luxembourg,House,https://immovlan.be/en/detail/residence/for-sale/6670/gouvy/vbe27084,vbe27084,residence,for-sale,6670,gouvy
luxembourg,Apartment,https://immovlan.be/en/detail/apartment/for-sale/6840/neufchateau/vbe27034,vbe27034,apartment,for-sale,6840,neufchateau
luxembourg,Apartment,https://immovlan.be/en/detail/apartment/for-sale/6840/neufchateau/vbe27033,vbe27033,apartment,for-sale,6840,neufchateau
luxembourg,Apartment,https://immovlan.be/en/detail/apartment/for-sale/6840/neufchateau/vbe27028,vbe27028,apartment,for-sale,6840,neufchateau
luxembourg,House,https://immovlan.be/en/detail/residence/for-sale/6940/barvaux-sur-ourthe/vbe26978,vbe26978,residence,for-sale,6940,barvaux-sur-ourthe
luxembourg,House,https://immovlan.be/en/detail/residence/for-sale/6927/bure/vbe26975,vbe26975,residence,for-sale,6927,bure
luxembourg,House,https://immovlan.be/en/detail/residence/for-sale/6850/paliseul/vbe26974,vbe26974,residence,for-sale,6850,paliseul
luxembourg,House,https://immovlan.be/en/detail/residence/for-sale/6747/saint-leger/vbe26926,vbe26926,residence,for-sale,6747,saint-leger
luxembourg,House,https://immovlan.be/en/detail/residence/for-sale/6747/saint-leger/vbe26925,vbe26925,residence,for-sale,6747,saint-leger
luxembourg,House,https://immovlan.be/en/detail/residence/for-sale/6940/durbuy/vbe26922,vbe26922,residence,for-sale,6940,durbuy
luxembourg,House,https://immovlan.be/en/detail/residence/for-sale/6761/latour/vbe26913,vbe26913,residence,for-sale,6761,latour
luxembourg,House,https://immovlan.be/en/detail/bungalow/for-sale/6940/durbuy/vbd83323,vbd83323,bungalow,for-sale,6940,durbuy
luxembourg,House,https://immovlan.be/en/detail/chalet/for-sale/6997/amonines/vba90125,vba90125,chalet,for-sale,6997,amonines
luxembourg,House,https://immovlan.be/en/detail/bungalow/for-sale/6940/durbuy/vbe26774,vbe26774,bungalow,for-sale,6940,durbuy
luxembourg,House,https://immovlan.be/en/detail/bungalow/for-sale/6940/durbuy/vbe26772,vbe26772,bungalow,for-sale,6940,durbuy
luxembourg,House,https://immovlan.be/en/detail/bungalow/for-sale/6940/durbuy/vbe26770,vbe26770,bungalow,for-sale,6940,durbuy
luxembourg,Apartment,https://immovlan.be/en/detail/duplex/for-sale/6990/hotton/vbe26766,vbe26766,duplex,for-sale,6990,hotton
luxembourg,House,https://immovlan.be/en/detail/residence/for-sale/6660/houffalize/vbe26700,vbe26700,residence,for-sale,6660,houffalize
luxembourg,House,https://immovlan.be/en/detail/residence/for-sale/6791/athus/vbe26690,vbe26690,residence,for-sale,6791,athus
luxembourg,House,https://immovlan.be/en/detail/residence/for-sale/6941/bende/vbe26663,vbe26663,residence,for-sale,6941,bende
luxembourg,House,https://immovlan.be/en/detail/residence/for-sale/6941/borlon/vbe26662,vbe26662,residence,for-sale,6941,borlon
luxembourg,House,https://immovlan.be/en/detail/residence/for-sale/6663/mabompre/vbe26564,vbe26564,residence,for-sale,6663,mabompre
luxembourg,House,https://immovlan.be/en/detail/residence/for-sale/6940/durbuy/vbe26558,vbe26558,residence,for-sale,6940,durbuy
luxembourg,Apartment,https://immovlan.be/en/detail/apartment/for-sale/6800/libramont-chevigny/vbe26503,vbe26503,apartment,for-sale,6800,libramont-chevigny
luxembourg,House,https://immovlan.be/en/detail/bungalow/for-sale/6927/resteigne/vbe26431,vbe26431,bungalow,for-sale,6927,resteigne
luxembourg,House,https://immovlan.be/en/detail/villa/for-sale/6820/florenville/vbe15792,vbe15792,villa,for-sale,6820,florenville
luxembourg,House,https://immovlan.be/en/detail/residence/for-sale/6760/ruette/vbe26391,vbe26391,residence,for-sale,6760,ruette
luxembourg,House,https://immovlan.be/en/detail/residence/for-sale/6700/arlon/vbe26390,vbe26390,residence,for-sale,6700,arlon
luxembourg,Apartment,https://immovlan.be/en/detail/duplex/for-sale/6840/neufchateau/vbd70377,vbd70377,duplex,for-sale,6840,neufchateau
luxembourg,House,https://immovlan.be/en/detail/residence/for-sale/6600/bastogne/vbe12930,vbe12930,residence,for-sale,6600,bastogne
luxembourg,House,https://immovlan.be/en/detail/residence/for-sale/6791/athus/vbe26252,vbe26252,residence,for-sale,6791,athus
luxembourg,House,https://immovlan.be/en/detail/residence/for-sale/6717/attert/vbe26251,vbe26251,residence,for-sale,6717,attert
luxembourg,House,https://immovlan.be/en/detail/residence/for-sale/6800/libramont-chevigny/rwc42614,rwc42614,residence,for-sale,6800,libramont-chevigny
luxembourg,House,https://immovlan.be/en/detail/residence/for-sale/6769/meix-devant-virton/vbe26004,vbe26004,residence,for-sale,6769,meix-devant-virton
luxembourg,House,https://immovlan.be/en/detail/residence/for-sale/6760/virton/vbe26003,vbe26003,residence,for-sale,6760,virton
luxembourg,Apartment,https://immovlan.be/en/detail/apartment/for-sale/6700/arlon/vbe25999,vbe25999,apartment,for-sale,6700,arlon
luxembourg,Apartment,https://immovlan.be/en/detail/apartment/for-sale/6887/herbeumont/vbe25984,vbe25984,apartment,for-sale,6887,herbeumont
luxembourg,House,https://immovlan.be/en/detail/residence/for-sale/6600/bastogne/vbe25982,vbe25982,residence,for-sale,6600,bastogne
luxembourg,House,https://immovlan.be/en/detail/residence/for-sale/6900/marche-en-famenne/vbe25964,vbe25964,residence,for-sale,6900,marche-en-famenne
luxembourg,Apartment,https://immovlan.be/en/detail/apartment/for-sale/6700/arlon/vbe25766,vbe25766,apartment,for-sale,6700,arlon
luxembourg,House,https://immovlan.be/en/detail/residence/for-sale/6940/septon/vbe25699,vbe25699,residence,for-sale,6940,septon
luxembourg,House,https://immovlan.be/en/detail/residence/for-sale/6830/bouillon/vbe25685,vbe25685,residence,for-sale,6830,bouillon
luxembourg,House,https://immovlan.be/en/detail/mixed-building/for-sale/6852/maissin/vwd15736,vwd15736,mixed-building,for-sale,6852,maissin
luxembourg,House,https://immovlan.be/en/detail/chalet/for-sale/6987/beffe/vbe25486,vbe25486,chalet,for-sale,6987,beffe
luxembourg,House,https://immovlan.be/en/detail/chalet/for-sale/6997/erezee/vbe25452,vbe25452,chalet,for-sale,6997,erezee
luxembourg,House,https://immovlan.be/en/detail/chalet/for-sale/6940/barvaux-sur-ourthe/vbe25419,vbe25419,chalet,for-sale,6940,barvaux-sur-ourthe
luxembourg,House,https://immovlan.be/en/detail/residence/for-sale/6640/vaux-sur-sure/vbe25414,vbe25414,residence,for-sale,6640,vaux-sur-sure
luxembourg,House,https://immovlan.be/en/detail/residence/for-sale/6640/vaux-sur-sure/vbe25413,vbe25413,residence,for-sale,6640,vaux-sur-sure
luxembourg,House,https://immovlan.be/en/detail/residence/for-sale/6640/vaux-sur-sure/vbe25412,vbe25412,residence,for-sale,6640,vaux-sur-sure
luxembourg,House,https://immovlan.be/en/detail/residence/for-sale/6640/vaux-sur-sure/vbe25410,vbe25410,residence,for-sale,6640,vaux-sur-sure
luxembourg,House,https://immovlan.be/en/detail/residence/for-sale/6600/bastogne/vbe25408,vbe25408,residence,for-sale,6600,bastogne
luxembourg,House,https://immovlan.be/en/detail/villa/for-sale/6690/vielsalm/vbe25394,vbe25394,villa,for-sale,6690,vielsalm
luxembourg,House,https://immovlan.be/en/detail/residence/for-sale/6900/marche-en-famenne/vbe25389,vbe25389,residence,for-sale,6900,marche-en-famenne
luxembourg,House,https://immovlan.be/en/detail/chalet/for-sale/6830/rochehaut/rbv96466,rbv96466,chalet,for-sale,6830,rochehaut
luxembourg,House,https://immovlan.be/en/detail/residence/for-sale/6950/nassogne/vbe25349,vbe25349,residence,for-sale,6950,nassogne
luxembourg,House,https://immovlan.be/en/detail/residence/for-sale/6760/virton/vbe25283,vbe25283,residence,for-sale,6760,virton
luxembourg,House,https://immovlan.be/en/detail/residence/for-sale/6840/hamipre/vbe25259,vbe25259,residence,for-sale,6840,hamipre
luxembourg,Apartment,https://immovlan.be/en/detail/apartment/for-sale/6800/libramont/vbe25258,vbe25258,apartment,for-sale,6800,libramont
luxembourg,House,https://immovlan.be/en/detail/residence/for-sale/6927/bure/vbe25257,vbe25257,residence,for-sale,6927,bure
luxembourg,Apartment,https://immovlan.be/en/detail/apartment/for-sale/6900/marche-en-famenne/vbe25040,vbe25040,apartment,for-sale,6900,marche-en-famenne
luxembourg,House,https://immovlan.be/en/detail/residence/for-sale/6927/tellin/vbe25022,vbe25022,residence,for-sale,6927,tellin
luxembourg,House,https://immovlan.be/en/detail/residence/for-sale/6769/sommethonne/vbe24906,vbe24906,residence,for-sale,6769,sommethonne
luxembourg,House,https://immovlan.be/en/detail/residence/for-sale/6940/durbuy/vbe24846,vbe24846,residence,for-sale,6940,durbuy
luxembourg,Apartment,https://immovlan.be/en/detail/apartment/for-sale/6700/arlon/vbe24806,vbe24806,apartment,for-sale,6700,arlon
luxembourg,House,https://immovlan.be/en/detail/villa/for-sale/6887/herbeumont/vbe24800,vbe24800,villa,for-sale,6887,herbeumont
luxembourg,House,https://immovlan.be/en/detail/residence/for-sale/6747/saint-leger/vbe24775,vbe24775,residence,for-sale,6747,saint-leger
luxembourg,Apartment,https://immovlan.be/en/detail/apartment/for-sale/6791/athus/vbe24574,vbe24574,apartment,for-sale,6791,athus
luxembourg,House,https://immovlan.be/en/detail/residence/for-sale/6791/athus/vbe24453,vbe24453,residence,for-sale,6791,athus
luxembourg,House,https://immovlan.be/en/detail/residence/for-sale/6681/lavacherie/vbe24437,vbe24437,residence,for-sale,6681,lavacherie
luxembourg,House,https://immovlan.be/en/detail/residence/for-sale/6838/corbion/vwd17571,vwd17571,residence,for-sale,6838,corbion
luxembourg,Apartment,https://immovlan.be/en/detail/apartment/for-sale/6850/paliseul/vbe24304,vbe24304,apartment,for-sale,6850,paliseul
luxembourg,Apartment,https://immovlan.be/en/detail/apartment/for-sale/6700/arlon/vbe24190,vbe24190,apartment,for-sale,6700,arlon
luxembourg,House,https://immovlan.be/en/detail/residence/for-sale/6600/bastogne/vbe24175,vbe24175,residence,for-sale,6600,bastogne
luxembourg,House,https://immovlan.be/en/detail/residence/for-sale/6940/septon/vbe24159,vbe24159,residence,for-sale,6940,septon
luxembourg,House,https://immovlan.be/en/detail/bungalow/for-sale/6940/durbuy/vbe24029,vbe24029,bungalow,for-sale,6940,durbuy
luxembourg,Apartment,https://immovlan.be/en/detail/apartment/in-public-sale/6900/marche-en-famenne/vbe23850,vbe23850,apartment,in-public-sale,6900,marche-en-famenne
luxembourg,House,https://immovlan.be/en/detail/residence/for-sale/6747/saint-leger/vbe23843,vbe23843,residence,for-sale,6747,saint-leger
luxembourg,House,https://immovlan.be/en/detail/residence/for-sale/6890/libin/vbe23718,vbe23718,residence,for-sale,6890,libin
luxembourg,Apartment,https://immovlan.be/en/detail/studio/for-sale/6600/bastogne/vbe23708,vbe23708,studio,for-sale,6600,bastogne
luxembourg,House,https://immovlan.be/en/detail/residence/for-sale/6700/arlon/vbe23706,vbe23706,residence,for-sale,6700,arlon
luxembourg,House,https://immovlan.be/en/detail/residence/for-sale/6700/arlon/vbe23705,vbe23705,residence,for-sale,6700,arlon
luxembourg,House,https://immovlan.be/en/detail/residence/for-sale/6640/vaux-sur-sure/vbe23701,vbe23701,residence,for-sale,6640,vaux-sur-sure
luxembourg,House,https://immovlan.be/en/detail/residence/for-sale/6700/arlon/vbe23700,vbe23700,residence,for-sale,6700,arlon
luxembourg,House,https://immovlan.be/en/detail/residence/for-sale/6700/arlon/vbe23597,vbe23597,residence,for-sale,6700,arlon
luxembourg,House,https://immovlan.be/en/detail/residence/for-sale/6720/habay-la-neuve/vbe14834,vbe14834,residence,for-sale,6720,habay-la-neuve
luxembourg,House,https://immovlan.be/en/detail/residence/for-sale/6840/neufchateau/vbe23361,vbe23361,residence,for-sale,6840,neufchateau
luxembourg,House,https://immovlan.be/en/detail/residence/for-sale/6900/marche-en-famenne/vbe23274,vbe23274,residence,for-sale,6900,marche-en-famenne
luxembourg,House,https://immovlan.be/en/detail/residence/for-sale/6700/arlon/vbe23159,vbe23159,residence,for-sale,6700,arlon
luxembourg,House,https://immovlan.be/en/detail/bungalow/for-sale/6940/durbuy/vbc20315,vbc20315,bungalow,for-sale,6940,durbuy
luxembourg,House,https://immovlan.be/en/detail/residence/for-sale/6900/marche-en-famenne/vbe23057,vbe23057,residence,for-sale,6900,marche-en-famenne
luxembourg,House,https://immovlan.be/en/detail/residence/for-sale/6900/on/vbe23056,vbe23056,residence,for-sale,6900,on
luxembourg,House,https://immovlan.be/en/detail/villa/for-sale/6600/bastogne/vbe22994,vbe22994,villa,for-sale,6600,bastogne
luxembourg,House,https://immovlan.be/en/detail/residence/for-sale/6830/bouillon/vbe22987,vbe22987,residence,for-sale,6830,bouillon
luxembourg,House,https://immovlan.be/en/detail/residence/for-sale/6900/on/vbe22986,vbe22986,residence,for-sale,6900,on
luxembourg,House,https://immovlan.be/en/detail/residence/for-sale/6870/saint-hubert/vbe22641,vbe22641,residence,for-sale,6870,saint-hubert
luxembourg,Apartment,https://immovlan.be/en/detail/apartment/for-sale/6860/leglise/vwd17539,vwd17539,apartment,for-sale,6860,leglise
luxembourg,House,https://immovlan.be/en/detail/residence/for-sale/6900/marche-en-famenne/vbe22508,vbe22508,residence,for-sale,6900,marche-en-famenne
luxembourg,House,https://immovlan.be/en/detail/residence/for-sale/6680/sainte-ode/vbe22423,vbe22423,residence,for-sale,6680,sainte-ode
luxembourg,House,https://immovlan.be/en/detail/residence/in-public-sale/6690/vielsalm/vbe22415,vbe22415,residence,in-public-sale,6690,vielsalm
luxembourg,House,https://immovlan.be/en/detail/residence/for-sale/6950/nassogne/vbe22321,vbe22321,residence,for-sale,6950,nassogne
luxembourg,Apartment,https://immovlan.be/en/detail/apartment/for-sale/6970/tenneville/vbe22320,vbe22320,apartment,for-sale,6970,tenneville
luxembourg,House,https://immovlan.be/en/detail/residence/for-sale/6800/libramont-chevigny/vbe22093,vbe22093,residence,for-sale,6800,libramont-chevigny
luxembourg,Apartment,https://immovlan.be/en/detail/apartment/for-sale/6600/bastogne/vbe21788,vbe21788,apartment,for-sale,6600,bastogne
luxembourg,House,https://immovlan.be/en/detail/residence/in-public-sale/6840/neufchateau/vbe21756,vbe21756,residence,in-public-sale,6840,neufchateau
luxembourg,Apartment,https://immovlan.be/en/detail/apartment/for-sale/6800/libramont/vbe21725,vbe21725,apartment,for-sale,6800,libramont
luxembourg,House,https://immovlan.be/en/detail/residence/for-sale/6717/nothomb/vbe21612,vbe21612,residence,for-sale,6717,nothomb
luxembourg,House,https://immovlan.be/en/detail/residence/for-sale/6940/durbuy/vbe21591,vbe21591,residence,for-sale,6940,durbuy
luxembourg,House,https://immovlan.be/en/detail/residence/for-sale/6700/arlon/vbe21572,vbe21572,residence,for-sale,6700,arlon
luxembourg,House,https://immovlan.be/en/detail/residence/for-sale/6960/manhay/vbe21480,vbe21480,residence,for-sale,6960,manhay
luxembourg,Apartment,https://immovlan.be/en/detail/apartment/for-sale/6790/aubange/vbe21345,vbe21345,apartment,for-sale,6790,aubange
luxembourg,House,https://immovlan.be/en/detail/residence/for-sale/6762/saint-mard/vbe21179,vbe21179,residence,for-sale,6762,saint-mard
luxembourg,Apartment,https://immovlan.be/en/detail/apartment/for-sale/6800/libramont-chevigny/vbe21178,vbe21178,apartment,for-sale,6800,libramont-chevigny
luxembourg,House,https://immovlan.be/en/detail/residence/for-sale/6720/habay/vbe21166,vbe21166,residence,for-sale,6720,habay
luxembourg,House,https://immovlan.be/en/detail/chalet/for-sale/6987/beffe/vbe21023,vbe21023,chalet,for-sale,6987,beffe
luxembourg,House,https://immovlan.be/en/detail/residence/for-sale/6980/la-roche-en-ardenne/vbd42223,vbd42223,residence,for-sale,6980,la-roche-en-ardenne
luxembourg,House,https://immovlan.be/en/detail/residence/for-sale/6700/arlon/vbe20975,vbe20975,residence,for-sale,6700,arlon
luxembourg,House,https://immovlan.be/en/detail/residence/for-sale/6820/muno/vbe20874,vbe20874,residence,for-sale,6820,muno
luxembourg,House,https://immovlan.be/en/detail/mixed-building/for-sale/6791/athus/vbe20788,vbe20788,mixed-building,for-sale,6791,athus
luxembourg,Apartment,https://immovlan.be/en/detail/apartment/for-sale/6791/athus/vbe20787,vbe20787,apartment,for-sale,6791,athus
luxembourg,House,https://immovlan.be/en/detail/residence/for-sale/6940/durbuy/vbe20647,vbe20647,residence,for-sale,6940,durbuy
luxembourg,House,https://immovlan.be/en/detail/residence/for-sale/6717/attert/vbe20578,vbe20578,residence,for-sale,6717,attert
luxembourg,House,https://immovlan.be/en/detail/residence/for-sale/6700/arlon/vbe20563,vbe20563,residence,for-sale,6700,arlon
luxembourg,House,https://immovlan.be/en/detail/villa/for-sale/6700/arlon/vbe20562,vbe20562,villa,for-sale,6700,arlon
luxembourg,House,https://immovlan.be/en/detail/residence/for-sale/6640/vaux-sur-sure/vbe20501,vbe20501,residence,for-sale,6640,vaux-sur-sure
luxembourg,House,https://immovlan.be/en/detail/residence/for-sale/6769/meix-devant-virton/vbe20499,vbe20499,residence,for-sale,6769,meix-devant-virton
luxembourg,House,https://immovlan.be/en/detail/residence/for-sale/6720/habay/vbe20497,vbe20497,residence,for-sale,6720,habay
luxembourg,House,https://immovlan.be/en/detail/residence/for-sale/6887/herbeumont/vbe20493,vbe20493,residence,for-sale,6887,herbeumont
luxembourg,House,https://immovlan.be/en/detail/residence/for-sale/6840/neufchateau/vbe20489,vbe20489,residence,for-sale,6840,neufchateau
luxembourg,Apartment,https://immovlan.be/en/detail/apartment/for-sale/6780/hondelange/vbe20487,vbe20487,apartment,for-sale,6780,hondelange
luxembourg,Apartment,https://immovlan.be/en/detail/apartment/for-sale/6780/hondelange/vbe20486,vbe20486,apartment,for-sale,6780,hondelange
luxembourg,House,https://immovlan.be/en/detail/residence/for-sale/6953/forrieres/vbe20413,vbe20413,residence,for-sale,6953,forrieres
luxembourg,House,https://immovlan.be/en/detail/residence/for-sale/6762/saint-mard/vbe20412,vbe20412,residence,for-sale,6762,saint-mard
luxembourg,Apartment,https://immovlan.be/en/detail/apartment/for-sale/6700/arlon/vbe20410,vbe20410,apartment,for-sale,6700,arlon
luxembourg,House,https://immovlan.be/en/detail/residence/for-sale/6940/barvaux-sur-ourthe/vbe20263,vbe20263,residence,for-sale,6940,barvaux-sur-ourthe
luxembourg,House,https://immovlan.be/en/detail/residence/for-sale/6780/wolkrange/vbe20190,vbe20190,residence,for-sale,6780,wolkrange
luxembourg,Apartment,https://immovlan.be/en/detail/apartment/for-sale/6700/arlon/vbe12474,vbe12474,apartment,for-sale,6700,arlon
luxembourg,House,https://immovlan.be/en/detail/residence/for-sale/6700/arlon/vbd88749,vbd88749,residence,for-sale,6700,arlon
luxembourg,House,https://immovlan.be/en/detail/residence/for-sale/6791/athus/vbe19875,vbe19875,residence,for-sale,6791,athus
luxembourg,House,https://immovlan.be/en/detail/residence/for-sale/6860/mellier/vbd75660,vbd75660,residence,for-sale,6860,mellier
luxembourg,House,https://immovlan.be/en/detail/residence/for-sale/6810/chiny/vbe19809,vbe19809,residence,for-sale,6810,chiny
luxembourg,Apartment,https://immovlan.be/en/detail/apartment/for-sale/6810/chiny/vbe19802,vbe19802,apartment,for-sale,6810,chiny
luxembourg,House,https://immovlan.be/en/detail/residence/for-sale/6997/erezee/vbe05609,vbe05609,residence,for-sale,6997,erezee
luxembourg,House,https://immovlan.be/en/detail/residence/for-sale/6760/ruette/vbe19646,vbe19646,residence,for-sale,6760,ruette
luxembourg,House,https://immovlan.be/en/detail/residence/for-sale/6960/manhay/vbe19604,vbe19604,residence,for-sale,6960,manhay
luxembourg,House,https://immovlan.be/en/detail/residence/for-sale/6941/izier/vbe19560,vbe19560,residence,for-sale,6941,izier
luxembourg,Apartment,https://immovlan.be/en/detail/apartment/for-sale/6700/arlon/vbe19461,vbe19461,apartment,for-sale,6700,arlon
luxembourg,House,https://immovlan.be/en/detail/residence/for-sale/6980/la-roche-en-ardenne/vbe19442,vbe19442,residence,for-sale,6980,la-roche-en-ardenne
luxembourg,House,https://immovlan.be/en/detail/residence/for-sale/6880/bertrix/vbe19408,vbe19408,residence,for-sale,6880,bertrix
luxembourg,House,https://immovlan.be/en/detail/residence/for-sale/6940/durbuy/vbe19351,vbe19351,residence,for-sale,6940,durbuy
luxembourg,House,https://immovlan.be/en/detail/mansion/for-sale/6750/musson/vbd80718,vbd80718,mansion,for-sale,6750,musson
luxembourg,House,https://immovlan.be/en/detail/residence/for-sale/6940/durbuy/vbc85519,vbc85519,residence,for-sale,6940,durbuy
luxembourg,Apartment,https://immovlan.be/en/detail/apartment/for-sale/6769/meix-devant-virton/vbe19120,vbe19120,apartment,for-sale,6769,meix-devant-virton
luxembourg,House,https://immovlan.be/en/detail/residence/for-sale/6663/mabompre/vbe19075,vbe19075,residence,for-sale,6663,mabompre
luxembourg,House,https://immovlan.be/en/detail/residence/for-sale/6980/la-roche-en-ardenne/vbe19074,vbe19074,residence,for-sale,6980,la-roche-en-ardenne
luxembourg,House,https://immovlan.be/en/detail/residence/for-sale/6920/wellin/vbe19035,vbe19035,residence,for-sale,6920,wellin
luxembourg,House,https://immovlan.be/en/detail/residence/for-sale/6927/tellin/vbe18814,vbe18814,residence,for-sale,6927,tellin
luxembourg,House,https://immovlan.be/en/detail/residence/for-sale/6840/neufchateau/vbe18813,vbe18813,residence,for-sale,6840,neufchateau
luxembourg,House,https://immovlan.be/en/detail/residence/for-sale/6840/longlier/vbe18812,vbe18812,residence,for-sale,6840,longlier
luxembourg,House,https://immovlan.be/en/detail/residence/for-sale/6700/arlon/vbd73679,vbd73679,residence,for-sale,6700,arlon
luxembourg,House,https://immovlan.be/en/detail/residence/for-sale/6670/gouvy/vbe18544,vbe18544,residence,for-sale,6670,gouvy
luxembourg,Apartment,https://immovlan.be/en/detail/apartment/for-sale/6700/arlon/vbe18373,vbe18373,apartment,for-sale,6700,arlon
luxembourg,House,https://immovlan.be/en/detail/residence/for-sale/6747/chatillon/vbe18310,vbe18310,residence,for-sale,6747,chatillon
luxembourg,House,https://immovlan.be/en/detail/residence/for-sale/6747/chatillon/vbe18309,vbe18309,residence,for-sale,6747,chatillon
luxembourg,Apartment,https://immovlan.be/en/detail/ground-floor/for-sale/6747/chatillon/vbe18308,vbe18308,ground-floor,for-sale,6747,chatillon
luxembourg,House,https://immovlan.be/en/detail/residence/for-sale/6820/florenville/vwd17421,vwd17421,residence,for-sale,6820,florenville
luxembourg,Apartment,https://immovlan.be/en/detail/apartment/for-sale/6880/bertrix/vbe18159,vbe18159,apartment,for-sale,6880,bertrix
luxembourg,House,https://immovlan.be/en/detail/residence/for-sale/6690/vielsalm/vbd92193,vbd92193,residence,for-sale,6690,vielsalm
luxembourg,House,https://immovlan.be/en/detail/residence/for-sale/6780/messancy/vbe01696,vbe01696,residence,for-sale,6780,messancy
luxembourg,House,https://immovlan.be/en/detail/residence/for-sale/6997/erezee/vbe17895,vbe17895,residence,for-sale,6997,erezee
luxembourg,House,https://immovlan.be/en/detail/residence/for-sale/6941/durbuy/vbe17866,vbe17866,residence,for-sale,6941,durbuy
luxembourg,House,https://immovlan.be/en/detail/residence/in-public-sale/6940/grandhan/vbe17838,vbe17838,residence,in-public-sale,6940,grandhan
luxembourg,Apartment,https://immovlan.be/en/detail/apartment/for-sale/6730/tintigny/vbe17811,vbe17811,apartment,for-sale,6730,tintigny
luxembourg,Apartment,https://immovlan.be/en/detail/apartment/for-sale/6941/durbuy/vbe17674,vbe17674,apartment,for-sale,6941,durbuy
luxembourg,House,https://immovlan.be/en/detail/residence/for-sale/6830/rochehaut/rbv81579,rbv81579,residence,for-sale,6830,rochehaut
luxembourg,House,https://immovlan.be/en/detail/residence/for-sale/6840/neufchateau/vbe17462,vbe17462,residence,for-sale,6840,neufchateau
luxembourg,House,https://immovlan.be/en/detail/residence/for-sale/6800/libramont-chevigny/vbe17461,vbe17461,residence,for-sale,6800,libramont-chevigny
luxembourg,House,https://immovlan.be/en/detail/residence/for-sale/6900/marche-en-famenne/rbv81531,rbv81531,residence,for-sale,6900,marche-en-famenne
luxembourg,House,https://immovlan.be/en/detail/residence/for-sale/6681/lavacherie/vbe17194,vbe17194,residence,for-sale,6681,lavacherie
luxembourg,House,https://immovlan.be/en/detail/residence/for-sale/6700/arlon/vbe17136,vbe17136,residence,for-sale,6700,arlon
luxembourg,House,https://immovlan.be/en/detail/residence/for-sale/6637/fauvillers/vbe17129,vbe17129,residence,for-sale,6637,fauvillers
luxembourg,House,https://immovlan.be/en/detail/residence/for-sale/6780/hondelange/vbe17085,vbe17085,residence,for-sale,6780,hondelange
luxembourg,Apartment,https://immovlan.be/en/detail/studio/for-sale/6800/libramont-chevigny/vbe17083,vbe17083,studio,for-sale,6800,libramont-chevigny
luxembourg,House,https://immovlan.be/en/detail/residence/for-sale/6840/neufchateau/vbe17081,vbe17081,residence,for-sale,6840,neufchateau
luxembourg,House,https://immovlan.be/en/detail/residence/for-sale/6840/neufchateau/vbe17080,vbe17080,residence,for-sale,6840,neufchateau
luxembourg,House,https://immovlan.be/en/detail/residence/for-sale/6850/paliseul/vbe16596,vbe16596,residence,for-sale,6850,paliseul
luxembourg,House,https://immovlan.be/en/detail/mixed-building/for-sale/6760/virton/vbe16250,vbe16250,mixed-building,for-sale,6760,virton
luxembourg,House,https://immovlan.be/en/detail/villa/for-sale/6900/humain/vbe16141,vbe16141,villa,for-sale,6900,humain
luxembourg,House,https://immovlan.be/en/detail/residence/for-sale/6940/durbuy/vbe16127,vbe16127,residence,for-sale,6940,durbuy
luxembourg,Apartment,https://immovlan.be/en/detail/apartment/for-sale/6900/marche-en-famenne/vbe16031,vbe16031,apartment,for-sale,6900,marche-en-famenne
luxembourg,House,https://immovlan.be/en/detail/cottage/for-sale/6660/nadrin/vbe16019,vbe16019,cottage,for-sale,6660,nadrin
luxembourg,Apartment,https://immovlan.be/en/detail/ground-floor/for-sale/6717/attert/vbe15979,vbe15979,ground-floor,for-sale,6717,attert
luxembourg,House,https://immovlan.be/en/detail/residence/for-sale/6880/bertrix/vbe15842,vbe15842,residence,for-sale,6880,bertrix
luxembourg,House,https://immovlan.be/en/detail/chalet/for-sale/6951/bande/vbe15837,vbe15837,chalet,for-sale,6951,bande
luxembourg,Apartment,https://immovlan.be/en/detail/apartment/for-sale/6791/athus/vbe15834,vbe15834,apartment,for-sale,6791,athus
luxembourg,Apartment,https://immovlan.be/en/detail/apartment/for-sale/6990/hotton/vbe00317,vbe00317,apartment,for-sale,6990,hotton
luxembourg,House,https://immovlan.be/en/detail/residence/for-sale/6698/grand-halleux/vbe15541,vbe15541,residence,for-sale,6698,grand-halleux
luxembourg,House,https://immovlan.be/en/detail/mixed-building/for-sale/6700/arlon/vbe15539,vbe15539,mixed-building,for-sale,6700,arlon
luxembourg,Apartment,https://immovlan.be/en/detail/duplex/for-sale/6700/arlon/vbe15518,vbe15518,duplex,for-sale,6700,arlon
luxembourg,House,https://immovlan.be/en/detail/residence/for-sale/6791/athus/vbe15459,vbe15459,residence,for-sale,6791,athus
luxembourg,House,https://immovlan.be/en/detail/residence/for-sale/6940/durbuy/vbe15438,vbe15438,residence,for-sale,6940,durbuy
luxembourg,House,https://immovlan.be/en/detail/residence/for-sale/6791/athus/vbe15418,vbe15418,residence,for-sale,6791,athus
luxembourg,House,https://immovlan.be/en/detail/residence/for-sale/6698/grand-halleux/rbv78121,rbv78121,residence,for-sale,6698,grand-halleux
luxembourg,House,https://immovlan.be/en/detail/residence/for-sale/6747/saint-leger/vbe15262,vbe15262,residence,for-sale,6747,saint-leger
luxembourg,House,https://immovlan.be/en/detail/residence/for-sale/6820/fontenoille/vbe15056,vbe15056,residence,for-sale,6820,fontenoille
luxembourg,House,https://immovlan.be/en/detail/mixed-building/for-sale/6800/libramont-chevigny/vbe15048,vbe15048,mixed-building,for-sale,6800,libramont-chevigny
luxembourg,House,https://immovlan.be/en/detail/residence/for-sale/6640/vaux-sur-sure/vbe14845,vbe14845,residence,for-sale,6640,vaux-sur-sure
luxembourg,House,https://immovlan.be/en/detail/residence/for-sale/6830/les-hayons/vbe14838,vbe14838,residence,for-sale,6830,les-hayons
luxembourg,House,https://immovlan.be/en/detail/residence/for-sale/6637/fauvillers/vbe14833,vbe14833,residence,for-sale,6637,fauvillers
luxembourg,House,https://immovlan.be/en/detail/residence/for-sale/6997/erezee/vbe14634,vbe14634,residence,for-sale,6997,erezee
luxembourg,House,https://immovlan.be/en/detail/residence/for-sale/6850/paliseul/vbe14622,vbe14622,residence,for-sale,6850,paliseul
luxembourg,Apartment,https://immovlan.be/en/detail/apartment/for-sale/6800/libramont/vwd17340,vwd17340,apartment,for-sale,6800,libramont
luxembourg,House,https://immovlan.be/en/detail/residence/for-sale/6941/heyd/vbe14250,vbe14250,residence,for-sale,6941,heyd
luxembourg,House,https://immovlan.be/en/detail/residence/for-sale/6940/durbuy/vbe14249,vbe14249,residence,for-sale,6940,durbuy
luxembourg,Apartment,https://immovlan.be/en/detail/triplex/for-sale/6900/marche-en-famenne/vbe14242,vbe14242,triplex,for-sale,6900,marche-en-famenne
luxembourg,House,https://immovlan.be/en/detail/residence/for-sale/6730/tintigny/vbe14233,vbe14233,residence,for-sale,6730,tintigny
luxembourg,Apartment,https://immovlan.be/en/detail/apartment/for-sale/6900/marche-en-famenne/vbe14159,vbe14159,apartment,for-sale,6900,marche-en-famenne
luxembourg,House,https://immovlan.be/en/detail/residence/for-sale/6850/paliseul/vwd17336,vwd17336,residence,for-sale,6850,paliseul
luxembourg,House,https://immovlan.be/en/detail/residence/for-sale/6940/barvaux-sur-ourthe/vbe14073,vbe14073,residence,for-sale,6940,barvaux-sur-ourthe
luxembourg,House,https://immovlan.be/en/detail/residence/for-sale/6987/hodister/vbe14036,vbe14036,residence,for-sale,6987,hodister
luxembourg,House,https://immovlan.be/en/detail/mixed-building/for-sale/6900/marche-en-famenne/vbe13991,vbe13991,mixed-building,for-sale,6900,marche-en-famenne
luxembourg,House,https://immovlan.be/en/detail/residence/for-sale/6950/nassogne/vbe13990,vbe13990,residence,for-sale,6950,nassogne
luxembourg,House,https://immovlan.be/en/detail/residence/in-public-sale/6880/jehonville/vbe13974,vbe13974,residence,in-public-sale,6880,jehonville
luxembourg,House,https://immovlan.be/en/detail/residence/for-sale/6927/tellin/vbe13966,vbe13966,residence,for-sale,6927,tellin
luxembourg,Apartment,https://immovlan.be/en/detail/apartment/for-sale/6700/arlon/vbe13735,vbe13735,apartment,for-sale,6700,arlon
luxembourg,House,https://immovlan.be/en/detail/residence/for-sale/6700/arlon/vbe13316,vbe13316,residence,for-sale,6700,arlon
luxembourg,House,https://immovlan.be/en/detail/residence/for-sale/6760/virton/vbe13234,vbe13234,residence,for-sale,6760,virton
luxembourg,House,https://immovlan.be/en/detail/residence/for-sale/6870/saint-hubert/vbe13232,vbe13232,residence,for-sale,6870,saint-hubert
luxembourg,House,https://immovlan.be/en/detail/residence/for-sale/6730/tintigny/vbe13220,vbe13220,residence,for-sale,6730,tintigny
luxembourg,House,https://immovlan.be/en/detail/residence/for-sale/6960/manhay/vbe13102,vbe13102,residence,for-sale,6960,manhay
luxembourg,House,https://immovlan.be/en/detail/residence/for-sale/6700/arlon/vbe12781,vbe12781,residence,for-sale,6700,arlon
luxembourg,House,https://immovlan.be/en/detail/mixed-building/for-sale/6700/arlon/vbe12678,vbe12678,mixed-building,for-sale,6700,arlon
luxembourg,House,https://immovlan.be/en/detail/residence/for-sale/6730/tintigny/vbe12647,vbe12647,residence,for-sale,6730,tintigny
luxembourg,Apartment,https://immovlan.be/en/detail/apartment/for-sale/6971/champlon/vbe12502,vbe12502,apartment,for-sale,6971,champlon
luxembourg,House,https://immovlan.be/en/detail/chalet/for-sale/6997/erezee/vbe12492,vbe12492,chalet,for-sale,6997,erezee
luxembourg,House,https://immovlan.be/en/detail/residence/for-sale/6940/durbuy/vbd80320,vbd80320,residence,for-sale,6940,durbuy
luxembourg,Apartment,https://immovlan.be/en/detail/apartment/for-sale/6880/bertrix/vbe12097,vbe12097,apartment,for-sale,6880,bertrix
luxembourg,House,https://immovlan.be/en/detail/residence/for-sale/6900/aye/vbe12096,vbe12096,residence,for-sale,6900,aye
luxembourg,House,https://immovlan.be/en/detail/residence/for-sale/6600/bastogne/vbe12095,vbe12095,residence,for-sale,6600,bastogne
luxembourg,House,https://immovlan.be/en/detail/residence/for-sale/6730/tintigny/vbe12091,vbe12091,residence,for-sale,6730,tintigny
luxembourg,Apartment,https://immovlan.be/en/detail/apartment/for-sale/6700/arlon/vbe12046,vbe12046,apartment,for-sale,6700,arlon
luxembourg,House,https://immovlan.be/en/detail/residence/for-sale/6900/marche-en-famenne/vbe11975,vbe11975,residence,for-sale,6900,marche-en-famenne
luxembourg,House,https://immovlan.be/en/detail/residence/for-sale/6791/athus/vbe11823,vbe11823,residence,for-sale,6791,athus
luxembourg,Apartment,https://immovlan.be/en/detail/apartment/for-sale/6760/virton/vbe11775,vbe11775,apartment,for-sale,6760,virton
luxembourg,Apartment,https://immovlan.be/en/detail/apartment/for-sale/6760/virton/vbe11774,vbe11774,apartment,for-sale,6760,virton
luxembourg,House,https://immovlan.be/en/detail/residence/for-sale/6900/marche-en-famenne/vbe11676,vbe11676,residence,for-sale,6900,marche-en-famenne
luxembourg,Apartment,https://immovlan.be/en/detail/apartment/for-sale/6900/marche-en-famenne/vbe11675,vbe11675,apartment,for-sale,6900,marche-en-famenne
luxembourg,House,https://immovlan.be/en/detail/residence/for-sale/6940/barvaux-sur-ourthe/vbe11618,vbe11618,residence,for-sale,6940,barvaux-sur-ourthe
luxembourg,House,https://immovlan.be/en/detail/bungalow/for-sale/6940/durbuy/vbe11582,vbe11582,bungalow,for-sale,6940,durbuy
luxembourg,House,https://immovlan.be/en/detail/chalet/for-sale/6940/durbuy/vbe11563,vbe11563,chalet,for-sale,6940,durbuy
luxembourg,Apartment,https://immovlan.be/en/detail/apartment/for-sale/6940/durbuy/vbe11558,vbe11558,apartment,for-sale,6940,durbuy
luxembourg,House,https://immovlan.be/en/detail/villa/for-sale/6870/saint-hubert/vbe11418,vbe11418,villa,for-sale,6870,saint-hubert
luxembourg,House,https://immovlan.be/en/detail/residence/for-sale/6980/la-roche-en-ardenne/vbe11343,vbe11343,residence,for-sale,6980,la-roche-en-ardenne
luxembourg,House,https://immovlan.be/en/detail/residence/for-sale/6750/musson/vbd87899,vbd87899,residence,for-sale,6750,musson
luxembourg,House,https://immovlan.be/en/detail/residence/for-sale/6600/bastogne/vbe11166,vbe11166,residence,for-sale,6600,bastogne
luxembourg,House,https://immovlan.be/en/detail/residence/for-sale/6800/libramont/vbe11106,vbe11106,residence,for-sale,6800,libramont
luxembourg,House,https://immovlan.be/en/detail/residence/for-sale/6750/musson/vbe10996,vbe10996,residence,for-sale,6750,musson
luxembourg,House,https://immovlan.be/en/detail/residence/for-sale/6890/transinne/vbe10990,vbe10990,residence,for-sale,6890,transinne
luxembourg,House,https://immovlan.be/en/detail/residence/for-sale/6760/virton/vbd75820,vbd75820,residence,for-sale,6760,virton
luxembourg,Apartment,https://immovlan.be/en/detail/apartment/for-sale/6900/marche-en-famenne/vbe10463,vbe10463,apartment,for-sale,6900,marche-en-famenne
luxembourg,House,https://immovlan.be/en/detail/chalet/for-sale/6987/beffe/vbe10397,vbe10397,chalet,for-sale,6987,beffe
luxembourg,House,https://immovlan.be/en/detail/chalet/for-sale/6987/beffe/vbe10396,vbe10396,chalet,for-sale,6987,beffe
luxembourg,House,https://immovlan.be/en/detail/mixed-building/for-sale/6980/la-roche-en-ardenne/vbe10287,vbe10287,mixed-building,for-sale,6980,la-roche-en-ardenne
luxembourg,House,https://immovlan.be/en/detail/residence/for-sale/6830/bouillon/vwd17249,vwd17249,residence,for-sale,6830,bouillon
luxembourg,House,https://immovlan.be/en/detail/residence/for-sale/6997/amonines/vbe10112,vbe10112,residence,for-sale,6997,amonines
luxembourg,House,https://immovlan.be/en/detail/residence/for-sale/6860/leglise/vbe09968,vbe09968,residence,for-sale,6860,leglise
luxembourg,House,https://immovlan.be/en/detail/residence/for-sale/6800/libramont/vbe09966,vbe09966,residence,for-sale,6800,libramont
luxembourg,House,https://immovlan.be/en/detail/chalet/for-sale/6960/dochamps/vbd67102,vbd67102,chalet,for-sale,6960,dochamps
luxembourg,House,https://immovlan.be/en/detail/residence/for-sale/6769/gerouville/vbe09759,vbe09759,residence,for-sale,6769,gerouville
luxembourg,Apartment,https://immovlan.be/en/detail/ground-floor/for-sale/6700/arlon/vwd17234,vwd17234,ground-floor,for-sale,6700,arlon
luxembourg,House,https://immovlan.be/en/detail/residence/for-sale/6741/vance/vbe00664,vbe00664,residence,for-sale,6741,vance
luxembourg,House,https://immovlan.be/en/detail/residence/for-sale/6640/vaux-sur-sure/vbe09296,vbe09296,residence,for-sale,6640,vaux-sur-sure
luxembourg,House,https://immovlan.be/en/detail/residence/for-sale/6940/durbuy/vbe09275,vbe09275,residence,for-sale,6940,durbuy
luxembourg,House,https://immovlan.be/en/detail/residence/for-sale/6927/tellin/vbe09187,vbe09187,residence,for-sale,6927,tellin
luxembourg,House,https://immovlan.be/en/detail/residence/for-sale/6800/libramont-chevigny/vbe09167,vbe09167,residence,for-sale,6800,libramont-chevigny
luxembourg,House,https://immovlan.be/en/detail/residence/for-sale/6940/durbuy/vbe09058,vbe09058,residence,for-sale,6940,durbuy
luxembourg,House,https://immovlan.be/en/detail/residence/for-sale/6940/durbuy/vbe09057,vbe09057,residence,for-sale,6940,durbuy
luxembourg,House,https://immovlan.be/en/detail/residence/for-sale/6990/hotton/vbe08704,vbe08704,residence,for-sale,6990,hotton
luxembourg,House,https://immovlan.be/en/detail/residence/for-sale/6900/marche-en-famenne/vbe08703,vbe08703,residence,for-sale,6900,marche-en-famenne
luxembourg,House,https://immovlan.be/en/detail/residence/for-sale/6690/vielsalm/vbe08670,vbe08670,residence,for-sale,6690,vielsalm
luxembourg,House,https://immovlan.be/en/detail/residence/for-sale/6940/barvaux-sur-ourthe/vbe08656,vbe08656,residence,for-sale,6940,barvaux-sur-ourthe
luxembourg,House,https://immovlan.be/en/detail/cottage/for-sale/6980/beausaint/vbe08601,vbe08601,cottage,for-sale,6980,beausaint
luxembourg,Apartment,https://immovlan.be/en/detail/apartment/for-sale/6852/maissin/vbe08542,vbe08542,apartment,for-sale,6852,maissin
luxembourg,House,https://immovlan.be/en/detail/residence/for-sale/6929/daverdisse/vbe08526,vbe08526,residence,for-sale,6929,daverdisse
luxembourg,Apartment,https://immovlan.be/en/detail/loft/for-sale/6820/florenville/vwd17209,vwd17209,loft,for-sale,6820,florenville
luxembourg,Apartment,https://immovlan.be/en/detail/apartment/for-sale/6900/marche-en-famenne/vbc51331,vbc51331,apartment,for-sale,6900,marche-en-famenne
luxembourg,House,https://immovlan.be/en/detail/cottage/in-public-sale/6717/attert/vbe08169,vbe08169,cottage,in-public-sale,6717,attert
luxembourg,House,https://immovlan.be/en/detail/cottage/in-public-sale/6717/attert/vbe08167,vbe08167,cottage,in-public-sale,6717,attert
luxembourg,House,https://immovlan.be/en/detail/residence/for-sale/6600/bastogne/vbe07911,vbe07911,residence,for-sale,6600,bastogne
luxembourg,House,https://immovlan.be/en/detail/residence/for-sale/6812/suxy/vbe07870,vbe07870,residence,for-sale,6812,suxy
luxembourg,House,https://immovlan.be/en/detail/residence/for-sale/6950/harsin/vbe07749,vbe07749,residence,for-sale,6950,harsin
luxembourg,House,https://immovlan.be/en/detail/residence/for-sale/6700/arlon/vbe07692,vbe07692,residence,for-sale,6700,arlon
luxembourg,House,https://immovlan.be/en/detail/mixed-building/for-sale/6700/arlon/vbe07691,vbe07691,mixed-building,for-sale,6700,arlon
luxembourg,House,https://immovlan.be/en/detail/residence/for-sale/6700/arlon/vbe07232,vbe07232,residence,for-sale,6700,arlon
luxembourg,House,https://immovlan.be/en/detail/residence/for-sale/6997/erezee/vbd48649,vbd48649,residence,for-sale,6997,erezee
luxembourg,House,https://immovlan.be/en/detail/residence/for-sale/6880/auby-sur-semois/vbe06974,vbe06974,residence,for-sale,6880,auby-sur-semois
luxembourg,House,https://immovlan.be/en/detail/residence/for-sale/6941/tohogne/vbe06820,vbe06820,residence,for-sale,6941,tohogne
luxembourg,House,https://immovlan.be/en/detail/residence/for-sale/6600/bastogne/vbe06725,vbe06725,residence,for-sale,6600,bastogne
luxembourg,House,https://immovlan.be/en/detail/residence/for-sale/6720/habay/vbe06691,vbe06691,residence,for-sale,6720,habay
luxembourg,Apartment,https://immovlan.be/en/detail/apartment/for-sale/6600/bastogne/vbe06633,vbe06633,apartment,for-sale,6600,bastogne
luxembourg,House,https://immovlan.be/en/detail/chalet/for-sale/6670/gouvy/vbe06624,vbe06624,chalet,for-sale,6670,gouvy
luxembourg,House,https://immovlan.be/en/detail/residence/for-sale/6747/saint-leger/vbe06560,vbe06560,residence,for-sale,6747,saint-leger
luxembourg,House,https://immovlan.be/en/detail/residence/for-sale/6940/durbuy/vbe06542,vbe06542,residence,for-sale,6940,durbuy
luxembourg,House,https://immovlan.be/en/detail/residence/for-sale/6997/erezee/vbe06541,vbe06541,residence,for-sale,6997,erezee
luxembourg,House,https://immovlan.be/en/detail/residence/for-sale/6940/durbuy/vbe06537,vbe06537,residence,for-sale,6940,durbuy
luxembourg,House,https://immovlan.be/en/detail/residence/for-sale/6929/daverdisse/vbe06464,vbe06464,residence,for-sale,6929,daverdisse
luxembourg,House,https://immovlan.be/en/detail/villa/for-sale/6717/attert/vwd17062,vwd17062,villa,for-sale,6717,attert
luxembourg,House,https://immovlan.be/en/detail/residence/for-sale/6890/libin/vbe06413,vbe06413,residence,for-sale,6890,libin
luxembourg,House,https://immovlan.be/en/detail/residence/for-sale/6940/barvaux-sur-ourthe/vbe06357,vbe06357,residence,for-sale,6940,barvaux-sur-ourthe
luxembourg,House,https://immovlan.be/en/detail/chalet/for-sale/6670/gouvy/vbe06310,vbe06310,chalet,for-sale,6670,gouvy
luxembourg,House,https://immovlan.be/en/detail/residence/for-sale/6960/manhay/vbe06202,vbe06202,residence,for-sale,6960,manhay
luxembourg,Apartment,https://immovlan.be/en/detail/apartment/for-sale/6900/marche-en-famenne/vbe06193,vbe06193,apartment,for-sale,6900,marche-en-famenne
luxembourg,House,https://immovlan.be/en/detail/residence/for-sale/6887/herbeumont/vbe06192,vbe06192,residence,for-sale,6887,herbeumont
luxembourg,Apartment,https://immovlan.be/en/detail/apartment/for-sale/6700/arlon/vbe06169,vbe06169,apartment,for-sale,6700,arlon
luxembourg,House,https://immovlan.be/en/detail/residence/for-sale/6900/marche-en-famenne/vbe06160,vbe06160,residence,for-sale,6900,marche-en-famenne
luxembourg,Apartment,https://immovlan.be/en/detail/studio/for-sale/6940/durbuy/vbe06156,vbe06156,studio,for-sale,6940,durbuy
luxembourg,House,https://immovlan.be/en/detail/residence/for-sale/6927/tellin/vbe06030,vbe06030,residence,for-sale,6927,tellin
luxembourg,House,https://immovlan.be/en/detail/residence/for-sale/6953/ambly/vbe05841,vbe05841,residence,for-sale,6953,ambly
luxembourg,House,https://immovlan.be/en/detail/residence/for-sale/6953/ambly/vbe05840,vbe05840,residence,for-sale,6953,ambly
luxembourg,House,https://immovlan.be/en/detail/villa/for-sale/6850/carlsbourg/vbe05366,vbe05366,villa,for-sale,6850,carlsbourg
luxembourg,House,https://immovlan.be/en/detail/residence/for-sale/6800/libramont/vbe05270,vbe05270,residence,for-sale,6800,libramont
luxembourg,Apartment,https://immovlan.be/en/detail/studio/for-sale/6800/libramont-chevigny/vbe05269,vbe05269,studio,for-sale,6800,libramont-chevigny
luxembourg,Apartment,https://immovlan.be/en/detail/apartment/for-sale/6800/libramont-chevigny/vbe05268,vbe05268,apartment,for-sale,6800,libramont-chevigny
luxembourg,Apartment,https://immovlan.be/en/detail/apartment/for-sale/6800/libramont-chevigny/vbe05267,vbe05267,apartment,for-sale,6800,libramont-chevigny
luxembourg,House,https://immovlan.be/en/detail/residence/for-sale/6980/la-roche-en-ardenne/vbe05220,vbe05220,residence,for-sale,6980,la-roche-en-ardenne
luxembourg,House,https://immovlan.be/en/detail/residence/for-sale/6940/durbuy/vbe04788,vbe04788,residence,for-sale,6940,durbuy
luxembourg,House,https://immovlan.be/en/detail/residence/for-sale/6853/framont/vbe04597,vbe04597,residence,for-sale,6853,framont
luxembourg,House,https://immovlan.be/en/detail/residence/for-sale/6920/sohier/vbe04595,vbe04595,residence,for-sale,6920,sohier
luxembourg,House,https://immovlan.be/en/detail/residence/for-sale/6767/lamorteau/vbe04130,vbe04130,residence,for-sale,6767,lamorteau
luxembourg,House,https://immovlan.be/en/detail/residence/for-sale/6792/rachecourt/vbe04129,vbe04129,residence,for-sale,6792,rachecourt
luxembourg,House,https://immovlan.be/en/detail/residence/for-sale/6940/durbuy/vbd93940,vbd93940,residence,for-sale,6940,durbuy
luxembourg,House,https://immovlan.be/en/detail/residence/for-sale/6830/bouillon/rbv60134,rbv60134,residence,for-sale,6830,bouillon
luxembourg,House,https://immovlan.be/en/detail/residence/for-sale/6830/bouillon/rbv60133,rbv60133,residence,for-sale,6830,bouillon
luxembourg,House,https://immovlan.be/en/detail/chalet/for-sale/6830/bouillon/rbv60132,rbv60132,chalet,for-sale,6830,bouillon
luxembourg,House,https://immovlan.be/en/detail/residence/for-sale/6780/messancy/vbe03790,vbe03790,residence,for-sale,6780,messancy
luxembourg,Apartment,https://immovlan.be/en/detail/apartment/for-sale/6700/arlon/vbd90098,vbd90098,apartment,for-sale,6700,arlon
luxembourg,House,https://immovlan.be/en/detail/residence/for-sale/6823/villers-devant-orval/vbe03674,vbe03674,residence,for-sale,6823,villers-devant-orval
luxembourg,House,https://immovlan.be/en/detail/residence/for-sale/6680/sainte-ode/vbe03621,vbe03621,residence,for-sale,6680,sainte-ode
luxembourg,Apartment,https://immovlan.be/en/detail/duplex/for-sale/6780/messancy/vbe03597,vbe03597,duplex,for-sale,6780,messancy
luxembourg,House,https://immovlan.be/en/detail/residence/for-sale/6940/septon/vbe03583,vbe03583,residence,for-sale,6940,septon
luxembourg,Apartment,https://immovlan.be/en/detail/apartment/for-sale/6790/aubange/vbd53459,vbd53459,apartment,for-sale,6790,aubange
luxembourg,House,https://immovlan.be/en/detail/residence/for-sale/6953/forrieres/vbe03343,vbe03343,residence,for-sale,6953,forrieres
luxembourg,Apartment,https://immovlan.be/en/detail/studio/for-sale/6800/libramont-chevigny/vbe03334,vbe03334,studio,for-sale,6800,libramont-chevigny
luxembourg,Apartment,https://immovlan.be/en/detail/studio/for-sale/6800/libramont-chevigny/vbe03333,vbe03333,studio,for-sale,6800,libramont-chevigny
luxembourg,Apartment,https://immovlan.be/en/detail/studio/for-sale/6800/libramont-chevigny/vbe03332,vbe03332,studio,for-sale,6800,libramont-chevigny
luxembourg,Apartment,https://immovlan.be/en/detail/apartment/for-sale/6800/libramont-chevigny/vbe03331,vbe03331,apartment,for-sale,6800,libramont-chevigny
luxembourg,Apartment,https://immovlan.be/en/detail/apartment/for-sale/6800/libramont-chevigny/vbe03329,vbe03329,apartment,for-sale,6800,libramont-chevigny
luxembourg,House,https://immovlan.be/en/detail/chalet/for-sale/6940/septon/vbd81161,vbd81161,chalet,for-sale,6940,septon
luxembourg,House,https://immovlan.be/en/detail/residence/for-sale/6600/bastogne/vbe02891,vbe02891,residence,for-sale,6600,bastogne
luxembourg,Apartment,https://immovlan.be/en/detail/apartment/for-sale/6600/bastogne/vbe02890,vbe02890,apartment,for-sale,6600,bastogne
luxembourg,House,https://immovlan.be/en/detail/residence/for-sale/6940/durbuy/vbe02821,vbe02821,residence,for-sale,6940,durbuy
luxembourg,House,https://immovlan.be/en/detail/cottage/for-sale/6980/beausaint/vbe02806,vbe02806,cottage,for-sale,6980,beausaint
luxembourg,House,https://immovlan.be/en/detail/residence/for-sale/6700/arlon/vbe02633,vbe02633,residence,for-sale,6700,arlon
luxembourg,House,https://immovlan.be/en/detail/residence/for-sale/6929/haut-fays/vwd15597,vwd15597,residence,for-sale,6929,haut-fays
luxembourg,House,https://immovlan.be/en/detail/residence/for-sale/6700/arlon/vbe02522,vbe02522,residence,for-sale,6700,arlon
luxembourg,House,https://immovlan.be/en/detail/residence/for-sale/6900/marche-en-famenne/vbe02120,vbe02120,residence,for-sale,6900,marche-en-famenne
luxembourg,House,https://immovlan.be/en/detail/residence/for-sale/6941/durbuy/vbe02081,vbe02081,residence,for-sale,6941,durbuy
luxembourg,Apartment,https://immovlan.be/en/detail/apartment/for-sale/6980/la-roche-en-ardenne/vbe01916,vbe01916,apartment,for-sale,6980,la-roche-en-ardenne
luxembourg,Apartment,https://immovlan.be/en/detail/apartment/for-sale/6700/arlon/vbe01784,vbe01784,apartment,for-sale,6700,arlon
luxembourg,Apartment,https://immovlan.be/en/detail/apartment/for-sale/6700/arlon/vbe01783,vbe01783,apartment,for-sale,6700,arlon
luxembourg,House,https://immovlan.be/en/detail/mixed-building/for-sale/6940/durbuy/vbe01584,vbe01584,mixed-building,for-sale,6940,durbuy
luxembourg,Apartment,https://immovlan.be/en/detail/apartment/for-sale/6700/arlon/vbe01397,vbe01397,apartment,for-sale,6700,arlon
luxembourg,House,https://immovlan.be/en/detail/residence/for-sale/6960/manhay/vbe01323,vbe01323,residence,for-sale,6960,manhay
luxembourg,House,https://immovlan.be/en/detail/mixed-building/for-sale/6840/neufchateau/vbe01117,vbe01117,mixed-building,for-sale,6840,neufchateau
luxembourg,House,https://immovlan.be/en/detail/chalet/for-sale/6940/durbuy/vbe00713,vbe00713,chalet,for-sale,6940,durbuy
luxembourg,House,https://immovlan.be/en/detail/residence/for-sale/6810/chiny/vbe00650,vbe00650,residence,for-sale,6810,chiny
luxembourg,House,https://immovlan.be/en/detail/residence/for-sale/6890/libin/vbe00569,vbe00569,residence,for-sale,6890,libin
luxembourg,Apartment,https://immovlan.be/en/detail/apartment/for-sale/6890/libin/vbe00568,vbe00568,apartment,for-sale,6890,libin
luxembourg,House,https://immovlan.be/en/detail/residence/for-sale/6830/bouillon/vbe00446,vbe00446,residence,for-sale,6830,bouillon
luxembourg,House,https://immovlan.be/en/detail/residence/for-sale/6940/durbuy/vbe00369,vbe00369,residence,for-sale,6940,durbuy
luxembourg,House,https://immovlan.be/en/detail/chalet/for-sale/6663/mabompre/vbe00355,vbe00355,chalet,for-sale,6663,mabompre
luxembourg,House,https://immovlan.be/en/detail/residence/for-sale/6890/libin/vbe00270,vbe00270,residence,for-sale,6890,libin
luxembourg,Apartment,https://immovlan.be/en/detail/apartment/for-sale/6800/libramont-chevigny/vbe00266,vbe00266,apartment,for-sale,6800,libramont-chevigny
luxembourg,House,https://immovlan.be/en/detail/residence/for-sale/6980/beausaint/vbe00161,vbe00161,residence,for-sale,6980,beausaint
luxembourg,House,https://immovlan.be/en/detail/residence/for-sale/6940/barvaux-sur-ourthe/vbd99953,vbd99953,residence,for-sale,6940,barvaux-sur-ourthe
luxembourg,House,https://immovlan.be/en/detail/chalet/for-sale/6997/amonines/vbd52559,vbd52559,chalet,for-sale,6997,amonines
luxembourg,House,https://immovlan.be/en/detail/residence/for-sale/6940/durbuy/vbd99229,vbd99229,residence,for-sale,6940,durbuy
luxembourg,House,https://immovlan.be/en/detail/residence/for-sale/6980/beausaint/vbd99076,vbd99076,residence,for-sale,6980,beausaint
luxembourg,Apartment,https://immovlan.be/en/detail/apartment/for-sale/6791/athus/vbd99073,vbd99073,apartment,for-sale,6791,athus
luxembourg,Apartment,https://immovlan.be/en/detail/apartment/for-sale/6791/athus/vbd99072,vbd99072,apartment,for-sale,6791,athus
luxembourg,Apartment,https://immovlan.be/en/detail/apartment/for-sale/6791/athus/vbd99071,vbd99071,apartment,for-sale,6791,athus
luxembourg,Apartment,https://immovlan.be/en/detail/apartment/for-sale/6791/athus/vbd99070,vbd99070,apartment,for-sale,6791,athus
luxembourg,House,https://immovlan.be/en/detail/residence/for-sale/6630/martelange/vbc85122,vbc85122,residence,for-sale,6630,martelange
luxembourg,House,https://immovlan.be/en/detail/residence/for-sale/6640/vaux-sur-sure/vbd98767,vbd98767,residence,for-sale,6640,vaux-sur-sure
luxembourg,House,https://immovlan.be/en/detail/residence/for-sale/6900/marche-en-famenne/vbd98709,vbd98709,residence,for-sale,6900,marche-en-famenne
luxembourg,House,https://immovlan.be/en/detail/residence/for-sale/6750/musson/vbd98590,vbd98590,residence,for-sale,6750,musson
luxembourg,House,https://immovlan.be/en/detail/residence/for-sale/6769/meix-devant-virton/vwd16957,vwd16957,residence,for-sale,6769,meix-devant-virton
luxembourg,House,https://immovlan.be/en/detail/residence/for-sale/6820/florenville/vbd98533,vbd98533,residence,for-sale,6820,florenville
luxembourg,Apartment,https://immovlan.be/en/detail/triplex/for-sale/6700/arlon/vbd80727,vbd80727,triplex,for-sale,6700,arlon
luxembourg,House,https://immovlan.be/en/detail/residence/for-sale/6900/hargimont/vbd98416,vbd98416,residence,for-sale,6900,hargimont
luxembourg,House,https://immovlan.be/en/detail/residence/for-sale/6997/soy/vbd98366,vbd98366,residence,for-sale,6997,soy
luxembourg,Apartment,https://immovlan.be/en/detail/apartment/for-sale/6700/arlon/vbd98106,vbd98106,apartment,for-sale,6700,arlon
luxembourg,Apartment,https://immovlan.be/en/detail/apartment/for-sale/6700/arlon/vbd98032,vbd98032,apartment,for-sale,6700,arlon
luxembourg,Apartment,https://immovlan.be/en/detail/apartment/for-sale/6700/arlon/vbd98031,vbd98031,apartment,for-sale,6700,arlon
luxembourg,Apartment,https://immovlan.be/en/detail/apartment/for-sale/6700/arlon/vbd98030,vbd98030,apartment,for-sale,6700,arlon
luxembourg,Apartment,https://immovlan.be/en/detail/apartment/for-sale/6700/arlon/vbd98029,vbd98029,apartment,for-sale,6700,arlon
luxembourg,Apartment,https://immovlan.be/en/detail/apartment/for-sale/6700/arlon/vbd98028,vbd98028,apartment,for-sale,6700,arlon
luxembourg,Apartment,https://immovlan.be/en/detail/apartment/for-sale/6700/arlon/vbd98027,vbd98027,apartment,for-sale,6700,arlon
luxembourg,Apartment,https://immovlan.be/en/detail/apartment/for-sale/6700/arlon/vbd98026,vbd98026,apartment,for-sale,6700,arlon
luxembourg,Apartment,https://immovlan.be/en/detail/apartment/for-sale/6700/arlon/vbd98025,vbd98025,apartment,for-sale,6700,arlon
luxembourg,Apartment,https://immovlan.be/en/detail/apartment/for-sale/6700/arlon/vbd98024,vbd98024,apartment,for-sale,6700,arlon
luxembourg,Apartment,https://immovlan.be/en/detail/apartment/for-sale/6700/arlon/vbd98023,vbd98023,apartment,for-sale,6700,arlon
luxembourg,Apartment,https://immovlan.be/en/detail/apartment/for-sale/6700/arlon/vbd98022,vbd98022,apartment,for-sale,6700,arlon
luxembourg,Apartment,https://immovlan.be/en/detail/apartment/for-sale/6700/arlon/vbd98021,vbd98021,apartment,for-sale,6700,arlon
luxembourg,Apartment,https://immovlan.be/en/detail/apartment/for-sale/6700/arlon/vbd98020,vbd98020,apartment,for-sale,6700,arlon
luxembourg,Apartment,https://immovlan.be/en/detail/apartment/for-sale/6700/arlon/vbd98019,vbd98019,apartment,for-sale,6700,arlon
luxembourg,House,https://immovlan.be/en/detail/cottage/for-sale/6987/beffe/vbd97683,vbd97683,cottage,for-sale,6987,beffe
luxembourg,House,https://immovlan.be/en/detail/residence/for-sale/6980/la-roche-en-ardenne/vbd97682,vbd97682,residence,for-sale,6980,la-roche-en-ardenne
luxembourg,House,https://immovlan.be/en/detail/residence/for-sale/6700/arlon/vbd46142,vbd46142,residence,for-sale,6700,arlon
luxembourg,Apartment,https://immovlan.be/en/detail/apartment/for-sale/6880/bertrix/vbd46982,vbd46982,apartment,for-sale,6880,bertrix
luxembourg,House,https://immovlan.be/en/detail/residence/for-sale/6690/vielsalm/vbd97409,vbd97409,residence,for-sale,6690,vielsalm
luxembourg,House,https://immovlan.be/en/detail/residence/for-sale/6840/neufchateau/vbd97353,vbd97353,residence,for-sale,6840,neufchateau
luxembourg,Apartment,https://immovlan.be/en/detail/apartment/for-sale/6600/bastogne/vbd97218,vbd97218,apartment,for-sale,6600,bastogne
luxembourg,House,https://immovlan.be/en/detail/chalet/for-sale/6940/durbuy/vbd97181,vbd97181,chalet,for-sale,6940,durbuy
luxembourg,House,https://immovlan.be/en/detail/residence/for-sale/6900/marche-en-famenne/vbd97115,vbd97115,residence,for-sale,6900,marche-en-famenne
luxembourg,House,https://immovlan.be/en/detail/residence/for-sale/6997/soy/vbd96919,vbd96919,residence,for-sale,6997,soy
luxembourg,House,https://immovlan.be/en/detail/residence/for-sale/6760/bleid/vbd75702,vbd75702,residence,for-sale,6760,bleid
luxembourg,House,https://immovlan.be/en/detail/villa/for-sale/6870/saint-hubert/vbd64392,vbd64392,villa,for-sale,6870,saint-hubert
luxembourg,House,https://immovlan.be/en/detail/residence/for-sale/6940/durbuy/vbd96638,vbd96638,residence,for-sale,6940,durbuy
luxembourg,House,https://immovlan.be/en/detail/villa/for-sale/6970/tenneville/vbd96290,vbd96290,villa,for-sale,6970,tenneville
luxembourg,House,https://immovlan.be/en/detail/residence/for-sale/6600/bastogne/vbd96238,vbd96238,residence,for-sale,6600,bastogne
luxembourg,House,https://immovlan.be/en/detail/residence/for-sale/6800/libramont-chevigny/vbd96225,vbd96225,residence,for-sale,6800,libramont-chevigny
luxembourg,House,https://immovlan.be/en/detail/residence/for-sale/6670/gouvy/vbd96085,vbd96085,residence,for-sale,6670,gouvy
luxembourg,Apartment,https://immovlan.be/en/detail/duplex/for-sale/6730/tintigny/vbd96052,vbd96052,duplex,for-sale,6730,tintigny
luxembourg,Apartment,https://immovlan.be/en/detail/apartment/for-sale/6950/nassogne/vbd96003,vbd96003,apartment,for-sale,6950,nassogne
luxembourg,House,https://immovlan.be/en/detail/residence/for-sale/6927/grupont/vbd95974,vbd95974,residence,for-sale,6927,grupont
luxembourg,House,https://immovlan.be/en/detail/chalet/for-sale/6980/la-roche-en-ardenne/vbd15138,vbd15138,chalet,for-sale,6980,la-roche-en-ardenne
luxembourg,House,https://immovlan.be/en/detail/residence/for-sale/6630/martelange/vbd60267,vbd60267,residence,for-sale,6630,martelange
luxembourg,House,https://immovlan.be/en/detail/residence/for-sale/6972/erneuville/vbd95318,vbd95318,residence,for-sale,6972,erneuville
luxembourg,House,https://immovlan.be/en/detail/residence/for-sale/6760/virton/vbd95187,vbd95187,residence,for-sale,6760,virton
luxembourg,House,https://immovlan.be/en/detail/residence/for-sale/6940/barvaux-sur-ourthe/vbd94828,vbd94828,residence,for-sale,6940,barvaux-sur-ourthe
luxembourg,House,https://immovlan.be/en/detail/residence/for-sale/6640/vaux-sur-sure/vbd94692,vbd94692,residence,for-sale,6640,vaux-sur-sure
luxembourg,House,https://immovlan.be/en/detail/residence/for-sale/6997/amonines/vbd94529,vbd94529,residence,for-sale,6997,amonines
luxembourg,House,https://immovlan.be/en/detail/villa/for-sale/6990/hotton/vbd94158,vbd94158,villa,for-sale,6990,hotton
luxembourg,Apartment,https://immovlan.be/en/detail/apartment/for-sale/6800/libramont-chevigny/vbd94091,vbd94091,apartment,for-sale,6800,libramont-chevigny
luxembourg,House,https://immovlan.be/en/detail/residence/for-sale/6760/ethe/vbd93910,vbd93910,residence,for-sale,6760,ethe
luxembourg,House,https://immovlan.be/en/detail/bungalow/for-sale/6940/barvaux-sur-ourthe/vbd93769,vbd93769,bungalow,for-sale,6940,barvaux-sur-ourthe
luxembourg,House,https://immovlan.be/en/detail/residence/for-sale/6987/hodister/vbd93699,vbd93699,residence,for-sale,6987,hodister
luxembourg,House,https://immovlan.be/en/detail/residence/for-sale/6941/durbuy/vbd93692,vbd93692,residence,for-sale,6941,durbuy
luxembourg,House,https://immovlan.be/en/detail/residence/for-sale/6663/mabompre/vwd16819,vwd16819,residence,for-sale,6663,mabompre
luxembourg,House,https://immovlan.be/en/detail/residence/for-sale/6830/poupehan/vbd93533,vbd93533,residence,for-sale,6830,poupehan
luxembourg,House,https://immovlan.be/en/detail/residence/for-sale/6941/durbuy/vbd93284,vbd93284,residence,for-sale,6941,durbuy
luxembourg,House,https://immovlan.be/en/detail/residence/for-sale/6870/arville/vbd93196,vbd93196,residence,for-sale,6870,arville
luxembourg,Apartment,https://immovlan.be/en/detail/apartment/for-sale/6900/marche-en-famenne/vbd92865,vbd92865,apartment,for-sale,6900,marche-en-famenne
luxembourg,Apartment,https://immovlan.be/en/detail/duplex/for-sale/6600/bastogne/vbd92702,vbd92702,duplex,for-sale,6600,bastogne
luxembourg,Apartment,https://immovlan.be/en/detail/apartment/for-sale/6900/marche-en-famenne/vbd92626,vbd92626,apartment,for-sale,6900,marche-en-famenne
luxembourg,Apartment,https://immovlan.be/en/detail/apartment/for-sale/6900/marche-en-famenne/vbd92625,vbd92625,apartment,for-sale,6900,marche-en-famenne
luxembourg,House,https://immovlan.be/en/detail/residence/for-sale/6810/chiny/vwd16798,vwd16798,residence,for-sale,6810,chiny
luxembourg,House,https://immovlan.be/en/detail/residence/for-sale/6838/corbion/vbd92510,vbd92510,residence,for-sale,6838,corbion
luxembourg,House,https://immovlan.be/en/detail/residence/for-sale/6929/gembes/vbd92419,vbd92419,residence,for-sale,6929,gembes
luxembourg,House,https://immovlan.be/en/detail/residence/for-sale/6940/durbuy/vbd92107,vbd92107,residence,for-sale,6940,durbuy
luxembourg,Apartment,https://immovlan.be/en/detail/apartment/for-sale/6700/arlon/vbd92009,vbd92009,apartment,for-sale,6700,arlon
luxembourg,House,https://immovlan.be/en/detail/chalet/for-sale/6940/durbuy/vbd91604,vbd91604,chalet,for-sale,6940,durbuy
luxembourg,House,https://immovlan.be/en/detail/residence/for-sale/6900/marche-en-famenne/vbd91559,vbd91559,residence,for-sale,6900,marche-en-famenne
luxembourg,House,https://immovlan.be/en/detail/bungalow/for-sale/6820/florenville/vwd08325,vwd08325,bungalow,for-sale,6820,florenville
luxembourg,Apartment,https://immovlan.be/en/detail/penthouse/for-sale/6690/vielsalm/vbd91287,vbd91287,penthouse,for-sale,6690,vielsalm
luxembourg,House,https://immovlan.be/en/detail/chalet/for-sale/6830/bouillon/vwd16751,vwd16751,chalet,for-sale,6830,bouillon
luxembourg,House,https://immovlan.be/en/detail/cottage/for-sale/6700/arlon/vbd90801,vbd90801,cottage,for-sale,6700,arlon
luxembourg,House,https://immovlan.be/en/detail/residence/for-sale/6600/bastogne/vbd90797,vbd90797,residence,for-sale,6600,bastogne
luxembourg,House,https://immovlan.be/en/detail/residence/for-sale/6700/arlon/vbd90600,vbd90600,residence,for-sale,6700,arlon
luxembourg,House,https://immovlan.be/en/detail/residence/for-sale/6720/habay/vbd89924,vbd89924,residence,for-sale,6720,habay
luxembourg,House,https://immovlan.be/en/detail/residence/for-sale/6680/sainte-ode/rbv31030,rbv31030,residence,for-sale,6680,sainte-ode
luxembourg,Apartment,https://immovlan.be/en/detail/apartment/for-sale/6700/arlon/vbd89287,vbd89287,apartment,for-sale,6700,arlon
luxembourg,House,https://immovlan.be/en/detail/residence/for-sale/6890/libin/vbd89263,vbd89263,residence,for-sale,6890,libin
luxembourg,House,https://immovlan.be/en/detail/residence/for-sale/6670/gouvy/vbd89171,vbd89171,residence,for-sale,6670,gouvy
luxembourg,House,https://immovlan.be/en/detail/residence/for-sale/6600/bastogne/vbd89170,vbd89170,residence,for-sale,6600,bastogne
luxembourg,House,https://immovlan.be/en/detail/residence/for-sale/6769/meix-devant-virton/vbd89064,vbd89064,residence,for-sale,6769,meix-devant-virton
luxembourg,Apartment,https://immovlan.be/en/detail/apartment/for-sale/6790/aubange/vbd88911,vbd88911,apartment,for-sale,6790,aubange
luxembourg,House,https://immovlan.be/en/detail/residence/for-sale/6987/rendeux/vbd88682,vbd88682,residence,for-sale,6987,rendeux
luxembourg,House,https://immovlan.be/en/detail/residence/for-sale/6900/marche-en-famenne/vbd88647,vbd88647,residence,for-sale,6900,marche-en-famenne
luxembourg,Apartment,https://immovlan.be/en/detail/apartment/for-sale/6790/aubange/vbd87679,vbd87679,apartment,for-sale,6790,aubange
luxembourg,Apartment,https://immovlan.be/en/detail/apartment/for-sale/6700/arlon/vbd87677,vbd87677,apartment,for-sale,6700,arlon
luxembourg,House,https://immovlan.be/en/detail/residence/for-sale/6900/marche-en-famenne/vbd87116,vbd87116,residence,for-sale,6900,marche-en-famenne
luxembourg,House,https://immovlan.be/en/detail/residence/for-sale/6840/neufchateau/vbd55029,vbd55029,residence,for-sale,6840,neufchateau
luxembourg,House,https://immovlan.be/en/detail/residence/for-sale/6997/erezee/vbd55471,vbd55471,residence,for-sale,6997,erezee
luxembourg,House,https://immovlan.be/en/detail/residence/for-sale/6890/libin/vbd84221,vbd84221,residence,for-sale,6890,libin
luxembourg,Apartment,https://immovlan.be/en/detail/apartment/for-sale/6700/arlon/vbd84149,vbd84149,apartment,for-sale,6700,arlon
luxembourg,House,https://immovlan.be/en/detail/residence/for-sale/6700/arlon/rwc41799,rwc41799,residence,for-sale,6700,arlon
luxembourg,House,https://immovlan.be/en/detail/residence/for-sale/6953/ambly/vbd83740,vbd83740,residence,for-sale,6953,ambly
luxembourg,Apartment,https://immovlan.be/en/detail/apartment/for-sale/6600/bastogne/vbd83681,vbd83681,apartment,for-sale,6600,bastogne
luxembourg,House,https://immovlan.be/en/detail/residence/for-sale/6630/martelange/vbb63662,vbb63662,residence,for-sale,6630,martelange
luxembourg,House,https://immovlan.be/en/detail/residence/for-sale/6983/ortho/vbd83645,vbd83645,residence,for-sale,6983,ortho
luxembourg,House,https://immovlan.be/en/detail/residence/for-sale/6700/arlon/vbd83153,vbd83153,residence,for-sale,6700,arlon
luxembourg,House,https://immovlan.be/en/detail/residence/for-sale/6700/arlon/vbd82683,vbd82683,residence,for-sale,6700,arlon
luxembourg,House,https://immovlan.be/en/detail/residence/for-sale/6740/etalle/vbd33322,vbd33322,residence,for-sale,6740,etalle
luxembourg,Apartment,https://immovlan.be/en/detail/apartment/for-sale/6700/arlon/vbd41946,vbd41946,apartment,for-sale,6700,arlon
luxembourg,Apartment,https://immovlan.be/en/detail/apartment/for-sale/6780/messancy/vbd82200,vbd82200,apartment,for-sale,6780,messancy
luxembourg,House,https://immovlan.be/en/detail/residence/for-sale/6717/attert/vbd82199,vbd82199,residence,for-sale,6717,attert
luxembourg,House,https://immovlan.be/en/detail/mixed-building/for-sale/6700/arlon/vbd81693,vbd81693,mixed-building,for-sale,6700,arlon
luxembourg,House,https://immovlan.be/en/detail/residence/for-sale/6740/etalle/vbd81692,vbd81692,residence,for-sale,6740,etalle
luxembourg,House,https://immovlan.be/en/detail/residence/for-sale/6870/saint-hubert/vbd81333,vbd81333,residence,for-sale,6870,saint-hubert
luxembourg,House,https://immovlan.be/en/detail/residence/for-sale/6700/arlon/vbd80983,vbd80983,residence,for-sale,6700,arlon
luxembourg,House,https://immovlan.be/en/detail/residence/for-sale/6688/longchamps/rwc41732,rwc41732,residence,for-sale,6688,longchamps
luxembourg,House,https://immovlan.be/en/detail/residence/for-sale/6940/durbuy/vbd80321,vbd80321,residence,for-sale,6940,durbuy
luxembourg,House,https://immovlan.be/en/detail/residence/for-sale/6780/messancy/vwd13155,vwd13155,residence,for-sale,6780,messancy
luxembourg,House,https://immovlan.be/en/detail/residence/for-sale/6600/bastogne/rwc41712,rwc41712,residence,for-sale,6600,bastogne
luxembourg,House,https://immovlan.be/en/detail/residence/for-sale/6600/bastogne/rwc41711,rwc41711,residence,for-sale,6600,bastogne
luxembourg,House,https://immovlan.be/en/detail/residence/for-sale/6600/bastogne/vbd78974,vbd78974,residence,for-sale,6600,bastogne
luxembourg,Apartment,https://immovlan.be/en/detail/apartment/for-sale/6600/bastogne/vbd78825,vbd78825,apartment,for-sale,6600,bastogne
luxembourg,House,https://immovlan.be/en/detail/residence/for-sale/6791/athus/vbd78701,vbd78701,residence,for-sale,6791,athus
luxembourg,House,https://immovlan.be/en/detail/residence/for-sale/6900/marche-en-famenne/vbd78681,vbd78681,residence,for-sale,6900,marche-en-famenne
luxembourg,House,https://immovlan.be/en/detail/residence/for-sale/6940/durbuy/vbd42210,vbd42210,residence,for-sale,6940,durbuy
luxembourg,Apartment,https://immovlan.be/en/detail/apartment/for-sale/6900/aye/vbd59338,vbd59338,apartment,for-sale,6900,aye
luxembourg,Apartment,https://immovlan.be/en/detail/apartment/for-sale/6800/libramont-chevigny/vbd78118,vbd78118,apartment,for-sale,6800,libramont-chevigny
luxembourg,Apartment,https://immovlan.be/en/detail/apartment/for-sale/6600/bastogne/vbd77851,vbd77851,apartment,for-sale,6600,bastogne
luxembourg,House,https://immovlan.be/en/detail/residence/for-sale/6700/arlon/vbd38950,vbd38950,residence,for-sale,6700,arlon
luxembourg,Apartment,https://immovlan.be/en/detail/apartment/for-sale/6900/waha/vwd16076,vwd16076,apartment,for-sale,6900,waha
luxembourg,Apartment,https://immovlan.be/en/detail/apartment/for-sale/6940/barvaux-sur-ourthe/vbc33292,vbc33292,apartment,for-sale,6940,barvaux-sur-ourthe
luxembourg,House,https://immovlan.be/en/detail/mixed-building/for-sale/6600/bastogne/vbd76628,vbd76628,mixed-building,for-sale,6600,bastogne
luxembourg,House,https://immovlan.be/en/detail/residence/for-sale/6900/hargimont/vbd75255,vbd75255,residence,for-sale,6900,hargimont
luxembourg,House,https://immovlan.be/en/detail/residence/for-sale/6870/awenne/vbd74309,vbd74309,residence,for-sale,6870,awenne
luxembourg,House,https://immovlan.be/en/detail/mixed-building/for-sale/6791/athus/vbd74265,vbd74265,mixed-building,for-sale,6791,athus
luxembourg,House,https://immovlan.be/en/detail/residence/for-sale/6791/athus/vbd31102,vbd31102,residence,for-sale,6791,athus
luxembourg,House,https://immovlan.be/en/detail/residence/for-sale/6780/messancy/vbc85121,vbc85121,residence,for-sale,6780,messancy
luxembourg,House,https://immovlan.be/en/detail/residence/for-sale/6887/herbeumont/vbd71170,vbd71170,residence,for-sale,6887,herbeumont
luxembourg,House,https://immovlan.be/en/detail/residence/for-sale/6953/ambly/vbd70615,vbd70615,residence,for-sale,6953,ambly
luxembourg,House,https://immovlan.be/en/detail/residence/for-sale/6990/hotton/vbd70614,vbd70614,residence,for-sale,6990,hotton
luxembourg,House,https://immovlan.be/en/detail/villa/for-sale/6951/bande/vbd69856,vbd69856,villa,for-sale,6951,bande
luxembourg,House,https://immovlan.be/en/detail/residence/for-sale/6660/houffalize/vbd68895,vbd68895,residence,for-sale,6660,houffalize
luxembourg,Apartment,https://immovlan.be/en/detail/apartment/for-sale/6940/durbuy/vbd67448,vbd67448,apartment,for-sale,6940,durbuy
luxembourg,House,https://immovlan.be/en/detail/mixed-building/for-sale/6880/bertrix/vbd67101,vbd67101,mixed-building,for-sale,6880,bertrix
luxembourg,House,https://immovlan.be/en/detail/residence/for-sale/6890/libin/vbd52301,vbd52301,residence,for-sale,6890,libin
luxembourg,House,https://immovlan.be/en/detail/villa/for-sale/6769/meix-devant-virton/vbd65899,vbd65899,villa,for-sale,6769,meix-devant-virton
luxembourg,Apartment,https://immovlan.be/en/detail/ground-floor/for-sale/6700/arlon/vbd65801,vbd65801,ground-floor,for-sale,6700,arlon
luxembourg,Apartment,https://immovlan.be/en/detail/apartment/for-sale/6870/saint-hubert/vbd65481,vbd65481,apartment,for-sale,6870,saint-hubert
luxembourg,Apartment,https://immovlan.be/en/detail/penthouse/for-sale/6870/saint-hubert/vbd65480,vbd65480,penthouse,for-sale,6870,saint-hubert
luxembourg,Apartment,https://immovlan.be/en/detail/apartment/for-sale/6870/saint-hubert/vbd65154,vbd65154,apartment,for-sale,6870,saint-hubert
luxembourg,House,https://immovlan.be/en/detail/residence/for-sale/6950/nassogne/vbd64842,vbd64842,residence,for-sale,6950,nassogne
luxembourg,House,https://immovlan.be/en/detail/residence/for-sale/6951/bande/vbd64841,vbd64841,residence,for-sale,6951,bande
luxembourg,House,https://immovlan.be/en/detail/mixed-building/for-sale/6900/marche-en-famenne/vbd64624,vbd64624,mixed-building,for-sale,6900,marche-en-famenne
luxembourg,House,https://immovlan.be/en/detail/residence/for-sale/6690/vielsalm/vbd62029,vbd62029,residence,for-sale,6690,vielsalm
luxembourg,House,https://immovlan.be/en/detail/residence/for-sale/6900/marche-en-famenne/vbd61689,vbd61689,residence,for-sale,6900,marche-en-famenne
luxembourg,House,https://immovlan.be/en/detail/residence/for-sale/6666/wibrin/vbd60409,vbd60409,residence,for-sale,6666,wibrin
luxembourg,House,https://immovlan.be/en/detail/residence/for-sale/6780/messancy/vwd15018,vwd15018,residence,for-sale,6780,messancy
luxembourg,Apartment,https://immovlan.be/en/detail/apartment/for-sale/6660/houffalize/rbu81954,rbu81954,apartment,for-sale,6660,houffalize
luxembourg,Apartment,https://immovlan.be/en/detail/apartment/for-sale/6791/athus/vwd15794,vwd15794,apartment,for-sale,6791,athus
luxembourg,House,https://immovlan.be/en/detail/residence/for-sale/6600/bastogne/vbd56079,vbd56079,residence,for-sale,6600,bastogne
luxembourg,House,https://immovlan.be/en/detail/residence/for-sale/6661/mont/vbd55629,vbd55629,residence,for-sale,6661,mont
luxembourg,House,https://immovlan.be/en/detail/residence/for-sale/6920/wellin/vbd54736,vbd54736,residence,for-sale,6920,wellin
luxembourg,House,https://immovlan.be/en/detail/residence/for-sale/6687/bertogne/vbd54698,vbd54698,residence,for-sale,6687,bertogne
luxembourg,House,https://immovlan.be/en/detail/chalet/for-sale/6670/gouvy/vbd54052,vbd54052,chalet,for-sale,6670,gouvy
luxembourg,House,https://immovlan.be/en/detail/residence/for-sale/6941/durbuy/vbd52329,vbd52329,residence,for-sale,6941,durbuy
luxembourg,House,https://immovlan.be/en/detail/residence/for-sale/6941/durbuy/vbd52328,vbd52328,residence,for-sale,6941,durbuy
luxembourg,House,https://immovlan.be/en/detail/residence/for-sale/6830/bouillon/vbd51910,vbd51910,residence,for-sale,6830,bouillon
luxembourg,House,https://immovlan.be/en/detail/residence/for-sale/6790/aubange/vbd51285,vbd51285,residence,for-sale,6790,aubange
luxembourg,House,https://immovlan.be/en/detail/bungalow/for-sale/6940/durbuy/vbc46332,vbc46332,bungalow,for-sale,6940,durbuy
luxembourg,House,https://immovlan.be/en/detail/residence/for-sale/6980/beausaint/vbd51002,vbd51002,residence,for-sale,6980,beausaint
luxembourg,House,https://immovlan.be/en/detail/residence/for-sale/6760/virton/vbd50116,vbd50116,residence,for-sale,6760,virton
luxembourg,House,https://immovlan.be/en/detail/mansion/for-sale/6700/arlon/vbb54282,vbb54282,mansion,for-sale,6700,arlon
luxembourg,House,https://immovlan.be/en/detail/residence/for-sale/6724/houdemont/vbd48239,vbd48239,residence,for-sale,6724,houdemont
luxembourg,House,https://immovlan.be/en/detail/residence/for-sale/6900/marche-en-famenne/vbd46305,vbd46305,residence,for-sale,6900,marche-en-famenne
luxembourg,House,https://immovlan.be/en/detail/residence/for-sale/6670/gouvy/vbd45017,vbd45017,residence,for-sale,6670,gouvy
luxembourg,House,https://immovlan.be/en/detail/chalet/for-sale/6940/barvaux-sur-ourthe/vbd40656,vbd40656,chalet,for-sale,6940,barvaux-sur-ourthe
luxembourg,House,https://immovlan.be/en/detail/residence/for-sale/6940/durbuy/vbd38681,vbd38681,residence,for-sale,6940,durbuy
luxembourg,House,https://immovlan.be/en/detail/villa/for-sale/6820/florenville/vwd15075,vwd15075,villa,for-sale,6820,florenville
luxembourg,Apartment,https://immovlan.be/en/detail/apartment/for-sale/6980/la-roche-en-ardenne/vbd31743,vbd31743,apartment,for-sale,6980,la-roche-en-ardenne
luxembourg,Apartment,https://immovlan.be/en/detail/apartment/for-sale/6980/la-roche-en-ardenne/vbd31742,vbd31742,apartment,for-sale,6980,la-roche-en-ardenne
luxembourg,Apartment,https://immovlan.be/en/detail/apartment/for-sale/6980/la-roche-en-ardenne/vbd31741,vbd31741,apartment,for-sale,6980,la-roche-en-ardenne
luxembourg,Apartment,https://immovlan.be/en/detail/apartment/for-sale/6980/la-roche-en-ardenne/vbd31740,vbd31740,apartment,for-sale,6980,la-roche-en-ardenne
luxembourg,House,https://immovlan.be/en/detail/residence/for-sale/6700/arlon/vbc92895,vbc92895,residence,for-sale,6700,arlon
luxembourg,House,https://immovlan.be/en/detail/residence/for-sale/6980/la-roche-en-ardenne/vbd30007,vbd30007,residence,for-sale,6980,la-roche-en-ardenne
luxembourg,House,https://immovlan.be/en/detail/residence/for-sale/6997/erezee/vbd27946,vbd27946,residence,for-sale,6997,erezee
luxembourg,House,https://immovlan.be/en/detail/residence/for-sale/6997/erezee/vbd27945,vbd27945,residence,for-sale,6997,erezee
luxembourg,House,https://immovlan.be/en/detail/residence/for-sale/6890/libin/vbd22679,vbd22679,residence,for-sale,6890,libin
luxembourg,House,https://immovlan.be/en/detail/residence/for-sale/6830/poupehan/vwd14860,vwd14860,residence,for-sale,6830,poupehan
luxembourg,House,https://immovlan.be/en/detail/residence/for-sale/6670/gouvy/vbd25337,vbd25337,residence,for-sale,6670,gouvy
luxembourg,Apartment,https://immovlan.be/en/detail/apartment/for-sale/6900/marche-en-famenne/vbd20128,vbd20128,apartment,for-sale,6900,marche-en-famenne
luxembourg,Apartment,https://immovlan.be/en/detail/apartment/for-sale/6690/vielsalm/vbd20127,vbd20127,apartment,for-sale,6690,vielsalm
luxembourg,House,https://immovlan.be/en/detail/residence/for-sale/6900/marche-en-famenne/vbd16284,vbd16284,residence,for-sale,6900,marche-en-famenne
luxembourg,House,https://immovlan.be/en/detail/residence/for-sale/6661/mont/vbd12526,vbd12526,residence,for-sale,6661,mont
luxembourg,House,https://immovlan.be/en/detail/residence/for-sale/6940/durbuy/vbd11751,vbd11751,residence,for-sale,6940,durbuy
luxembourg,House,https://immovlan.be/en/detail/residence/for-sale/6940/durbuy/vbd11750,vbd11750,residence,for-sale,6940,durbuy
luxembourg,Apartment,https://immovlan.be/en/detail/ground-floor/for-sale/6700/arlon/vbd11711,vbd11711,ground-floor,for-sale,6700,arlon
luxembourg,House,https://immovlan.be/en/detail/chalet/for-sale/6987/beffe/vbd09664,vbd09664,chalet,for-sale,6987,beffe
luxembourg,House,https://immovlan.be/en/detail/residence/for-sale/6687/bertogne/vbd07771,vbd07771,residence,for-sale,6687,bertogne
luxembourg,House,https://immovlan.be/en/detail/residence/for-sale/6980/la-roche-en-ardenne/vbd05770,vbd05770,residence,for-sale,6980,la-roche-en-ardenne
luxembourg,House,https://immovlan.be/en/detail/residence/for-sale/6980/la-roche-en-ardenne/vbd03984,vbd03984,residence,for-sale,6980,la-roche-en-ardenne
luxembourg,House,https://immovlan.be/en/detail/mixed-building/for-sale/6660/houffalize/vbd02023,vbd02023,mixed-building,for-sale,6660,houffalize
luxembourg,House,https://immovlan.be/en/detail/chalet/for-sale/6987/beffe/vbc31428,vbc31428,chalet,for-sale,6987,beffe
luxembourg,House,https://immovlan.be/en/detail/mixed-building/for-sale/6870/awenne/vbc99696,vbc99696,mixed-building,for-sale,6870,awenne
luxembourg,House,https://immovlan.be/en/detail/residence/for-sale/6769/meix-devant-virton/vbc93438,vbc93438,residence,for-sale,6769,meix-devant-virton
luxembourg,House,https://immovlan.be/en/detail/villa/for-sale/6870/saint-hubert/vbc93063,vbc93063,villa,for-sale,6870,saint-hubert
luxembourg,House,https://immovlan.be/en/detail/residence/for-sale/6940/durbuy/vbc92912,vbc92912,residence,for-sale,6940,durbuy
luxembourg,House,https://immovlan.be/en/detail/residence/for-sale/6940/durbuy/vbc91912,vbc91912,residence,for-sale,6940,durbuy
luxembourg,Apartment,https://immovlan.be/en/detail/apartment/for-sale/6760/virton/vbc89600,vbc89600,apartment,for-sale,6760,virton
luxembourg,Apartment,https://immovlan.be/en/detail/ground-floor/for-sale/6880/bertrix/vbc82917,vbc82917,ground-floor,for-sale,6880,bertrix
luxembourg,House,https://immovlan.be/en/detail/residence/for-sale/6850/paliseul/vbc79017,vbc79017,residence,for-sale,6850,paliseul
luxembourg,House,https://immovlan.be/en/detail/residence/for-sale/6830/poupehan/vbc76411,vbc76411,residence,for-sale,6830,poupehan
luxembourg,House,https://immovlan.be/en/detail/residence/for-sale/6830/bouillon/vbc74923,vbc74923,residence,for-sale,6830,bouillon
luxembourg,House,https://immovlan.be/en/detail/residence/for-sale/6700/arlon/vbc74868,vbc74868,residence,for-sale,6700,arlon
luxembourg,House,https://immovlan.be/en/detail/cottage/for-sale/6860/leglise/vwd13389,vwd13389,cottage,for-sale,6860,leglise
luxembourg,Apartment,https://immovlan.be/en/detail/apartment/for-sale/6700/arlon/vbc73643,vbc73643,apartment,for-sale,6700,arlon
luxembourg,Apartment,https://immovlan.be/en/detail/apartment/for-sale/6700/arlon/vbc72563,vbc72563,apartment,for-sale,6700,arlon
luxembourg,Apartment,https://immovlan.be/en/detail/apartment/for-sale/6700/arlon/vbc72562,vbc72562,apartment,for-sale,6700,arlon
luxembourg,Apartment,https://immovlan.be/en/detail/apartment/for-sale/6700/arlon/vbc72554,vbc72554,apartment,for-sale,6700,arlon
luxembourg,Apartment,https://immovlan.be/en/detail/apartment/for-sale/6700/arlon/vbc72553,vbc72553,apartment,for-sale,6700,arlon
luxembourg,House,https://immovlan.be/en/detail/residence/for-sale/6940/weris/vbc69335,vbc69335,residence,for-sale,6940,weris
luxembourg,House,https://immovlan.be/en/detail/mixed-building/for-sale/6760/virton/vbc64018,vbc64018,mixed-building,for-sale,6760,virton
luxembourg,Apartment,https://immovlan.be/en/detail/apartment/for-sale/6940/durbuy/vbc51843,vbc51843,apartment,for-sale,6940,durbuy
luxembourg,Apartment,https://immovlan.be/en/detail/apartment/for-sale/6940/barvaux-sur-ourthe/vbc33294,vbc33294,apartment,for-sale,6940,barvaux-sur-ourthe
luxembourg,Apartment,https://immovlan.be/en/detail/apartment/for-sale/6940/barvaux-sur-ourthe/vbc33293,vbc33293,apartment,for-sale,6940,barvaux-sur-ourthe
luxembourg,Apartment,https://immovlan.be/en/detail/apartment/for-sale/6940/barvaux-sur-ourthe/vbc33288,vbc33288,apartment,for-sale,6940,barvaux-sur-ourthe
luxembourg,Apartment,https://immovlan.be/en/detail/apartment/for-sale/6940/barvaux-sur-ourthe/vbc33287,vbc33287,apartment,for-sale,6940,barvaux-sur-ourthe
luxembourg,Apartment,https://immovlan.be/en/detail/apartment/for-sale/6940/barvaux-sur-ourthe/vbc33285,vbc33285,apartment,for-sale,6940,barvaux-sur-ourthe
luxembourg,Apartment,https://immovlan.be/en/detail/apartment/for-sale/6690/vielsalm/vbc19283,vbc19283,apartment,for-sale,6690,vielsalm
luxembourg,Apartment,https://immovlan.be/en/detail/ground-floor/for-sale/6700/arlon/vwd10758,vwd10758,ground-floor,for-sale,6700,arlon
luxembourg,Apartment,https://immovlan.be/en/detail/penthouse/for-sale/6940/durbuy/vba30385,vba30385,penthouse,for-sale,6940,durbuy
luxembourg,House,https://immovlan.be/en/detail/residence/for-sale/6760/virton/vaz07615,vaz07615,residence,for-sale,6760,virton
luxembourg,House,https://immovlan.be/en/detail/residence/for-sale/6860/leglise/vwd03452,vwd03452,residence,for-sale,6860,leglise
luxembourg,Apartment,https://immovlan.be/en/detail/apartment/for-sale/6951/bande/vbe15608,vbe15608,apartment,for-sale,6951,bande
luxembourg,Apartment,https://immovlan.be/en/detail/apartment/for-sale/6690/vielsalm/vbe15607,vbe15607,apartment,for-sale,6690,vielsalm
luxembourg,House,https://immovlan.be/en/detail/residence/for-sale/6640/vaux-sur-sure/vbe09300,vbe09300,residence,for-sale,6640,vaux-sur-sure
luxembourg,House,https://immovlan.be/en/detail/residence/for-sale/6640/vaux-sur-sure/vbe09299,vbe09299,residence,for-sale,6640,vaux-sur-sure
luxembourg,House,https://immovlan.be/en/detail/residence/for-sale/6640/vaux-sur-sure/vbe09298,vbe09298,residence,for-sale,6640,vaux-sur-sure
luxembourg,House,https://immovlan.be/en/detail/residence/for-sale/6640/vaux-sur-sure/vbe09297,vbe09297,residence,for-sale,6640,vaux-sur-sure
luxembourg,House,https://immovlan.be/en/detail/bungalow/for-sale/6940/durbuy/vbc55716,vbc55716,bungalow,for-sale,6940,durbuy
luxembourg,House,https://immovlan.be/en/detail/residence/for-sale/6880/bertrix/vwd16992,vwd16992,residence,for-sale,6880,bertrix
luxembourg,House,https://immovlan.be/en/detail/residence/for-sale/6660/houffalize/vbd84132,vbd84132,residence,for-sale,6660,houffalize
luxembourg,Apartment,https://immovlan.be/en/detail/apartment/for-sale/6800/libramont/vwd16513,vwd16513,apartment,for-sale,6800,libramont
luxembourg,House,https://immovlan.be/en/detail/residence/for-sale/6990/fronville/vbd79315,vbd79315,residence,for-sale,6990,fronville
luxembourg,House,https://immovlan.be/en/detail/bungalow/for-sale/6940/durbuy/vbd75719,vbd75719,bungalow,for-sale,6940,durbuy
luxembourg,House,https://immovlan.be/en/detail/residence/for-sale/6640/morhet/vbd75432,vbd75432,residence,for-sale,6640,morhet
luxembourg,House,https://immovlan.be/en/detail/residence/for-sale/6900/marche-en-famenne/vbd73019,vbd73019,residence,for-sale,6900,marche-en-famenne
luxembourg,House,https://immovlan.be/en/detail/residence/for-sale/6661/mont/vbd70513,vbd70513,residence,for-sale,6661,mont
luxembourg,Apartment,https://immovlan.be/en/detail/apartment/for-sale/6940/durbuy/vbd67447,vbd67447,apartment,for-sale,6940,durbuy
luxembourg,House,https://immovlan.be/en/detail/residence/for-sale/6970/tenneville/vbd66345,vbd66345,residence,for-sale,6970,tenneville
luxembourg,House,https://immovlan.be/en/detail/villa/for-sale/6800/libramont-chevigny/vbd55238,vbd55238,villa,for-sale,6800,libramont-chevigny
luxembourg,House,https://immovlan.be/en/detail/residence/for-sale/6670/limerle/vbd63989,vbd63989,residence,for-sale,6670,limerle
luxembourg,House,https://immovlan.be/en/detail/residence/for-sale/6960/dochamps/vbd63679,vbd63679,residence,for-sale,6960,dochamps
luxembourg,Apartment,https://immovlan.be/en/detail/studio/for-sale/6600/bastogne/vbd61903,vbd61903,studio,for-sale,6600,bastogne
luxembourg,House,https://immovlan.be/en/detail/residence/for-sale/6990/hotton/vbd59695,vbd59695,residence,for-sale,6990,hotton
luxembourg,House,https://immovlan.be/en/detail/residence/for-sale/6640/vaux-sur-sure/vbd57910,vbd57910,residence,for-sale,6640,vaux-sur-sure
luxembourg,Apartment,https://immovlan.be/en/detail/apartment/for-sale/6600/bastogne/vbd57472,vbd57472,apartment,for-sale,6600,bastogne
luxembourg,Apartment,https://immovlan.be/en/detail/apartment/for-sale/6940/durbuy/vbd02079,vbd02079,apartment,for-sale,6940,durbuy
luxembourg,House,https://immovlan.be/en/detail/bungalow/for-sale/6940/durbuy/vba54991,vba54991,bungalow,for-sale,6940,durbuy
luxembourg,House,https://immovlan.be/en/detail/residence/for-sale/6660/houffalize/vbd50314,vbd50314,residence,for-sale,6660,houffalize
luxembourg,House,https://immovlan.be/en/detail/residence/for-sale/6640/vaux-sur-sure/vbd44269,vbd44269,residence,for-sale,6640,vaux-sur-sure
luxembourg,House,https://immovlan.be/en/detail/cottage/for-sale/6900/marche-en-famenne/vbd43009,vbd43009,cottage,for-sale,6900,marche-en-famenne
luxembourg,House,https://immovlan.be/en/detail/residence/for-sale/6660/houffalize/vbd42727,vbd42727,residence,for-sale,6660,houffalize
luxembourg,House,https://immovlan.be/en/detail/villa/for-sale/6850/paliseul/vbd41596,vbd41596,villa,for-sale,6850,paliseul
luxembourg,House,https://immovlan.be/en/detail/residence/for-sale/6850/paliseul/vbd41310,vbd41310,residence,for-sale,6850,paliseul
luxembourg,House,https://immovlan.be/en/detail/residence/for-sale/6640/vaux-sur-sure/vbd39855,vbd39855,residence,for-sale,6640,vaux-sur-sure
luxembourg,House,https://immovlan.be/en/detail/residence/for-sale/6630/martelange/vbd36955,vbd36955,residence,for-sale,6630,martelange
luxembourg,House,https://immovlan.be/en/detail/residence/for-sale/6600/bastogne/vbd32721,vbd32721,residence,for-sale,6600,bastogne
luxembourg,House,https://immovlan.be/en/detail/residence/for-sale/6970/tenneville/vbd31148,vbd31148,residence,for-sale,6970,tenneville
luxembourg,Apartment,https://immovlan.be/en/detail/apartment/for-sale/6940/durbuy/vbc99748,vbc99748,apartment,for-sale,6940,durbuy
luxembourg,House,https://immovlan.be/en/detail/residence/for-sale/6941/bomal/vbd29920,vbd29920,residence,for-sale,6941,bomal
luxembourg,House,https://immovlan.be/en/detail/cottage/for-sale/6680/sainte-ode/vbd29590,vbd29590,cottage,for-sale,6680,sainte-ode
luxembourg,House,https://immovlan.be/en/detail/residence/for-sale/6800/libramont-chevigny/vbd28132,vbd28132,residence,for-sale,6800,libramont-chevigny
luxembourg,House,https://immovlan.be/en/detail/residence/for-sale/6600/bastogne/vbd23972,vbd23972,residence,for-sale,6600,bastogne
luxembourg,House,https://immovlan.be/en/detail/bungalow/for-sale/6940/durbuy/vbd23198,vbd23198,bungalow,for-sale,6940,durbuy
luxembourg,House,https://immovlan.be/en/detail/residence/for-sale/6640/morhet/vbd22776,vbd22776,residence,for-sale,6640,morhet
luxembourg,House,https://immovlan.be/en/detail/chalet/for-sale/6940/barvaux-sur-ourthe/vbd21525,vbd21525,chalet,for-sale,6940,barvaux-sur-ourthe
luxembourg,House,https://immovlan.be/en/detail/villa/for-sale/6870/saint-hubert/vbd20347,vbd20347,villa,for-sale,6870,saint-hubert
luxembourg,House,https://immovlan.be/en/detail/residence/for-sale/6940/durbuy/vbd16513,vbd16513,residence,for-sale,6940,durbuy
luxembourg,House,https://immovlan.be/en/detail/residence/for-sale/6940/durbuy/vbd13904,vbd13904,residence,for-sale,6940,durbuy
luxembourg,House,https://immovlan.be/en/detail/residence/for-sale/6600/bastogne/vbd11417,vbd11417,residence,for-sale,6600,bastogne
luxembourg,House,https://immovlan.be/en/detail/chalet/for-sale/6997/erezee/vbd10939,vbd10939,chalet,for-sale,6997,erezee
luxembourg,Apartment,https://immovlan.be/en/detail/apartment/for-sale/6940/durbuy/vbd10413,vbd10413,apartment,for-sale,6940,durbuy
luxembourg,House,https://immovlan.be/en/detail/chalet/for-sale/6940/weris/vbc84108,vbc84108,chalet,for-sale,6940,weris
luxembourg,House,https://immovlan.be/en/detail/residence/for-sale/6980/la-roche-en-ardenne/vbd09527,vbd09527,residence,for-sale,6980,la-roche-en-ardenne
luxembourg,House,https://immovlan.be/en/detail/residence/for-sale/6640/vaux-sur-sure/vbd09526,vbd09526,residence,for-sale,6640,vaux-sur-sure
luxembourg,House,https://immovlan.be/en/detail/residence/for-sale/6860/ebly/vbd09468,vbd09468,residence,for-sale,6860,ebly
luxembourg,House,https://immovlan.be/en/detail/cottage/for-sale/6870/saint-hubert/vbd08028,vbd08028,cottage,for-sale,6870,saint-hubert
luxembourg,House,https://immovlan.be/en/detail/residence/for-sale/6690/vielsalm/vbd07762,vbd07762,residence,for-sale,6690,vielsalm
luxembourg,House,https://immovlan.be/en/detail/villa/for-sale/6640/vaux-sur-sure/vbd07755,vbd07755,villa,for-sale,6640,vaux-sur-sure
luxembourg,House,https://immovlan.be/en/detail/villa/for-sale/6800/libramont-chevigny/vbd07754,vbd07754,villa,for-sale,6800,libramont-chevigny
luxembourg,House,https://immovlan.be/en/detail/residence/for-sale/6850/paliseul/vbd07753,vbd07753,residence,for-sale,6850,paliseul
luxembourg,House,https://immovlan.be/en/detail/villa/for-sale/6951/bande/vbd07737,vbd07737,villa,for-sale,6951,bande
luxembourg,House,https://immovlan.be/en/detail/residence/for-sale/6640/vaux-sur-sure/vbd07735,vbd07735,residence,for-sale,6640,vaux-sur-sure
luxembourg,House,https://immovlan.be/en/detail/villa/for-sale/6951/bande/vbd07729,vbd07729,villa,for-sale,6951,bande
luxembourg,House,https://immovlan.be/en/detail/villa/for-sale/6840/longlier/vbd07728,vbd07728,villa,for-sale,6840,longlier
luxembourg,House,https://immovlan.be/en/detail/villa/for-sale/6690/vielsalm/vbd07725,vbd07725,villa,for-sale,6690,vielsalm
luxembourg,House,https://immovlan.be/en/detail/villa/for-sale/6840/tournay/vbd07719,vbd07719,villa,for-sale,6840,tournay
luxembourg,House,https://immovlan.be/en/detail/residence/for-sale/6870/saint-hubert/vbd07715,vbd07715,residence,for-sale,6870,saint-hubert
luxembourg,House,https://immovlan.be/en/detail/chalet/for-sale/6680/amberloup/vbd07714,vbd07714,chalet,for-sale,6680,amberloup
luxembourg,House,https://immovlan.be/en/detail/residence/for-sale/6690/vielsalm/vbd07713,vbd07713,residence,for-sale,6690,vielsalm
luxembourg,House,https://immovlan.be/en/detail/villa/for-sale/6960/dochamps/vbd07708,vbd07708,villa,for-sale,6960,dochamps
luxembourg,House,https://immovlan.be/en/detail/residence/for-sale/6950/harsin/vbd07706,vbd07706,residence,for-sale,6950,harsin
luxembourg,House,https://immovlan.be/en/detail/cottage/for-sale/6670/gouvy/vbd07701,vbd07701,cottage,for-sale,6670,gouvy
luxembourg,House,https://immovlan.be/en/detail/bungalow/for-sale/6940/barvaux-sur-ourthe/vbd07700,vbd07700,bungalow,for-sale,6940,barvaux-sur-ourthe
luxembourg,House,https://immovlan.be/en/detail/chalet/for-sale/6680/amberloup/vbd07697,vbd07697,chalet,for-sale,6680,amberloup
luxembourg,House,https://immovlan.be/en/detail/residence/for-sale/6924/lomprez/vbd07695,vbd07695,residence,for-sale,6924,lomprez
luxembourg,House,https://immovlan.be/en/detail/residence/for-sale/6980/la-roche-en-ardenne/vbd07694,vbd07694,residence,for-sale,6980,la-roche-en-ardenne
luxembourg,House,https://immovlan.be/en/detail/chalet/for-sale/6940/barvaux-sur-ourthe/vbd07691,vbd07691,chalet,for-sale,6940,barvaux-sur-ourthe
luxembourg,House,https://immovlan.be/en/detail/villa/for-sale/6951/bande/vbd07690,vbd07690,villa,for-sale,6951,bande
luxembourg,House,https://immovlan.be/en/detail/cottage/for-sale/6980/la-roche-en-ardenne/vbd07689,vbd07689,cottage,for-sale,6980,la-roche-en-ardenne
